"url","page_type","indexability","http_status","canonical_url","title_tag","meta_description","h1","major_headings","approximate_content_depth","target_keyword","structured_data","internal_links","seo_problems","recommended_action","priority"
"https://luckyinteriorsfurniture.com/","homepage","Indexable; initial HTML available but React content requires JS","200","https://luckyinteriorsfurniture.com/","Lucky Interiors Furniture | Furniture Store in Mumbai","Browse sofas, beds, dining sets, wardrobes, storage furniture, and home essentials from Lucky Interiors Furniture in Mumbai. Enquire on WhatsApp or call the store.","Living room sets, bedroom furniture, dining and storage options.","Shop By Categories; A small shortlist to start with; Store experience; Need help choosing; Visit the store","Thin commercial homepage; mostly component/card copy","furniture store in Mumbai","Client-rendered FurnitureStore with unverified fields","Header categories; 16 category cards; featured products; contact","Weak generic H1; thin local/commercial copy; unconditional client-only schema; business claims require verification","Prerender; replace title/H1/copy; add verified entity, category, compact-home and trust sections","P1"
"https://luckyinteriorsfurniture.com/contact","contact","Indexable after JS; raw HTML canonical points to homepage","200","https://luckyinteriorsfurniture.com/contact","Contact Us | Lucky Interiors Furniture","Contact Lucky Interiors Furniture for furniture sales, product queries, quotes, availability, delivery details, and store visit support.","Tell us what you are looking for.","Store contact; Sales and quotes; Product queries; Visit the store","Moderate conversion page","Lucky Interiors contact","Client-rendered ContactPage + FurnitureStore + Breadcrumb","Homepage breadcrumb; WhatsApp; phone; email; map","Route identity depends on JS; address/hours/custom/delivery claims require verification","Prerender; reconcile NAP/GBP; retain only verified claims; add response expectations and priority category links","P1"
"https://luckyinteriorsfurniture.com/collections/sofas","category","Indexable after JS; raw HTML canonical points to homepage","200","https://luckyinteriorsfurniture.com/collections/sofas","Sofas | Lucky Interiors Furniture","Browse sofa styles for living rooms, lounges, and family seating. Browse sofas and enquire with Lucky Interiors Furniture in Mumbai.","Sofas","Available options; 61 products found; More Categories; Store experience; Visit the store","61 product cards; one-sentence category copy; thin buying guidance","sofas in Mumbai","Client-rendered CollectionPage + ItemList (12) + Breadcrumb + global FurnitureStore","Header/menu where present; product cards; first six other categories; WhatsApp; map","Raw HTML is homepage shell; generic title/meta; thin copy; internal starter-product wording; first-six related-link bias","Prerender and add unique Mumbai-aware intro, buying guidance, FAQs, related links and accurate filters","P1"
"https://luckyinteriorsfurniture.com/collections/beds","category","Indexable after JS; raw HTML canonical points to homepage","200","https://luckyinteriorsfurniture.com/collections/beds","Beds | Lucky Interiors Furniture","Explore bed options, storage beds, and bedroom furniture pairings. Browse beds and enquire with Lucky Interiors Furniture in Mumbai.","Beds","Available options; 8 products found; More Categories; Store experience; Visit the store","8 product cards; one-sentence category copy; thin buying guidance","beds in Mumbai","Client-rendered CollectionPage + ItemList (12) + Breadcrumb + global FurnitureStore","Header/menu where present; product cards; first six other categories; WhatsApp; map","Raw HTML is homepage shell; generic title/meta; thin copy; internal starter-product wording; first-six related-link bias","Prerender and add unique Mumbai-aware intro, buying guidance, FAQs, related links and accurate filters","P1"
"https://luckyinteriorsfurniture.com/collections/bedroom-sets","category","Indexable after JS; raw HTML canonical points to homepage","200","https://luckyinteriorsfurniture.com/collections/bedroom-sets","Bedroom Sets | Lucky Interiors Furniture","Complete bedroom sets with beds, wardrobes, dressing units, and storage options. Browse bedroom sets and enquire with Lucky Interiors Furniture in Mumbai.","Bedroom Sets","Available options; 41 products found; More Categories; Store experience; Visit the store","41 product cards; one-sentence category copy; thin buying guidance","bedroom furniture sets Mumbai","Client-rendered CollectionPage + ItemList (12) + Breadcrumb + global FurnitureStore","Header/menu where present; product cards; first six other categories; WhatsApp; map","Raw HTML is homepage shell; generic title/meta; thin copy; internal starter-product wording; first-six related-link bias","Prerender and add unique Mumbai-aware intro, buying guidance, FAQs, related links and accurate filters","P2"
"https://luckyinteriorsfurniture.com/collections/dining-sets","category","Indexable after JS; raw HTML canonical points to homepage","200","https://luckyinteriorsfurniture.com/collections/dining-sets","Dining Sets | Lucky Interiors Furniture","Dining tables and chairs for compact homes and family spaces. Browse dining sets and enquire with Lucky Interiors Furniture in Mumbai.","Dining Sets","Available options; 62 products found; More Categories; Store experience; Visit the store","62 product cards; one-sentence category copy; thin buying guidance","dining tables in Mumbai","Client-rendered CollectionPage + ItemList (12) + Breadcrumb + global FurnitureStore","Header/menu where present; product cards; first six other categories; WhatsApp; map","Raw HTML is homepage shell; generic title/meta; thin copy; internal starter-product wording; first-six related-link bias","Prerender and add unique Mumbai-aware intro, buying guidance, FAQs, related links and accurate filters","P1"
"https://luckyinteriorsfurniture.com/collections/study-tables","category","Indexable after JS; raw HTML canonical points to homepage","200","https://luckyinteriorsfurniture.com/collections/study-tables","Study Tables | Lucky Interiors Furniture","Study desks and work tables for students and home offices. Browse study tables and enquire with Lucky Interiors Furniture in Mumbai.","Study Tables","Available options; 4 products found; More Categories; Store experience; Visit the store","4 product cards; one-sentence category copy; thin buying guidance","study table Mumbai","Client-rendered CollectionPage + ItemList (12) + Breadcrumb + global FurnitureStore","Header/menu where present; product cards; first six other categories; WhatsApp; map","Raw HTML is homepage shell; generic title/meta; thin copy; internal starter-product wording; first-six related-link bias","Prerender and add unique Mumbai-aware intro, buying guidance, FAQs, related links and accurate filters","P1 hold"
"https://luckyinteriorsfurniture.com/collections/centre-tables","category","Indexable after JS; raw HTML canonical points to homepage","200","https://luckyinteriorsfurniture.com/collections/centre-tables","Centre Tables | Lucky Interiors Furniture","Centre tables and accent tables for everyday living room use. Browse centre tables and enquire with Lucky Interiors Furniture in Mumbai.","Centre Tables","Available options; 100 products found; More Categories; Store experience; Visit the store","100 product cards; one-sentence category copy; thin buying guidance","centre table Mumbai","Client-rendered CollectionPage + ItemList (12) + Breadcrumb + global FurnitureStore","Header/menu where present; product cards; first six other categories; WhatsApp; map","Raw HTML is homepage shell; generic title/meta; thin copy; internal starter-product wording; first-six related-link bias","Prerender and add unique Mumbai-aware intro, buying guidance, FAQs, related links and accurate filters","P1"
"https://luckyinteriorsfurniture.com/collections/recliners","category","Indexable after JS; raw HTML canonical points to homepage","200","https://luckyinteriorsfurniture.com/collections/recliners","Recliners | Lucky Interiors Furniture","Comfort seating and recliner-inspired lounge furniture options. Browse recliners and enquire with Lucky Interiors Furniture in Mumbai.","Recliners","Available options; 16 products found; More Categories; Store experience; Visit the store","16 product cards; one-sentence category copy; thin buying guidance","recliner chair Mumbai","Client-rendered CollectionPage + ItemList (12) + Breadcrumb + global FurnitureStore","Header/menu where present; product cards; first six other categories; WhatsApp; map","Raw HTML is homepage shell; generic title/meta; thin copy; internal starter-product wording; first-six related-link bias","Prerender and add unique Mumbai-aware intro, buying guidance, FAQs, related links and accurate filters","P2"
"https://luckyinteriorsfurniture.com/collections/wardrobes","category","Indexable after JS; raw HTML canonical points to homepage","200","https://luckyinteriorsfurniture.com/collections/wardrobes","Wardrobes | Lucky Interiors Furniture","Wardrobes, sliding storage, mirror options, and bedroom organization. Browse wardrobes and enquire with Lucky Interiors Furniture in Mumbai.","Wardrobes","Available options; 59 products found; More Categories; Store experience; Visit the store","59 product cards; one-sentence category copy; thin buying guidance","wardrobes in Mumbai","Client-rendered CollectionPage + ItemList (12) + Breadcrumb + global FurnitureStore","Header/menu where present; product cards; first six other categories; WhatsApp; map","Raw HTML is homepage shell; generic title/meta; thin copy; internal starter-product wording; first-six related-link bias","Prerender and add unique Mumbai-aware intro, buying guidance, FAQs, related links and accurate filters","P1"
"https://luckyinteriorsfurniture.com/collections/cabinets-sideboards","category","Indexable after JS; raw HTML canonical points to homepage","200","https://luckyinteriorsfurniture.com/collections/cabinets-sideboards","TV Unit & Cabinets | Lucky Interiors Furniture","TV units, media cabinets, sideboards, and practical storage furniture. Browse tv unit & cabinets and enquire with Lucky Interiors Furniture in Mumbai.","TV Unit & Cabinets","Available options; 59 products found; More Categories; Store experience; Visit the store","59 product cards; one-sentence category copy; thin buying guidance","TV units in Mumbai","Client-rendered CollectionPage + ItemList (12) + Breadcrumb + global FurnitureStore","Header/menu where present; product cards; first six other categories; WhatsApp; map","Raw HTML is homepage shell; generic title/meta; thin copy; internal starter-product wording; first-six related-link bias","Prerender and add unique Mumbai-aware intro, buying guidance, FAQs, related links and accurate filters","P1"
"https://luckyinteriorsfurniture.com/collections/bookshelves","category","Indexable after JS; raw HTML canonical points to homepage","200","https://luckyinteriorsfurniture.com/collections/bookshelves","Bookshelves | Lucky Interiors Furniture","Bookshelves, bookcases, and display racks for organized rooms. Browse bookshelves and enquire with Lucky Interiors Furniture in Mumbai.","Bookshelves","Available options; 14 products found; More Categories; Store experience; Visit the store","14 product cards; one-sentence category copy; thin buying guidance","bookshelf Mumbai","Client-rendered CollectionPage + ItemList (12) + Breadcrumb + global FurnitureStore","Header/menu where present; product cards; first six other categories; WhatsApp; map","Raw HTML is homepage shell; generic title/meta; thin copy; internal starter-product wording; first-six related-link bias","Prerender and add unique Mumbai-aware intro, buying guidance, FAQs, related links and accurate filters","P2"
"https://luckyinteriorsfurniture.com/collections/office-furniture","category","Indexable after JS; raw HTML canonical points to homepage","200","https://luckyinteriorsfurniture.com/collections/office-furniture","Office Furniture | Lucky Interiors Furniture","Office chairs, desks, and work-from-home furniture options. Browse office furniture and enquire with Lucky Interiors Furniture in Mumbai.","Office Furniture","Available options; 60 products found; More Categories; Store experience; Visit the store","60 product cards; one-sentence category copy; thin buying guidance","office furniture Mumbai","Client-rendered CollectionPage + ItemList (12) + Breadcrumb + global FurnitureStore","Header/menu where present; product cards; first six other categories; WhatsApp; map","Raw HTML is homepage shell; generic title/meta; thin copy; internal starter-product wording; first-six related-link bias","Prerender and add unique Mumbai-aware intro, buying guidance, FAQs, related links and accurate filters","P2"
"https://luckyinteriorsfurniture.com/collections/chairs","category","Indexable after JS; raw HTML canonical points to homepage","200","https://luckyinteriorsfurniture.com/collections/chairs","Chairs | Lucky Interiors Furniture","Everyday chairs for flexible seating in homes, events, and casual spaces. Browse chairs and enquire with Lucky Interiors Furniture in Mumbai.","Chairs","Available options; 15 products found; More Categories; Store experience; Visit the store","15 product cards; one-sentence category copy; thin buying guidance","chairs in Mumbai","Client-rendered CollectionPage + ItemList (12) + Breadcrumb + global FurnitureStore","Header/menu where present; product cards; first six other categories; WhatsApp; map","Raw HTML is homepage shell; generic title/meta; thin copy; internal starter-product wording; first-six related-link bias","Prerender and add unique Mumbai-aware intro, buying guidance, FAQs, related links and accurate filters","P2"
"https://luckyinteriorsfurniture.com/collections/dressing-table","category","Indexable after JS; raw HTML canonical points to homepage","200","https://luckyinteriorsfurniture.com/collections/dressing-table","Dressing Tables | Lucky Interiors Furniture","Dressing tables with mirrors, storage cabinets, and practical bedroom organization. Browse dressing tables and enquire with Lucky Interiors Furniture in Mu...","Dressing Tables","Available options; 1 products found; More Categories; Store experience; Visit the store","1 product cards; one-sentence category copy; thin buying guidance","dressing table Mumbai","Client-rendered CollectionPage + ItemList (12) + Breadcrumb + global FurnitureStore","Header/menu where present; product cards; first six other categories; WhatsApp; map","Raw HTML is homepage shell; generic title/meta; thin copy; internal starter-product wording; first-six related-link bias","Prerender and add unique Mumbai-aware intro, buying guidance, FAQs, related links and accurate filters","P1 hold"
"https://luckyinteriorsfurniture.com/collections/outdoor-furniture","category","Indexable after JS; raw HTML canonical points to homepage","200","https://luckyinteriorsfurniture.com/collections/outdoor-furniture","Outdoor Furniture | Lucky Interiors Furniture","Garden sets, balcony seating, and outdoor furniture for relaxed open-air spaces. Browse outdoor furniture and enquire with Lucky Interiors Furniture in Mum...","Outdoor Furniture","Available options; 21 products found; More Categories; Store experience; Visit the store","21 product cards; one-sentence category copy; thin buying guidance","outdoor furniture Mumbai","Client-rendered CollectionPage + ItemList (12) + Breadcrumb + global FurnitureStore","Header/menu where present; product cards; first six other categories; WhatsApp; map","Raw HTML is homepage shell; generic title/meta; thin copy; internal starter-product wording; first-six related-link bias","Prerender and add unique Mumbai-aware intro, buying guidance, FAQs, related links and accurate filters","P2"
"https://luckyinteriorsfurniture.com/collections/swings","category","Indexable after JS; raw HTML canonical points to homepage","200","https://luckyinteriorsfurniture.com/collections/swings","Swings | Lucky Interiors Furniture","Hanging chairs and garden swings for balconies, terraces, and outdoor corners. Browse swings and enquire with Lucky Interiors Furniture in Mumbai.","Swings","Available options; 4 products found; More Categories; Store experience; Visit the store","4 product cards; one-sentence category copy; thin buying guidance","swing chair Mumbai","Client-rendered CollectionPage + ItemList (12) + Breadcrumb + global FurnitureStore","Header/menu where present; product cards; first six other categories; WhatsApp; map","Raw HTML is homepage shell; generic title/meta; thin copy; internal starter-product wording; first-six related-link bias","Prerender and add unique Mumbai-aware intro, buying guidance, FAQs, related links and accurate filters","P1 hold"
"https://luckyinteriorsfurniture.com/collections/shoe-racks","category","Currently indexable after JS; recommended noindex/exclude until inventory exists","200","https://luckyinteriorsfurniture.com/collections/shoe-racks","Shoe Racks | Lucky Interiors Furniture","Shoe racks and small-space storage options for organized homes. Browse shoe racks and enquire with Lucky Interiors Furniture in Mumbai.","Shoe Racks","Available options; 0 products found; More Categories; Store experience; Visit the store","0 product cards; one-sentence category copy; thin buying guidance","shoe rack Mumbai","Client-rendered CollectionPage + ItemList (12) + Breadcrumb + global FurnitureStore","Header/menu where present; product cards; first six other categories; WhatsApp; map","Raw HTML is homepage shell; generic title/meta; thin copy; internal starter-product wording; first-six related-link bias; zero inventory","Exclude from sitemap and noindex until real products and unique guidance exist","P1 hold"
"https://luckyinteriorsfurniture.com/products/brown-2-seater-sofa","product","Indexable after JS; raw HTML canonical points to homepage; quality approval recommended","200","https://luckyinteriorsfurniture.com/products/brown-2-seater-sofa","Brown 2-Seater Sofa | Lucky Interiors Furniture","A compact brown 2-seater sofa for everyday living room seating. Material: Leatherette upholstery. Dimensions: Ask for dimensions. Lucky Interiors Furniture...","Brown 2-Seater Sofa","Details and specifications; Highlights; Construction; Related Products; Visit the store","Approximately 26 product-specific words plus shared template copy","Brown 2-Seater Sofa","Client-rendered Product + Offer + Breadcrumb + global FurnitureStore","Breadcrumb to Sofas; related products; WhatsApp; phone; map","Raw HTML is homepage shell/canonical until JS; thin unique product content (~26 words); dimensions require verification; availability claim requires update ownership; Product/Offer and global FurnitureStore schema are client-only and may contain unsupported fields","Verify source/rights/facts; apply product quality gate; prerender; add unique dimensions, room fit, material, care, delivery/access and image metadata; condition Offer","P1 quality review"
"https://luckyinteriorsfurniture.com/products/darkbrown-2-seater-sofa","product","Indexable after JS; raw HTML canonical points to homepage; quality approval recommended","200","https://luckyinteriorsfurniture.com/products/darkbrown-2-seater-sofa","Dark Brown 2-Seater Sofa | Lucky Interiors Furniture","A premium dark brown leatherette 2-seater sofa with carpenter assembly and sturdy construction. Material: Premium leatherette upholstery. Dimensions: H 37...","Dark Brown 2-Seater Sofa","Details and specifications; Highlights; Construction; Related Products; Visit the store","Approximately 46 product-specific words plus shared template copy","Dark Brown 2-Seater Sofa","Client-rendered Product + Offer + Breadcrumb + global FurnitureStore","Breadcrumb to Sofas; related products; WhatsApp; phone; map","Raw HTML is homepage shell/canonical until JS; thin unique product content (~46 words); availability claim requires update ownership; Product/Offer and global FurnitureStore schema are client-only and may contain unsupported fields","Verify source/rights/facts; apply product quality gate; prerender; add unique dimensions, room fit, material, care, delivery/access and image metadata; condition Offer","P1 quality review"
"https://luckyinteriorsfurniture.com/products/comfort-3-seater-sofa","product","Indexable after JS; raw HTML canonical points to homepage; quality approval recommended","200","https://luckyinteriorsfurniture.com/products/comfort-3-seater-sofa","Comfort 3-Seater Sofa | Lucky Interiors Furniture","A family-friendly fabric sofa with comfortable depth and everyday durability. Material: Fabric upholstery, engineered wood frame. Dimensions: Approx. 78 in...","Comfort 3-Seater Sofa","Details and specifications; Highlights; Construction; Related Products; Visit the store","Approximately 33 product-specific words plus shared template copy","Comfort 3-Seater Sofa","Client-rendered Product + Offer + Breadcrumb + global FurnitureStore","Breadcrumb to Sofas; related products; WhatsApp; phone; map","Raw HTML is homepage shell/canonical until JS; thin unique product content (~33 words); no numeric public price; Offer must be omitted; availability claim requires update ownership; Product/Offer and global FurnitureStore schema are client-only and may contain unsupported fields","Verify source/rights/facts; apply product quality gate; prerender; add unique dimensions, room fit, material, care, delivery/access and image metadata; condition Offer","P1 quality review"
"https://luckyinteriorsfurniture.com/products/wooden-queen-bed","product","Indexable after JS; raw HTML canonical points to homepage; quality approval recommended","200","https://luckyinteriorsfurniture.com/products/wooden-queen-bed","Wooden Queen Bed | Lucky Interiors Furniture","A sturdy queen bed design for modern bedrooms, available with storage options. Material: Engineered wood and laminate finish. Dimensions: Fits standard que...","Wooden Queen Bed","Details and specifications; Highlights; Construction; Related Products; Visit the store","Approximately 33 product-specific words plus shared template copy","Wooden Queen Bed","Client-rendered Product + Offer + Breadcrumb + global FurnitureStore","Breadcrumb to Beds; related products; WhatsApp; phone; map","Raw HTML is homepage shell/canonical until JS; thin unique product content (~33 words); no numeric public price; Offer must be omitted; availability claim requires update ownership; Product/Offer and global FurnitureStore schema are client-only and may contain unsupported fields","Verify source/rights/facts; apply product quality gate; prerender; add unique dimensions, room fit, material, care, delivery/access and image metadata; condition Offer","P1 quality review"
"https://luckyinteriorsfurniture.com/products/brown-4-seater-dining-table-set","product","Indexable after JS; raw HTML canonical points to homepage; quality approval recommended","200","https://luckyinteriorsfurniture.com/products/brown-4-seater-dining-table-set","Brown 4-Seater Dining Table Set | Lucky Interiors Furniture","A solid sheesham wood dining table set with one table and four matching chairs. Material: Sheesham wood. Dimensions: Table: H 30 x W 45 x D 35 inches; Chai...","Brown 4-Seater Dining Table Set","Details and specifications; Highlights; Construction; Related Products; Visit the store","Approximately 69 product-specific words plus shared template copy","Brown 4-Seater Dining Table Set","Client-rendered Product + Offer + Breadcrumb + global FurnitureStore","Breadcrumb to Dining Sets; related products; WhatsApp; phone; map","Raw HTML is homepage shell/canonical until JS; thin unique product content (~69 words); availability claim requires update ownership; Product/Offer and global FurnitureStore schema are client-only and may contain unsupported fields","Verify source/rights/facts; apply product quality gate; prerender; add unique dimensions, room fit, material, care, delivery/access and image metadata; condition Offer","P1 quality review"
"https://luckyinteriorsfurniture.com/products/six-seater-dining-set","product","Indexable after JS; raw HTML canonical points to homepage; quality approval recommended","200","https://luckyinteriorsfurniture.com/products/six-seater-dining-set","Six-Seater Dining Set | Lucky Interiors Furniture","A practical dining table set for daily meals, guests, and festive gatherings. Material: Wood finish table with cushioned chairs. Dimensions: Sizes vary by...","Six-Seater Dining Set","Details and specifications; Highlights; Construction; Related Products; Visit the store","Approximately 35 product-specific words plus shared template copy","Six-Seater Dining Set","Client-rendered Product + Offer + Breadcrumb + global FurnitureStore","Breadcrumb to Dining Sets; related products; WhatsApp; phone; map","Raw HTML is homepage shell/canonical until JS; thin unique product content (~35 words); no numeric public price; Offer must be omitted; availability claim requires update ownership; Product/Offer and global FurnitureStore schema are client-only and may contain unsupported fields","Verify source/rights/facts; apply product quality gate; prerender; add unique dimensions, room fit, material, care, delivery/access and image metadata; condition Offer","P1 quality review"
"https://luckyinteriorsfurniture.com/products/ergonomic-office-chair","product","Indexable after JS; raw HTML canonical points to homepage; quality approval recommended","200","https://luckyinteriorsfurniture.com/products/ergonomic-office-chair","Ergonomic Office Chair | Lucky Interiors Furniture","A comfortable office chair for study rooms, shops, and work-from-home desks. Material: Mesh back, cushioned seat, metal base. Dimensions: Standard office c...","Ergonomic Office Chair","Details and specifications; Highlights; Construction; Related Products; Visit the store","Approximately 32 product-specific words plus shared template copy","Ergonomic Office Chair","Client-rendered Product + Offer + Breadcrumb + global FurnitureStore","Breadcrumb to Office Furniture; related products; WhatsApp; phone; map","Raw HTML is homepage shell/canonical until JS; thin unique product content (~32 words); no numeric public price; Offer must be omitted; availability claim requires update ownership; Product/Offer and global FurnitureStore schema are client-only and may contain unsupported fields","Verify source/rights/facts; apply product quality gate; prerender; add unique dimensions, room fit, material, care, delivery/access and image metadata; condition Offer","P1 quality review"
"https://luckyinteriorsfurniture.com/products/tv-unit-with-storage","product","Indexable after JS; raw HTML canonical points to homepage; quality approval recommended","200","https://luckyinteriorsfurniture.com/products/tv-unit-with-storage","TV Unit With Storage | Lucky Interiors Furniture","A clean TV unit with shelves and cabinets to keep living rooms organized. Material: Laminate and engineered wood. Dimensions: Custom sizing available. Luck...","TV Unit With Storage","Details and specifications; Highlights; Construction; Related Products; Visit the store","Approximately 33 product-specific words plus shared template copy","TV Unit With Storage","Client-rendered Product + Offer + Breadcrumb + global FurnitureStore","Breadcrumb to TV Unit & Cabinets; related products; WhatsApp; phone; map","Raw HTML is homepage shell/canonical until JS; thin unique product content (~33 words); dimensions require verification; no numeric public price; Offer must be omitted; availability claim requires update ownership; Product/Offer and global FurnitureStore schema are client-only and may contain unsupported fields","Verify source/rights/facts; apply product quality gate; prerender; add unique dimensions, room fit, material, care, delivery/access and image metadata; condition Offer","P1 quality review"
"https://luckyinteriorsfurniture.com/products/sliding-wardrobe","product","Indexable after JS; raw HTML canonical points to homepage; quality approval recommended","200","https://luckyinteriorsfurniture.com/products/sliding-wardrobe","Sliding Wardrobe | Lucky Interiors Furniture","A bedroom wardrobe option with sliding doors, shelves, mirror, and drawer choices. Material: Laminate shutters and storage modules. Dimensions: Custom sizi...","Sliding Wardrobe","Details and specifications; Highlights; Construction; Related Products; Visit the store","Approximately 32 product-specific words plus shared template copy","Sliding Wardrobe","Client-rendered Product + Offer + Breadcrumb + global FurnitureStore","Breadcrumb to Wardrobes; related products; WhatsApp; phone; map","Raw HTML is homepage shell/canonical until JS; thin unique product content (~32 words); dimensions require verification; no numeric public price; Offer must be omitted; availability claim requires update ownership; Product/Offer and global FurnitureStore schema are client-only and may contain unsupported fields","Verify source/rights/facts; apply product quality gate; prerender; add unique dimensions, room fit, material, care, delivery/access and image metadata; condition Offer","P1 quality review"
"https://luckyinteriorsfurniture.com/products/accent-lounge-chair","product","Indexable after JS; raw HTML canonical points to homepage; quality approval recommended","200","https://luckyinteriorsfurniture.com/products/accent-lounge-chair","Accent Lounge Chair | Lucky Interiors Furniture","A statement lounge chair for corners, reading spaces, and premium seating zones. Material: Upholstered seat with wooden or metal legs. Dimensions: Model-de...","Accent Lounge Chair","Details and specifications; Highlights; Construction; Related Products; Visit the store","Approximately 34 product-specific words plus shared template copy","Accent Lounge Chair","Client-rendered Product + Offer + Breadcrumb + global FurnitureStore","Breadcrumb to Recliners; related products; WhatsApp; phone; map","Raw HTML is homepage shell/canonical until JS; thin unique product content (~34 words); no numeric public price; Offer must be omitted; availability claim requires update ownership; Product/Offer and global FurnitureStore schema are client-only and may contain unsupported fields","Verify source/rights/facts; apply product quality gate; prerender; add unique dimensions, room fit, material, care, delivery/access and image metadata; condition Offer","P1 quality review"
"https://luckyinteriorsfurniture.com/products/compact-study-desk","product","Indexable after JS; raw HTML canonical points to homepage; quality approval recommended","200","https://luckyinteriorsfurniture.com/products/compact-study-desk","Compact Study Desk | Lucky Interiors Furniture","A practical study desk for students, small rooms, and home office setups. Material: Laminate top with storage modules. Dimensions: Compact and custom sizes...","Compact Study Desk","Details and specifications; Highlights; Construction; Related Products; Visit the store","Approximately 31 product-specific words plus shared template copy","Compact Study Desk","Client-rendered Product + Offer + Breadcrumb + global FurnitureStore","Breadcrumb to Study Tables; related products; WhatsApp; phone; map","Raw HTML is homepage shell/canonical until JS; thin unique product content (~31 words); no numeric public price; Offer must be omitted; availability claim requires update ownership; Product/Offer and global FurnitureStore schema are client-only and may contain unsupported fields","Verify source/rights/facts; apply product quality gate; prerender; add unique dimensions, room fit, material, care, delivery/access and image metadata; condition Offer","P1 quality review"
"https://luckyinteriorsfurniture.com/products/study-table-with-bookshelf-wooden-metal-computer-desk","product","Indexable after JS; raw HTML canonical points to homepage; quality approval recommended","200","https://luckyinteriorsfurniture.com/products/study-table-with-bookshelf-wooden-metal-computer-desk","Study Table with Bookshelf - Wooden & Metal Computer Desk | Lucky Interiors Furniture","Modern study table with bookshelf and metal frame, perfect for home office, study rooms, and workspace setups. Material: Wood finish. Lucky Interiors Furni...","Study Table with Bookshelf - Wooden & Metal Computer Desk","Details and specifications; Highlights; Construction; Related Products; Visit the store","Approximately 36 product-specific words plus shared template copy","Study Table with Bookshelf - Wooden & Metal Computer Desk","Client-rendered Product + Offer + Breadcrumb + global FurnitureStore","Breadcrumb to Bookshelves; related products; WhatsApp; phone; map","Raw HTML is homepage shell/canonical until JS; long title (85 chars); thin unique product content (~36 words); availability claim requires update ownership; Product/Offer and global FurnitureStore schema are client-only and may contain unsupported fields","Verify source/rights/facts; apply product quality gate; prerender; add unique dimensions, room fit, material, care, delivery/access and image metadata; condition Offer","P1 quality review"
"https://luckyinteriorsfurniture.com/products/wooden-bookcase-with-doors-modern-bookshelf-storage-cabinet","product","Indexable after JS; raw HTML canonical points to homepage; quality approval recommended","200","https://luckyinteriorsfurniture.com/products/wooden-bookcase-with-doors-modern-bookshelf-storage-cabinet","Wooden Bookcase with Doors - Modern Bookshelf Storage Cabinet | Lucky Interiors Furniture","Compact wooden bookcase with doors, perfect for organizing books, files, and office essentials in home or workspace. Material: Wood finish. Lucky Interiors...","Wooden Bookcase with Doors - Modern Bookshelf Storage Cabinet","Details and specifications; Highlights; Construction; Related Products; Visit the store","Approximately 35 product-specific words plus shared template copy","Wooden Bookcase with Doors - Modern Bookshelf Storage Cabinet","Client-rendered Product + Offer + Breadcrumb + global FurnitureStore","Breadcrumb to Bookshelves; related products; WhatsApp; phone; map","Raw HTML is homepage shell/canonical until JS; long title (89 chars); thin unique product content (~35 words); availability claim requires update ownership; Product/Offer and global FurnitureStore schema are client-only and may contain unsupported fields","Verify source/rights/facts; apply product quality gate; prerender; add unique dimensions, room fit, material, care, delivery/access and image metadata; condition Offer","P1 quality review"
"https://luckyinteriorsfurniture.com/products/wooden-bookshelf-with-cabinet-compact-storage-bookcase","product","Indexable after JS; raw HTML canonical points to homepage; quality approval recommended","200","https://luckyinteriorsfurniture.com/products/wooden-bookshelf-with-cabinet-compact-storage-bookcase","Wooden Bookshelf with Cabinet - Compact Storage Bookcase | Lucky Interiors Furniture","Modern wooden bookshelf with cabinet storage, perfect for organizing books and essentials in compact spaces. Material: Wood finish. Lucky Interiors Furnitu...","Wooden Bookshelf with Cabinet - Compact Storage Bookcase","Details and specifications; Highlights; Construction; Related Products; Visit the store","Approximately 32 product-specific words plus shared template copy","Wooden Bookshelf with Cabinet - Compact Storage Bookcase","Client-rendered Product + Offer + Breadcrumb + global FurnitureStore","Breadcrumb to Bookshelves; related products; WhatsApp; phone; map","Raw HTML is homepage shell/canonical until JS; long title (84 chars); thin unique product content (~32 words); availability claim requires update ownership; Product/Offer and global FurnitureStore schema are client-only and may contain unsupported fields","Verify source/rights/facts; apply product quality gate; prerender; add unique dimensions, room fit, material, care, delivery/access and image metadata; condition Offer","P1 quality review"
"https://luckyinteriorsfurniture.com/products/wooden-bookshelf-with-cabinet-modern-storage-bookcase-oak-grey","product","Indexable after JS; raw HTML canonical points to homepage; quality approval recommended","200","https://luckyinteriorsfurniture.com/products/wooden-bookshelf-with-cabinet-modern-storage-bookcase-oak-grey","Wooden Bookshelf with Cabinet - Modern Storage Bookcase (Oak & Grey) | Lucky Interiors Furniture","Stylish wooden bookshelf with cabinet in oak & grey finish, perfect for organizing books, decor, and essentials. Material: Wood finish. Lucky Interiors Fur...","Wooden Bookshelf with Cabinet - Modern Storage Bookcase (Oak & Grey)","Details and specifications; Highlights; Construction; Related Products; Visit the store","Approximately 37 product-specific words plus shared template copy","Wooden Bookshelf with Cabinet - Modern Storage Bookcase (Oak & Grey)","Client-rendered Product + Offer + Breadcrumb + global FurnitureStore","Breadcrumb to Bookshelves; related products; WhatsApp; phone; map","Raw HTML is homepage shell/canonical until JS; long title (96 chars); thin unique product content (~37 words); availability claim requires update ownership; Product/Offer and global FurnitureStore schema are client-only and may contain unsupported fields","Verify source/rights/facts; apply product quality gate; prerender; add unique dimensions, room fit, material, care, delivery/access and image metadata; condition Offer","P1 quality review"
"https://luckyinteriorsfurniture.com/products/wooden-bookshelf-with-doors-tall-storage-bookcase-cabinet","product","Indexable after JS; raw HTML canonical points to homepage; quality approval recommended","200","https://luckyinteriorsfurniture.com/products/wooden-bookshelf-with-doors-tall-storage-bookcase-cabinet","Wooden Bookshelf with Doors - Tall Storage Bookcase Cabinet | Lucky Interiors Furniture","Modern wooden bookshelf with doors and open shelves, ideal for organizing books, decor, and essentials in home or office. Material: Wood finish. Lucky Inte...","Wooden Bookshelf with Doors - Tall Storage Bookcase Cabinet","Details and specifications; Highlights; Construction; Related Products; Visit the store","Approximately 37 product-specific words plus shared template copy","Wooden Bookshelf with Doors - Tall Storage Bookcase Cabinet","Client-rendered Product + Offer + Breadcrumb + global FurnitureStore","Breadcrumb to Bookshelves; related products; WhatsApp; phone; map","Raw HTML is homepage shell/canonical until JS; long title (87 chars); thin unique product content (~37 words); availability claim requires update ownership; Product/Offer and global FurnitureStore schema are client-only and may contain unsupported fields","Verify source/rights/facts; apply product quality gate; prerender; add unique dimensions, room fit, material, care, delivery/access and image metadata; condition Offer","P1 quality review"
"https://luckyinteriorsfurniture.com/products/wooden-open-bookshelf-modern-3-tier-display-rack","product","Indexable after JS; raw HTML canonical points to homepage; quality approval recommended","200","https://luckyinteriorsfurniture.com/products/wooden-open-bookshelf-modern-3-tier-display-rack","Wooden Open Bookshelf - Modern 3 Tier Display Rack | Lucky Interiors Furniture","Compact wooden open bookshelf with 3-tier design, ideal for books, decor, and modern home styling. Material: Wood finish. Dimensions: Its compact size make...","Wooden Open Bookshelf - Modern 3 Tier Display Rack","Details and specifications; Highlights; Construction; Related Products; Visit the store","Approximately 77 product-specific words plus shared template copy","Wooden Open Bookshelf - Modern 3 Tier Display Rack","Client-rendered Product + Offer + Breadcrumb + global FurnitureStore","Breadcrumb to Bookshelves; related products; WhatsApp; phone; map","Raw HTML is homepage shell/canonical until JS; long title (78 chars); thin unique product content (~77 words); availability claim requires update ownership; Product/Offer and global FurnitureStore schema are client-only and may contain unsupported fields","Verify source/rights/facts; apply product quality gate; prerender; add unique dimensions, room fit, material, care, delivery/access and image metadata; condition Offer","P1 quality review"
"https://luckyinteriorsfurniture.com/products/wooden-open-bookshelf-modern-display-bookcase","product","Indexable after JS; raw HTML canonical points to homepage; quality approval recommended","200","https://luckyinteriorsfurniture.com/products/wooden-open-bookshelf-modern-display-bookcase","Wooden Open Bookshelf - Modern Display Bookcase | Lucky Interiors Furniture","Stylish wooden open bookshelf with multi-level design, perfect for displaying books and decor in modern homes. Material: Wood finish. Lucky Interiors Furni...","Wooden Open Bookshelf - Modern Display Bookcase","Details and specifications; Highlights; Construction; Related Products; Visit the store","Approximately 32 product-specific words plus shared template copy","Wooden Open Bookshelf - Modern Display Bookcase","Client-rendered Product + Offer + Breadcrumb + global FurnitureStore","Breadcrumb to Bookshelves; related products; WhatsApp; phone; map","Raw HTML is homepage shell/canonical until JS; long title (75 chars); thin unique product content (~32 words); availability claim requires update ownership; Product/Offer and global FurnitureStore schema are client-only and may contain unsupported fields","Verify source/rights/facts; apply product quality gate; prerender; add unique dimensions, room fit, material, care, delivery/access and image metadata; condition Offer","P1 quality review"
"https://luckyinteriorsfurniture.com/products/wooden-zigzag-bookshelf-modern-open-display-rack","product","Indexable after JS; raw HTML canonical points to homepage; quality approval recommended","200","https://luckyinteriorsfurniture.com/products/wooden-zigzag-bookshelf-modern-open-display-rack","Wooden Zigzag Bookshelf - Modern Open Display Rack | Lucky Interiors Furniture","Contemporary wooden zigzag bookshelf with open shelves, perfect for displaying books, decor, and collectibles. Material: Wood finish. Lucky Interiors Furni...","Wooden Zigzag Bookshelf - Modern Open Display Rack","Details and specifications; Highlights; Construction; Related Products; Visit the store","Approximately 31 product-specific words plus shared template copy","Wooden Zigzag Bookshelf - Modern Open Display Rack","Client-rendered Product + Offer + Breadcrumb + global FurnitureStore","Breadcrumb to Bookshelves; related products; WhatsApp; phone; map","Raw HTML is homepage shell/canonical until JS; long title (78 chars); thin unique product content (~31 words); availability claim requires update ownership; Product/Offer and global FurnitureStore schema are client-only and may contain unsupported fields","Verify source/rights/facts; apply product quality gate; prerender; add unique dimensions, room fit, material, care, delivery/access and image metadata; condition Offer","P1 quality review"
"https://luckyinteriorsfurniture.com/products/classic-walnut-tv-unit-wooden-tv-cabinet-with-drawers-storage","product","Indexable after JS; raw HTML canonical points to homepage; quality approval recommended","200","https://luckyinteriorsfurniture.com/products/classic-walnut-tv-unit-wooden-tv-cabinet-with-drawers-storage","Classic Walnut TV Unit - Wooden TV Cabinet with Drawers & Storage | Lucky Interiors Furniture","Elegant walnut TV unit with drawers and side cabinets, perfect for stylish and organized living rooms. Material: Wood finish. Lucky Interiors Furniture, Mu...","Classic Walnut TV Unit - Wooden TV Cabinet with Drawers & Storage","Details and specifications; Highlights; Construction; Related Products; Visit the store","Approximately 39 product-specific words plus shared template copy","Classic Walnut TV Unit - Wooden TV Cabinet with Drawers & Storage","Client-rendered Product + Offer + Breadcrumb + global FurnitureStore","Breadcrumb to TV Unit & Cabinets; related products; WhatsApp; phone; map","Raw HTML is homepage shell/canonical until JS; long title (93 chars); thin unique product content (~39 words); availability claim requires update ownership; Product/Offer and global FurnitureStore schema are client-only and may contain unsupported fields","Verify source/rights/facts; apply product quality gate; prerender; add unique dimensions, room fit, material, care, delivery/access and image metadata; condition Offer","P1 quality review"
"https://luckyinteriorsfurniture.com/products/compact-2-door-storage-cabinet-charcoal-grey-finish","product","Indexable after JS; raw HTML canonical points to homepage; quality approval recommended","200","https://luckyinteriorsfurniture.com/products/compact-2-door-storage-cabinet-charcoal-grey-finish","Compact 2 Door Storage Cabinet (Charcoal Grey Finish) | Lucky Interiors Furniture","A sleek and modern 2-door storage cabinet in charcoal grey, perfect for compact spaces with efficient organization and stylish appeal. Material: Ask for ma...","Compact 2 Door Storage Cabinet (Charcoal Grey Finish)","Details and specifications; Highlights; Construction; Related Products; Visit the store","Approximately 42 product-specific words plus shared template copy","Compact 2 Door Storage Cabinet (Charcoal Grey Finish)","Client-rendered Product + Offer + Breadcrumb + global FurnitureStore","Breadcrumb to TV Unit & Cabinets; related products; WhatsApp; phone; map","Raw HTML is homepage shell/canonical until JS; long title (81 chars); thin unique product content (~42 words); material requires verification; availability claim requires update ownership; Product/Offer and global FurnitureStore schema are client-only and may contain unsupported fields","Verify source/rights/facts; apply product quality gate; prerender; add unique dimensions, room fit, material, care, delivery/access and image metadata; condition Offer","P1 quality review"
"https://luckyinteriorsfurniture.com/products/compact-2-door-storage-cabinet-with-designer-panels-brown-finish","product","Indexable after JS; raw HTML canonical points to homepage; quality approval recommended","200","https://luckyinteriorsfurniture.com/products/compact-2-door-storage-cabinet-with-designer-panels-brown-finish","Compact 2 Door Storage Cabinet with Designer Panels (Brown Finish) | Lucky Interiors Furniture","Add elegance to compact spaces with this stylish 2-door storage cabinet featuring designer geometric panels and a rich brown finish. Material: Ask for mate...","Compact 2 Door Storage Cabinet with Designer Panels (Brown Finish)","Details and specifications; Highlights; Construction; Related Products; Visit the store","Approximately 44 product-specific words plus shared template copy","Compact 2 Door Storage Cabinet with Designer Panels (Brown Finish)","Client-rendered Product + Offer + Breadcrumb + global FurnitureStore","Breadcrumb to TV Unit & Cabinets; related products; WhatsApp; phone; map","Raw HTML is homepage shell/canonical until JS; long title (94 chars); thin unique product content (~44 words); material requires verification; availability claim requires update ownership; Product/Offer and global FurnitureStore schema are client-only and may contain unsupported fields","Verify source/rights/facts; apply product quality gate; prerender; add unique dimensions, room fit, material, care, delivery/access and image metadata; condition Offer","P1 quality review"
"https://luckyinteriorsfurniture.com/products/compact-2-door-storage-cabinet-with-designer-panels-light-grey-finish","product","Indexable after JS; raw HTML canonical points to homepage; quality approval recommended","200","https://luckyinteriorsfurniture.com/products/compact-2-door-storage-cabinet-with-designer-panels-light-grey-finish","Compact 2 Door Storage Cabinet with Designer Panels (Light Grey Finish) | Lucky Interiors Furniture","Enhance your interiors with this elegant 2-door storage cabinet in light grey, featuring stylish geometric designer panels and compact storage space. Mater...","Compact 2 Door Storage Cabinet with Designer Panels (Light Grey Finish)","Details and specifications; Highlights; Construction; Related Products; Visit the store","Approximately 46 product-specific words plus shared template copy","Compact 2 Door Storage Cabinet with Designer Panels (Light Grey Finish)","Client-rendered Product + Offer + Breadcrumb + global FurnitureStore","Breadcrumb to TV Unit & Cabinets; related products; WhatsApp; phone; map","Raw HTML is homepage shell/canonical until JS; long title (99 chars); thin unique product content (~46 words); material requires verification; availability claim requires update ownership; Product/Offer and global FurnitureStore schema are client-only and may contain unsupported fields","Verify source/rights/facts; apply product quality gate; prerender; add unique dimensions, room fit, material, care, delivery/access and image metadata; condition Offer","P1 quality review"
"https://luckyinteriorsfurniture.com/products/freedom-double-door-plastic-wardrobe-tall-storage-cabinet-brown-beige","product","Indexable after JS; raw HTML canonical points to homepage; quality approval recommended","200","https://luckyinteriorsfurniture.com/products/freedom-double-door-plastic-wardrobe-tall-storage-cabinet-brown-beige","Freedom Double Door Plastic Wardrobe - Tall Storage Cabinet (Brown & Beige) | Lucky Interiors Furniture","Spacious double door plastic wardrobe cabinet with durable build and modern design, ideal for clothes and home storage. Material: Plastic. Lucky Interiors...","Freedom Double Door Plastic Wardrobe - Tall Storage Cabinet (Brown & Beige)","Details and specifications; Highlights; Construction; Related Products; Visit the store","Approximately 38 product-specific words plus shared template copy","Freedom Double Door Plastic Wardrobe - Tall Storage Cabinet (Brown & Beige)","Client-rendered Product + Offer + Breadcrumb + global FurnitureStore","Breadcrumb to TV Unit & Cabinets; related products; WhatsApp; phone; map","Raw HTML is homepage shell/canonical until JS; long title (103 chars); thin unique product content (~38 words); availability claim requires update ownership; Product/Offer and global FurnitureStore schema are client-only and may contain unsupported fields","Verify source/rights/facts; apply product quality gate; prerender; add unique dimensions, room fit, material, care, delivery/access and image metadata; condition Offer","P1 quality review"
"https://luckyinteriorsfurniture.com/products/freedom-double-door-plastic-wardrobe-with-drawer-blue-grey-storage-cabinet","product","Indexable after JS; raw HTML canonical points to homepage; quality approval recommended","200","https://luckyinteriorsfurniture.com/products/freedom-double-door-plastic-wardrobe-with-drawer-blue-grey-storage-cabinet","Freedom Double Door Plastic Wardrobe with Drawer - Blue & Grey Storage Cabinet | Lucky Interiors Furniture","Spacious double door plastic wardrobe with bottom drawer, perfect for organizing clothes and essentials in style. Material: Plastic. Lucky Interiors Furnit...","Freedom Double Door Plastic Wardrobe with Drawer - Blue & Grey Storage Cabinet","Details and specifications; Highlights; Construction; Related Products; Visit the store","Approximately 37 product-specific words plus shared template copy","Freedom Double Door Plastic Wardrobe with Drawer - Blue & Grey Storage Cabinet","Client-rendered Product + Offer + Breadcrumb + global FurnitureStore","Breadcrumb to TV Unit & Cabinets; related products; WhatsApp; phone; map","Raw HTML is homepage shell/canonical until JS; long title (106 chars); thin unique product content (~37 words); availability claim requires update ownership; Product/Offer and global FurnitureStore schema are client-only and may contain unsupported fields","Verify source/rights/facts; apply product quality gate; prerender; add unique dimensions, room fit, material, care, delivery/access and image metadata; condition Offer","P1 quality review"
"https://luckyinteriorsfurniture.com/products/freedom-double-door-plastic-wardrobe-with-drawers-multi-storage-cabinet-brown-beige","product","Indexable after JS; raw HTML canonical points to homepage; quality approval recommended","200","https://luckyinteriorsfurniture.com/products/freedom-double-door-plastic-wardrobe-with-drawers-multi-storage-cabinet-brown-beige","Freedom Double Door Plastic Wardrobe with Drawers - Multi-Storage Cabinet (Brown & Beige) | Lucky Interiors Furniture","Spacious double door plastic wardrobe with drawers, perfect for organized storage of clothes, accessories, and essentials. Material: Plastic. Lucky Interio...","Freedom Double Door Plastic Wardrobe with Drawers - Multi-Storage Cabinet (Brown & Beige)","Details and specifications; Highlights; Construction; Related Products; Visit the store","Approximately 37 product-specific words plus shared template copy","Freedom Double Door Plastic Wardrobe with Drawers - Multi-Storage Cabinet (Brown & Beige)","Client-rendered Product + Offer + Breadcrumb + global FurnitureStore","Breadcrumb to TV Unit & Cabinets; related products; WhatsApp; phone; map","Raw HTML is homepage shell/canonical until JS; long title (117 chars); thin unique product content (~37 words); availability claim requires update ownership; Product/Offer and global FurnitureStore schema are client-only and may contain unsupported fields","Verify source/rights/facts; apply product quality gate; prerender; add unique dimensions, room fit, material, care, delivery/access and image metadata; condition Offer","P1 quality review"
"https://luckyinteriorsfurniture.com/products/freedom-mini-plastic-storage-cabinet-2-door-blue-grey","product","Indexable after JS; raw HTML canonical points to homepage; quality approval recommended","200","https://luckyinteriorsfurniture.com/products/freedom-mini-plastic-storage-cabinet-2-door-blue-grey","Freedom Mini Plastic Storage Cabinet - 2 Door (Blue & Grey) | Lucky Interiors Furniture","Compact 2 door plastic storage cabinet with durable build, perfect for home and office organization. Material: Plastic. Lucky Interiors Furniture, Mumbai.","Freedom Mini Plastic Storage Cabinet - 2 Door (Blue & Grey)","Details and specifications; Highlights; Construction; Related Products; Visit the store","Approximately 34 product-specific words plus shared template copy","Freedom Mini Plastic Storage Cabinet - 2 Door (Blue & Grey)","Client-rendered Product + Offer + Breadcrumb + global FurnitureStore","Breadcrumb to TV Unit & Cabinets; related products; WhatsApp; phone; map","Raw HTML is homepage shell/canonical until JS; long title (87 chars); thin unique product content (~34 words); availability claim requires update ownership; Product/Offer and global FurnitureStore schema are client-only and may contain unsupported fields","Verify source/rights/facts; apply product quality gate; prerender; add unique dimensions, room fit, material, care, delivery/access and image metadata; condition Offer","P1 quality review"
"https://luckyinteriorsfurniture.com/products/freedom-mini-plastic-storage-cabinet-2-door-brown","product","Indexable after JS; raw HTML canonical points to homepage; quality approval recommended","200","https://luckyinteriorsfurniture.com/products/freedom-mini-plastic-storage-cabinet-2-door-brown","Freedom Mini Plastic Storage Cabinet - 2 Door (Brown) | Lucky Interiors Furniture","Compact and durable 2 door plastic storage cabinet, perfect for organized storage in small spaces. Material: Plastic. Lucky Interiors Furniture, Mumbai.","Freedom Mini Plastic Storage Cabinet - 2 Door (Brown)","Details and specifications; Highlights; Construction; Related Products; Visit the store","Approximately 32 product-specific words plus shared template copy","Freedom Mini Plastic Storage Cabinet - 2 Door (Brown)","Client-rendered Product + Offer + Breadcrumb + global FurnitureStore","Breadcrumb to TV Unit & Cabinets; related products; WhatsApp; phone; map","Raw HTML is homepage shell/canonical until JS; long title (81 chars); thin unique product content (~32 words); availability claim requires update ownership; Product/Offer and global FurnitureStore schema are client-only and may contain unsupported fields","Verify source/rights/facts; apply product quality gate; prerender; add unique dimensions, room fit, material, care, delivery/access and image metadata; condition Offer","P1 quality review"
"https://luckyinteriorsfurniture.com/products/freedom-mini-plastic-storage-cabinet-2-door-red-yellow","product","Indexable after JS; raw HTML canonical points to homepage; quality approval recommended","200","https://luckyinteriorsfurniture.com/products/freedom-mini-plastic-storage-cabinet-2-door-red-yellow","Freedom Mini Plastic Storage Cabinet - 2 Door (Red & Yellow) | Lucky Interiors Furniture","Compact 2 door plastic storage cabinet with vibrant design, ideal for organized storage in small spaces. Material: Plastic. Lucky Interiors Furniture, Mumbai.","Freedom Mini Plastic Storage Cabinet - 2 Door (Red & Yellow)","Details and specifications; Highlights; Construction; Related Products; Visit the store","Approximately 35 product-specific words plus shared template copy","Freedom Mini Plastic Storage Cabinet - 2 Door (Red & Yellow)","Client-rendered Product + Offer + Breadcrumb + global FurnitureStore","Breadcrumb to TV Unit & Cabinets; related products; WhatsApp; phone; map","Raw HTML is homepage shell/canonical until JS; long title (88 chars); thin unique product content (~35 words); availability claim requires update ownership; Product/Offer and global FurnitureStore schema are client-only and may contain unsupported fields","Verify source/rights/facts; apply product quality gate; prerender; add unique dimensions, room fit, material, care, delivery/access and image metadata; condition Offer","P1 quality review"
"https://luckyinteriorsfurniture.com/products/freedom-mini-storage-cabinet-2-door-plastic-organizer-brown-beige","product","Indexable after JS; raw HTML canonical points to homepage; quality approval recommended","200","https://luckyinteriorsfurniture.com/products/freedom-mini-storage-cabinet-2-door-plastic-organizer-brown-beige","Freedom Mini Storage Cabinet - 2 Door Plastic Organizer (Brown & Beige) | Lucky Interiors Furniture","Compact 2 door plastic storage cabinet, perfect for organizing essentials in bedrooms, kitchens, or utility spaces. Material: Plastic. Lucky Interiors Furn...","Freedom Mini Storage Cabinet - 2 Door Plastic Organizer (Brown & Beige)","Details and specifications; Highlights; Construction; Related Products; Visit the store","Approximately 36 product-specific words plus shared template copy","Freedom Mini Storage Cabinet - 2 Door Plastic Organizer (Brown & Beige)","Client-rendered Product + Offer + Breadcrumb + global FurnitureStore","Breadcrumb to TV Unit & Cabinets; related products; WhatsApp; phone; map","Raw HTML is homepage shell/canonical until JS; long title (99 chars); thin unique product content (~36 words); availability claim requires update ownership; Product/Offer and global FurnitureStore schema are client-only and may contain unsupported fields","Verify source/rights/facts; apply product quality gate; prerender; add unique dimensions, room fit, material, care, delivery/access and image metadata; condition Offer","P1 quality review"
"https://luckyinteriorsfurniture.com/products/freedom-multi-purpose-plastic-cabinet-4-door-storage-wardrobe-brown-beige","product","Indexable after JS; raw HTML canonical points to homepage; quality approval recommended","200","https://luckyinteriorsfurniture.com/products/freedom-multi-purpose-plastic-cabinet-4-door-storage-wardrobe-brown-beige","Freedom Multi-Purpose Plastic Cabinet - 4 Door Storage Wardrobe (Brown & Beige) | Lucky Interiors Furniture","Durable 4 door plastic storage cabinet with lockable compartments, perfect for organizing clothes and household essentials. Material: Plastic. Lucky Interi...","Freedom Multi-Purpose Plastic Cabinet - 4 Door Storage Wardrobe (Brown & Beige)","Details and specifications; Highlights; Construction; Related Products; Visit the store","Approximately 36 product-specific words plus shared template copy","Freedom Multi-Purpose Plastic Cabinet - 4 Door Storage Wardrobe (Brown & Beige)","Client-rendered Product + Offer + Breadcrumb + global FurnitureStore","Breadcrumb to TV Unit & Cabinets; related products; WhatsApp; phone; map","Raw HTML is homepage shell/canonical until JS; long title (107 chars); thin unique product content (~36 words); availability claim requires update ownership; Product/Offer and global FurnitureStore schema are client-only and may contain unsupported fields","Verify source/rights/facts; apply product quality gate; prerender; add unique dimensions, room fit, material, care, delivery/access and image metadata; condition Offer","P1 quality review"
"https://luckyinteriorsfurniture.com/products/freedom-multi-purpose-plastic-cabinet-with-glass-doors-4-door-storage-unit-brown-beige","product","Indexable after JS; raw HTML canonical points to homepage; quality approval recommended","200","https://luckyinteriorsfurniture.com/products/freedom-multi-purpose-plastic-cabinet-with-glass-doors-4-door-storage-unit-brown-beige","Freedom Multi-Purpose Plastic Cabinet with Glass Doors - 4 Door Storage Unit (Brown & Beige) | Lucky Interiors Furniture","Stylish 4 door plastic storage cabinet with glass panels, perfect for displaying and organizing essentials. Material: Plastic. Lucky Interiors Furniture, M...","Freedom Multi-Purpose Plastic Cabinet with Glass Doors - 4 Door Storage Unit (Brown & Beige)","Details and specifications; Highlights; Construction; Related Products; Visit the store","Approximately 38 product-specific words plus shared template copy","Freedom Multi-Purpose Plastic Cabinet with Glass Doors - 4 Door Storage Unit (Brown & Beige)","Client-rendered Product + Offer + Breadcrumb + global FurnitureStore","Breadcrumb to TV Unit & Cabinets; related products; WhatsApp; phone; map","Raw HTML is homepage shell/canonical until JS; long title (120 chars); thin unique product content (~38 words); availability claim requires update ownership; Product/Offer and global FurnitureStore schema are client-only and may contain unsupported fields","Verify source/rights/facts; apply product quality gate; prerender; add unique dimensions, room fit, material, care, delivery/access and image metadata; condition Offer","P1 quality review"
"https://luckyinteriorsfurniture.com/products/freedom-multi-purpose-plastic-wardrobe-4-door-cabinet-red-blue-yellow","product","Indexable after JS; raw HTML canonical points to homepage; quality approval recommended","200","https://luckyinteriorsfurniture.com/products/freedom-multi-purpose-plastic-wardrobe-4-door-cabinet-red-blue-yellow","Freedom Multi-Purpose Plastic Wardrobe - 4 Door Cabinet (Red, Blue & Yellow) | Lucky Interiors Furniture","Vibrant 4 door plastic wardrobe cabinet with lockable storage, perfect for kids' rooms and modern homes. Material: Plastic. Lucky Interiors Furniture, Mumbai.","Freedom Multi-Purpose Plastic Wardrobe - 4 Door Cabinet (Red, Blue & Yellow)","Details and specifications; Highlights; Construction; Related Products; Visit the store","Approximately 36 product-specific words plus shared template copy","Freedom Multi-Purpose Plastic Wardrobe - 4 Door Cabinet (Red, Blue & Yellow)","Client-rendered Product + Offer + Breadcrumb + global FurnitureStore","Breadcrumb to TV Unit & Cabinets; related products; WhatsApp; phone; map","Raw HTML is homepage shell/canonical until JS; long title (104 chars); thin unique product content (~36 words); availability claim requires update ownership; Product/Offer and global FurnitureStore schema are client-only and may contain unsupported fields","Verify source/rights/facts; apply product quality gate; prerender; add unique dimensions, room fit, material, care, delivery/access and image metadata; condition Offer","P1 quality review"
"https://luckyinteriorsfurniture.com/products/freedom-multi-purpose-plastic-wardrobe-4-door-storage-cabinet-brown-beige","product","Indexable after JS; raw HTML canonical points to homepage; quality approval recommended","200","https://luckyinteriorsfurniture.com/products/freedom-multi-purpose-plastic-wardrobe-4-door-storage-cabinet-brown-beige","Freedom Multi-Purpose Plastic Wardrobe - 4 Door Storage Cabinet (Brown & Beige) | Lucky Interiors Furniture","Spacious 4 door plastic wardrobe cabinet with lockable storage, ideal for clothes, household items, and everyday organization. Material: Plastic. Lucky Int...","Freedom Multi-Purpose Plastic Wardrobe - 4 Door Storage Cabinet (Brown & Beige)","Details and specifications; Highlights; Construction; Related Products; Visit the store","Approximately 37 product-specific words plus shared template copy","Freedom Multi-Purpose Plastic Wardrobe - 4 Door Storage Cabinet (Brown & Beige)","Client-rendered Product + Offer + Breadcrumb + global FurnitureStore","Breadcrumb to TV Unit & Cabinets; related products; WhatsApp; phone; map","Raw HTML is homepage shell/canonical until JS; long title (107 chars); thin unique product content (~37 words); availability claim requires update ownership; Product/Offer and global FurnitureStore schema are client-only and may contain unsupported fields","Verify source/rights/facts; apply product quality gate; prerender; add unique dimensions, room fit, material, care, delivery/access and image metadata; condition Offer","P1 quality review"
"https://luckyinteriorsfurniture.com/products/freedom-multi-purpose-storage-cabinet-4-door-plastic-wardrobe-brown-beige","product","Indexable after JS; raw HTML canonical points to homepage; quality approval recommended","200","https://luckyinteriorsfurniture.com/products/freedom-multi-purpose-storage-cabinet-4-door-plastic-wardrobe-brown-beige","Freedom Multi-Purpose Storage Cabinet - 4 Door Plastic Wardrobe (Brown & Beige) | Lucky Interiors Furniture","Durable 4 door plastic storage cabinet with lockable doors, ideal for organizing clothes, household items, and essentials. Material: Plastic. Lucky Interio...","Freedom Multi-Purpose Storage Cabinet - 4 Door Plastic Wardrobe (Brown & Beige)","Details and specifications; Highlights; Construction; Related Products; Visit the store","Approximately 37 product-specific words plus shared template copy","Freedom Multi-Purpose Storage Cabinet - 4 Door Plastic Wardrobe (Brown & Beige)","Client-rendered Product + Offer + Breadcrumb + global FurnitureStore","Breadcrumb to TV Unit & Cabinets; related products; WhatsApp; phone; map","Raw HTML is homepage shell/canonical until JS; long title (107 chars); thin unique product content (~37 words); availability claim requires update ownership; Product/Offer and global FurnitureStore schema are client-only and may contain unsupported fields","Verify source/rights/facts; apply product quality gate; prerender; add unique dimensions, room fit, material, care, delivery/access and image metadata; condition Offer","P1 quality review"
"https://luckyinteriorsfurniture.com/products/freedom-multi-storage-plastic-wardrobe-with-drawers-blue-grey-cabinet","product","Indexable after JS; raw HTML canonical points to homepage; quality approval recommended","200","https://luckyinteriorsfurniture.com/products/freedom-multi-storage-plastic-wardrobe-with-drawers-blue-grey-cabinet","Freedom Multi-Storage Plastic Wardrobe with Drawers - Blue & Grey Cabinet | Lucky Interiors Furniture","Versatile plastic wardrobe with multiple doors and drawers, ideal for organized storage of clothes and essentials. Material: Plastic. Lucky Interiors Furni...","Freedom Multi-Storage Plastic Wardrobe with Drawers - Blue & Grey Cabinet","Details and specifications; Highlights; Construction; Related Products; Visit the store","Approximately 35 product-specific words plus shared template copy","Freedom Multi-Storage Plastic Wardrobe with Drawers - Blue & Grey Cabinet","Client-rendered Product + Offer + Breadcrumb + global FurnitureStore","Breadcrumb to TV Unit & Cabinets; related products; WhatsApp; phone; map","Raw HTML is homepage shell/canonical until JS; long title (101 chars); thin unique product content (~35 words); availability claim requires update ownership; Product/Offer and global FurnitureStore schema are client-only and may contain unsupported fields","Verify source/rights/facts; apply product quality gate; prerender; add unique dimensions, room fit, material, care, delivery/access and image metadata; condition Offer","P1 quality review"
"https://luckyinteriorsfurniture.com/products/freedom-plastic-cabinet-with-drawers-2-door-storage-unit-blue-grey","product","Indexable after JS; raw HTML canonical points to homepage; quality approval recommended","200","https://luckyinteriorsfurniture.com/products/freedom-plastic-cabinet-with-drawers-2-door-storage-unit-blue-grey","Freedom Plastic Cabinet with Drawers - 2 Door Storage Unit (Blue & Grey) | Lucky Interiors Furniture","Smart plastic cabinet with drawers and doors, perfect for organized storage in compact spaces. Material: Plastic. Lucky Interiors Furniture, Mumbai.","Freedom Plastic Cabinet with Drawers - 2 Door Storage Unit (Blue & Grey)","Details and specifications; Highlights; Construction; Related Products; Visit the store","Approximately 35 product-specific words plus shared template copy","Freedom Plastic Cabinet with Drawers - 2 Door Storage Unit (Blue & Grey)","Client-rendered Product + Offer + Breadcrumb + global FurnitureStore","Breadcrumb to TV Unit & Cabinets; related products; WhatsApp; phone; map","Raw HTML is homepage shell/canonical until JS; long title (100 chars); thin unique product content (~35 words); availability claim requires update ownership; Product/Offer and global FurnitureStore schema are client-only and may contain unsupported fields","Verify source/rights/facts; apply product quality gate; prerender; add unique dimensions, room fit, material, care, delivery/access and image metadata; condition Offer","P1 quality review"
"https://luckyinteriorsfurniture.com/products/freedom-plastic-wardrobe-4-door-storage-cabinet-beige-grey","product","Indexable after JS; raw HTML canonical points to homepage; quality approval recommended","200","https://luckyinteriorsfurniture.com/products/freedom-plastic-wardrobe-4-door-storage-cabinet-beige-grey","Freedom Plastic Wardrobe - 4 Door Storage Cabinet (Beige & Grey) | Lucky Interiors Furniture","Elegant 4 door plastic wardrobe cabinet with spacious storage and durable build for modern homes. Material: Plastic. Lucky Interiors Furniture, Mumbai.","Freedom Plastic Wardrobe - 4 Door Storage Cabinet (Beige & Grey)","Details and specifications; Highlights; Construction; Related Products; Visit the store","Approximately 34 product-specific words plus shared template copy","Freedom Plastic Wardrobe - 4 Door Storage Cabinet (Beige & Grey)","Client-rendered Product + Offer + Breadcrumb + global FurnitureStore","Breadcrumb to TV Unit & Cabinets; related products; WhatsApp; phone; map","Raw HTML is homepage shell/canonical until JS; long title (92 chars); thin unique product content (~34 words); availability claim requires update ownership; Product/Offer and global FurnitureStore schema are client-only and may contain unsupported fields","Verify source/rights/facts; apply product quality gate; prerender; add unique dimensions, room fit, material, care, delivery/access and image metadata; condition Offer","P1 quality review"
"https://luckyinteriorsfurniture.com/products/freedom-plastic-wardrobe-4-door-storage-cabinet-blue-grey-2","product","Indexable after JS; raw HTML canonical points to homepage; quality approval recommended","200","https://luckyinteriorsfurniture.com/products/freedom-plastic-wardrobe-4-door-storage-cabinet-blue-grey-2","Freedom Plastic Wardrobe - 4 Door Storage Cabinet (Blue & Grey) | Lucky Interiors Furniture","Durable 4 door plastic wardrobe cabinet with spacious compartments, ideal for everyday storage. Material: Plastic. Lucky Interiors Furniture, Mumbai.","Freedom Plastic Wardrobe - 4 Door Storage Cabinet (Blue & Grey)","Details and specifications; Highlights; Construction; Related Products; Visit the store","Approximately 32 product-specific words plus shared template copy","Freedom Plastic Wardrobe - 4 Door Storage Cabinet (Blue & Grey)","Client-rendered Product + Offer + Breadcrumb + global FurnitureStore","Breadcrumb to TV Unit & Cabinets; related products; WhatsApp; phone; map","Raw HTML is homepage shell/canonical until JS; long title (91 chars); duplicate title across 2 URLs; thin unique product content (~32 words); availability claim requires update ownership; Product/Offer and global FurnitureStore schema are client-only and may contain unsupported fields","Verify source/rights/facts; apply product quality gate; prerender; add unique dimensions, room fit, material, care, delivery/access and image metadata; condition Offer","P1 quality review"
"https://luckyinteriorsfurniture.com/products/freedom-plastic-wardrobe-4-door-storage-cabinet-blue-grey","product","Indexable after JS; raw HTML canonical points to homepage; quality approval recommended","200","https://luckyinteriorsfurniture.com/products/freedom-plastic-wardrobe-4-door-storage-cabinet-blue-grey","Freedom Plastic Wardrobe - 4 Door Storage Cabinet (Blue & Grey) | Lucky Interiors Furniture","Spacious 4 door plastic wardrobe cabinet with lockable storage, ideal for organizing clothes and essentials. Material: Plastic. Lucky Interiors Furniture,...","Freedom Plastic Wardrobe - 4 Door Storage Cabinet (Blue & Grey)","Details and specifications; Highlights; Construction; Related Products; Visit the store","Approximately 34 product-specific words plus shared template copy","Freedom Plastic Wardrobe - 4 Door Storage Cabinet (Blue & Grey)","Client-rendered Product + Offer + Breadcrumb + global FurnitureStore","Breadcrumb to TV Unit & Cabinets; related products; WhatsApp; phone; map","Raw HTML is homepage shell/canonical until JS; long title (91 chars); duplicate title across 2 URLs; thin unique product content (~34 words); availability claim requires update ownership; Product/Offer and global FurnitureStore schema are client-only and may contain unsupported fields","Verify source/rights/facts; apply product quality gate; prerender; add unique dimensions, room fit, material, care, delivery/access and image metadata; condition Offer","P1 quality review"
"https://luckyinteriorsfurniture.com/products/freedom-plastic-wardrobe-4-door-storage-cabinet-grey-dark-grey","product","Indexable after JS; raw HTML canonical points to homepage; quality approval recommended","200","https://luckyinteriorsfurniture.com/products/freedom-plastic-wardrobe-4-door-storage-cabinet-grey-dark-grey","Freedom Plastic Wardrobe - 4 Door Storage Cabinet (Grey & Dark Grey) | Lucky Interiors Furniture","Modern 4 door plastic wardrobe cabinet with spacious storage and durable build for everyday use. Material: Plastic. Lucky Interiors Furniture, Mumbai.","Freedom Plastic Wardrobe - 4 Door Storage Cabinet (Grey & Dark Grey)","Details and specifications; Highlights; Construction; Related Products; Visit the store","Approximately 35 product-specific words plus shared template copy","Freedom Plastic Wardrobe - 4 Door Storage Cabinet (Grey & Dark Grey)","Client-rendered Product + Offer + Breadcrumb + global FurnitureStore","Breadcrumb to TV Unit & Cabinets; related products; WhatsApp; phone; map","Raw HTML is homepage shell/canonical until JS; long title (96 chars); thin unique product content (~35 words); availability claim requires update ownership; Product/Offer and global FurnitureStore schema are client-only and may contain unsupported fields","Verify source/rights/facts; apply product quality gate; prerender; add unique dimensions, room fit, material, care, delivery/access and image metadata; condition Offer","P1 quality review"
"https://luckyinteriorsfurniture.com/products/freedom-plastic-wardrobe-4-door-storage-cabinet-red-yellow","product","Indexable after JS; raw HTML canonical points to homepage; quality approval recommended","200","https://luckyinteriorsfurniture.com/products/freedom-plastic-wardrobe-4-door-storage-cabinet-red-yellow","Freedom Plastic Wardrobe - 4 Door Storage Cabinet (Red & Yellow) | Lucky Interiors Furniture","Bright and durable 4 door plastic wardrobe cabinet, perfect for organized storage with a vibrant look. Material: Plastic. Lucky Interiors Furniture, Mumbai.","Freedom Plastic Wardrobe - 4 Door Storage Cabinet (Red & Yellow)","Details and specifications; Highlights; Construction; Related Products; Visit the store","Approximately 35 product-specific words plus shared template copy","Freedom Plastic Wardrobe - 4 Door Storage Cabinet (Red & Yellow)","Client-rendered Product + Offer + Breadcrumb + global FurnitureStore","Breadcrumb to TV Unit & Cabinets; related products; WhatsApp; phone; map","Raw HTML is homepage shell/canonical until JS; long title (92 chars); thin unique product content (~35 words); availability claim requires update ownership; Product/Offer and global FurnitureStore schema are client-only and may contain unsupported fields","Verify source/rights/facts; apply product quality gate; prerender; add unique dimensions, room fit, material, care, delivery/access and image metadata; condition Offer","P1 quality review"
"https://luckyinteriorsfurniture.com/products/freedom-plastic-wardrobe-with-mirror-4-door-storage-cabinet-brown-beige","product","Indexable after JS; raw HTML canonical points to homepage; quality approval recommended","200","https://luckyinteriorsfurniture.com/products/freedom-plastic-wardrobe-with-mirror-4-door-storage-cabinet-brown-beige","Freedom Plastic Wardrobe with Mirror - 4 Door Storage Cabinet (Brown & Beige) | Lucky Interiors Furniture","Functional 4 door plastic wardrobe with mirror, ideal for organized storage and everyday convenience. Material: Plastic. Lucky Interiors Furniture, Mumbai.","Freedom Plastic Wardrobe with Mirror - 4 Door Storage Cabinet (Brown & Beige)","Details and specifications; Highlights; Construction; Related Products; Visit the store","Approximately 35 product-specific words plus shared template copy","Freedom Plastic Wardrobe with Mirror - 4 Door Storage Cabinet (Brown & Beige)","Client-rendered Product + Offer + Breadcrumb + global FurnitureStore","Breadcrumb to TV Unit & Cabinets; related products; WhatsApp; phone; map","Raw HTML is homepage shell/canonical until JS; long title (105 chars); thin unique product content (~35 words); availability claim requires update ownership; Product/Offer and global FurnitureStore schema are client-only and may contain unsupported fields","Verify source/rights/facts; apply product quality gate; prerender; add unique dimensions, room fit, material, care, delivery/access and image metadata; condition Offer","P1 quality review"
"https://luckyinteriorsfurniture.com/products/gwen-engineered-wood-storage-cabinet-with-shelves-walnut-finish","product","Indexable after JS; raw HTML canonical points to homepage; quality approval recommended","200","https://luckyinteriorsfurniture.com/products/gwen-engineered-wood-storage-cabinet-with-shelves-walnut-finish","Gwen Engineered Wood Storage Cabinet with Shelves - Walnut Finish | Lucky Interiors Furniture","Spacious engineered wood storage cabinet with open shelves and doors, perfect for books, decor, and organized living. SIZE = 32′′ W X 75′′ H X 16′′ D Mater...","Gwen Engineered Wood Storage Cabinet with Shelves - Walnut Finish","Details and specifications; Highlights; Construction; Related Products; Visit the store","Approximately 47 product-specific words plus shared template copy","Gwen Engineered Wood Storage Cabinet with Shelves - Walnut Finish","Client-rendered Product + Offer + Breadcrumb + global FurnitureStore","Breadcrumb to TV Unit & Cabinets; related products; WhatsApp; phone; map","Raw HTML is homepage shell/canonical until JS; long title (93 chars); thin unique product content (~47 words); availability claim requires update ownership; Product/Offer and global FurnitureStore schema are client-only and may contain unsupported fields","Verify source/rights/facts; apply product quality gate; prerender; add unique dimensions, room fit, material, care, delivery/access and image metadata; condition Offer","P1 quality review"
"https://luckyinteriorsfurniture.com/products/halo-3-tier-storage-cabinet-open-bookshelf-organizer-legno-oak","product","Indexable after JS; raw HTML canonical points to homepage; quality approval recommended","200","https://luckyinteriorsfurniture.com/products/halo-3-tier-storage-cabinet-open-bookshelf-organizer-legno-oak","Halo 3 Tier Storage Cabinet - Open Bookshelf Organizer (Legno Oak) | Lucky Interiors Furniture","Stylish 3 tier storage cabinet with open shelves, perfect for organizing books, folders, and decor. Material: Wood finish. Lucky Interiors Furniture, Mumbai.","Halo 3 Tier Storage Cabinet - Open Bookshelf Organizer (Legno Oak)","Details and specifications; Highlights; Construction; Related Products; Visit the store","Approximately 36 product-specific words plus shared template copy","Halo 3 Tier Storage Cabinet - Open Bookshelf Organizer (Legno Oak)","Client-rendered Product + Offer + Breadcrumb + global FurnitureStore","Breadcrumb to TV Unit & Cabinets; related products; WhatsApp; phone; map","Raw HTML is homepage shell/canonical until JS; long title (94 chars); thin unique product content (~36 words); availability claim requires update ownership; Product/Offer and global FurnitureStore schema are client-only and may contain unsupported fields","Verify source/rights/facts; apply product quality gate; prerender; add unique dimensions, room fit, material, care, delivery/access and image metadata; condition Offer","P1 quality review"
"https://luckyinteriorsfurniture.com/products/halo-4-tier-storage-cabinet-open-bookshelf-organizer-legno-oak","product","Indexable after JS; raw HTML canonical points to homepage; quality approval recommended","200","https://luckyinteriorsfurniture.com/products/halo-4-tier-storage-cabinet-open-bookshelf-organizer-legno-oak","Halo 4 Tier Storage Cabinet - Open Bookshelf Organizer (Legno Oak) | Lucky Interiors Furniture","Modern 4 tier storage cabinet with open shelves, ideal for organizing books, decor, and essentials. Material: Wood finish. Lucky Interiors Furniture, Mumbai.","Halo 4 Tier Storage Cabinet - Open Bookshelf Organizer (Legno Oak)","Details and specifications; Highlights; Construction; Related Products; Visit the store","Approximately 36 product-specific words plus shared template copy","Halo 4 Tier Storage Cabinet - Open Bookshelf Organizer (Legno Oak)","Client-rendered Product + Offer + Breadcrumb + global FurnitureStore","Breadcrumb to TV Unit & Cabinets; related products; WhatsApp; phone; map","Raw HTML is homepage shell/canonical until JS; long title (94 chars); thin unique product content (~36 words); availability claim requires update ownership; Product/Offer and global FurnitureStore schema are client-only and may contain unsupported fields","Verify source/rights/facts; apply product quality gate; prerender; add unique dimensions, room fit, material, care, delivery/access and image metadata; condition Offer","P1 quality review"
"https://luckyinteriorsfurniture.com/products/halo-5-tier-open-storage-cabinet-wooden-bookshelf-organizer-walnut-white","product","Indexable after JS; raw HTML canonical points to homepage; quality approval recommended","200","https://luckyinteriorsfurniture.com/products/halo-5-tier-open-storage-cabinet-wooden-bookshelf-organizer-walnut-white","Halo 5 Tier Open Storage Cabinet - Wooden Bookshelf Organizer (Walnut & White) | Lucky Interiors Furniture","Modern 5 tier open bookshelf cabinet made from engineered wood, perfect for books, decor, and home organization. Material: Wood finish. Lucky Interiors Fur...","Halo 5 Tier Open Storage Cabinet - Wooden Bookshelf Organizer (Walnut & White)","Details and specifications; Highlights; Construction; Related Products; Visit the store","Approximately 40 product-specific words plus shared template copy","Halo 5 Tier Open Storage Cabinet - Wooden Bookshelf Organizer (Walnut & White)","Client-rendered Product + Offer + Breadcrumb + global FurnitureStore","Breadcrumb to TV Unit & Cabinets; related products; WhatsApp; phone; map","Raw HTML is homepage shell/canonical until JS; long title (106 chars); thin unique product content (~40 words); availability claim requires update ownership; Product/Offer and global FurnitureStore schema are client-only and may contain unsupported fields","Verify source/rights/facts; apply product quality gate; prerender; add unique dimensions, room fit, material, care, delivery/access and image metadata; condition Offer","P1 quality review"
"https://luckyinteriorsfurniture.com/products/modern-2-door-storage-cabinet-beige-dark-brown-finish","product","Indexable after JS; raw HTML canonical points to homepage; quality approval recommended","200","https://luckyinteriorsfurniture.com/products/modern-2-door-storage-cabinet-beige-dark-brown-finish","Modern 2 Door Storage Cabinet (Beige & Dark Brown Finish) | Lucky Interiors Furniture","Organize your space with this stylish 4-door storage cabinet in a beige and dark brown finish. Designed for durability, functionality, and modern home aest...","Modern 2 Door Storage Cabinet (Beige & Dark Brown Finish)","Details and specifications; Highlights; Construction; Related Products; Visit the store","Approximately 48 product-specific words plus shared template copy","Modern 2 Door Storage Cabinet (Beige & Dark Brown Finish)","Client-rendered Product + Offer + Breadcrumb + global FurnitureStore","Breadcrumb to TV Unit & Cabinets; related products; WhatsApp; phone; map","Raw HTML is homepage shell/canonical until JS; long title (85 chars); thin unique product content (~48 words); material requires verification; availability claim requires update ownership; Product/Offer and global FurnitureStore schema are client-only and may contain unsupported fields","Verify source/rights/facts; apply product quality gate; prerender; add unique dimensions, room fit, material, care, delivery/access and image metadata; condition Offer","P1 quality review"
"https://luckyinteriorsfurniture.com/products/modern-4-door-storage-cabinet-dark-charcoal-grey-finish-2","product","Indexable after JS; raw HTML canonical points to homepage; quality approval recommended","200","https://luckyinteriorsfurniture.com/products/modern-4-door-storage-cabinet-dark-charcoal-grey-finish-2","Modern 2 Door Storage Cabinet (Dark Charcoal Grey Finish) | Lucky Interiors Furniture","A sleek and spacious 4-door storage cabinet in dark charcoal grey, designed for modern homes with maximum storage and a minimal aesthetic. Material: Ask fo...","Modern 2 Door Storage Cabinet (Dark Charcoal Grey Finish)","Details and specifications; Highlights; Construction; Related Products; Visit the store","Approximately 45 product-specific words plus shared template copy","Modern 2 Door Storage Cabinet (Dark Charcoal Grey Finish)","Client-rendered Product + Offer + Breadcrumb + global FurnitureStore","Breadcrumb to TV Unit & Cabinets; related products; WhatsApp; phone; map","Raw HTML is homepage shell/canonical until JS; long title (85 chars); duplicate rendered meta description across 2 URLs; thin unique product content (~45 words); material requires verification; availability claim requires update ownership; Product/Offer and global FurnitureStore schema are client-only and may contain unsupported fields","Verify source/rights/facts; apply product quality gate; prerender; add unique dimensions, room fit, material, care, delivery/access and image metadata; condition Offer","P1 quality review"
"https://luckyinteriorsfurniture.com/products/modern-4-door-storage-cabinet-dark-charcoal-grey-finish","product","Indexable after JS; raw HTML canonical points to homepage; quality approval recommended","200","https://luckyinteriorsfurniture.com/products/modern-4-door-storage-cabinet-dark-charcoal-grey-finish","Modern 4 Door Storage Cabinet (Dark Charcoal Grey Finish) | Lucky Interiors Furniture","A sleek and spacious 4-door storage cabinet in dark charcoal grey, designed for modern homes with maximum storage and a minimal aesthetic. Material: Ask fo...","Modern 4 Door Storage Cabinet (Dark Charcoal Grey Finish)","Details and specifications; Highlights; Construction; Related Products; Visit the store","Approximately 45 product-specific words plus shared template copy","Modern 4 Door Storage Cabinet (Dark Charcoal Grey Finish)","Client-rendered Product + Offer + Breadcrumb + global FurnitureStore","Breadcrumb to TV Unit & Cabinets; related products; WhatsApp; phone; map","Raw HTML is homepage shell/canonical until JS; long title (85 chars); duplicate rendered meta description across 2 URLs; thin unique product content (~45 words); material requires verification; availability claim requires update ownership; Product/Offer and global FurnitureStore schema are client-only and may contain unsupported fields","Verify source/rights/facts; apply product quality gate; prerender; add unique dimensions, room fit, material, care, delivery/access and image metadata; condition Offer","P1 quality review"
"https://luckyinteriorsfurniture.com/products/modern-4-door-storage-cabinet-red-yellow-finish","product","Indexable after JS; raw HTML canonical points to homepage; quality approval recommended","200","https://luckyinteriorsfurniture.com/products/modern-4-door-storage-cabinet-red-yellow-finish","Modern 4 Door Storage Cabinet (Red & Yellow Finish) | Lucky Interiors Furniture","Add a bold and vibrant touch to your space with this modern 4-door storage cabinet in striking red with yellow accents. Perfect for stylish and organized l...","Modern 4 Door Storage Cabinet (Red & Yellow Finish)","Details and specifications; Highlights; Construction; Related Products; Visit the store","Approximately 50 product-specific words plus shared template copy","Modern 4 Door Storage Cabinet (Red & Yellow Finish)","Client-rendered Product + Offer + Breadcrumb + global FurnitureStore","Breadcrumb to TV Unit & Cabinets; related products; WhatsApp; phone; map","Raw HTML is homepage shell/canonical until JS; long title (79 chars); thin unique product content (~50 words); material requires verification; availability claim requires update ownership; Product/Offer and global FurnitureStore schema are client-only and may contain unsupported fields","Verify source/rights/facts; apply product quality gate; prerender; add unique dimensions, room fit, material, care, delivery/access and image metadata; condition Offer","P1 quality review"
"https://luckyinteriorsfurniture.com/products/modern-4-door-storage-cabinet-with-mirror-panel-blue-finish","product","Indexable after JS; raw HTML canonical points to homepage; quality approval recommended","200","https://luckyinteriorsfurniture.com/products/modern-4-door-storage-cabinet-with-mirror-panel-blue-finish","Modern 4 Door Storage Cabinet with Mirror Panel (Blue Finish) | Lucky Interiors Furniture","Brighten your space with this stylish blue 4-door storage cabinet featuring a sleek mirror panel. Perfect for organized storage with a modern and vibrant t...","Modern 4 Door Storage Cabinet with Mirror Panel (Blue Finish)","Details and specifications; Highlights; Construction; Related Products; Visit the store","Approximately 49 product-specific words plus shared template copy","Modern 4 Door Storage Cabinet with Mirror Panel (Blue Finish)","Client-rendered Product + Offer + Breadcrumb + global FurnitureStore","Breadcrumb to TV Unit & Cabinets; related products; WhatsApp; phone; map","Raw HTML is homepage shell/canonical until JS; long title (89 chars); thin unique product content (~49 words); material requires verification; availability claim requires update ownership; Product/Offer and global FurnitureStore schema are client-only and may contain unsupported fields","Verify source/rights/facts; apply product quality gate; prerender; add unique dimensions, room fit, material, care, delivery/access and image metadata; condition Offer","P1 quality review"
"https://luckyinteriorsfurniture.com/products/modern-dual-door-storage-cabinet-grey-white-finish","product","Indexable after JS; raw HTML canonical points to homepage; quality approval recommended","200","https://luckyinteriorsfurniture.com/products/modern-dual-door-storage-cabinet-grey-white-finish","Modern Dual Door Storage Cabinet (Grey & White Finish) | Lucky Interiors Furniture","Upgrade your home or office organization with this sleek dual-door storage cabinet. Designed with a modern grey and white finish, it offers ample storage s...","Modern Dual Door Storage Cabinet (Grey & White Finish)","Details and specifications; Highlights; Construction; Related Products; Visit the store","Approximately 57 product-specific words plus shared template copy","Modern Dual Door Storage Cabinet (Grey & White Finish)","Client-rendered Product + Offer + Breadcrumb + global FurnitureStore","Breadcrumb to TV Unit & Cabinets; related products; WhatsApp; phone; map","Raw HTML is homepage shell/canonical until JS; long title (82 chars); thin unique product content (~57 words); material requires verification; availability claim requires update ownership; Product/Offer and global FurnitureStore schema are client-only and may contain unsupported fields","Verify source/rights/facts; apply product quality gate; prerender; add unique dimensions, room fit, material, care, delivery/access and image metadata; condition Offer","P1 quality review"
"https://luckyinteriorsfurniture.com/products/modern-open-display-storage-unit-grey-wood-finish-with-yellow-accent","product","Indexable after JS; raw HTML canonical points to homepage; quality approval recommended","200","https://luckyinteriorsfurniture.com/products/modern-open-display-storage-unit-grey-wood-finish-with-yellow-accent","Modern Open Display Storage Unit (Grey & Wood Finish with Yellow Accent) | Lucky Interiors Furniture","Organize and showcase your essentials with this modern open display unit featuring a stylish grey frame, wood finish shelves, and a vibrant yellow accent p...","Modern Open Display Storage Unit (Grey & Wood Finish with Yellow Accent)","Details and specifications; Highlights; Construction; Related Products; Visit the store","Approximately 47 product-specific words plus shared template copy","Modern Open Display Storage Unit (Grey & Wood Finish with Yellow Accent)","Client-rendered Product + Offer + Breadcrumb + global FurnitureStore","Breadcrumb to TV Unit & Cabinets; related products; WhatsApp; phone; map","Raw HTML is homepage shell/canonical until JS; long title (100 chars); thin unique product content (~47 words); availability claim requires update ownership; Product/Offer and global FurnitureStore schema are client-only and may contain unsupported fields","Verify source/rights/facts; apply product quality gate; prerender; add unique dimensions, room fit, material, care, delivery/access and image metadata; condition Offer","P1 quality review"
"https://luckyinteriorsfurniture.com/products/modern-tv-unit-with-shelves-wooden-entertainment-unit","product","Indexable after JS; raw HTML canonical points to homepage; quality approval recommended","200","https://luckyinteriorsfurniture.com/products/modern-tv-unit-with-shelves-wooden-entertainment-unit","Modern TV Unit with Shelves - Wooden Entertainment Unit | Lucky Interiors Furniture","Stylish TV unit with open shelves and display rack, perfect for living rooms and modern entertainment setups. Material: Wood finish. Lucky Interiors Furnit...","Modern TV Unit with Shelves - Wooden Entertainment Unit","Details and specifications; Highlights; Construction; Related Products; Visit the store","Approximately 37 product-specific words plus shared template copy","Modern TV Unit with Shelves - Wooden Entertainment Unit","Client-rendered Product + Offer + Breadcrumb + global FurnitureStore","Breadcrumb to TV Unit & Cabinets; related products; WhatsApp; phone; map","Raw HTML is homepage shell/canonical until JS; long title (83 chars); thin unique product content (~37 words); availability claim requires update ownership; Product/Offer and global FurnitureStore schema are client-only and may contain unsupported fields","Verify source/rights/facts; apply product quality gate; prerender; add unique dimensions, room fit, material, care, delivery/access and image metadata; condition Offer","P1 quality review"
"https://luckyinteriorsfurniture.com/products/modern-tv-unit-with-side-shelf-wooden-tv-cabinet-with-drawers","product","Indexable after JS; raw HTML canonical points to homepage; quality approval recommended","200","https://luckyinteriorsfurniture.com/products/modern-tv-unit-with-side-shelf-wooden-tv-cabinet-with-drawers","Modern TV Unit with Side Shelf - Wooden TV Cabinet with Drawers | Lucky Interiors Furniture","Contemporary wooden TV unit with side display shelf and drawers, perfect for modern living rooms and compact spaces. Material: Wood finish. Lucky Interiors...","Modern TV Unit with Side Shelf - Wooden TV Cabinet with Drawers","Details and specifications; Highlights; Construction; Related Products; Visit the store","Approximately 41 product-specific words plus shared template copy","Modern TV Unit with Side Shelf - Wooden TV Cabinet with Drawers","Client-rendered Product + Offer + Breadcrumb + global FurnitureStore","Breadcrumb to TV Unit & Cabinets; related products; WhatsApp; phone; map","Raw HTML is homepage shell/canonical until JS; long title (91 chars); thin unique product content (~41 words); availability claim requires update ownership; Product/Offer and global FurnitureStore schema are client-only and may contain unsupported fields","Verify source/rights/facts; apply product quality gate; prerender; add unique dimensions, room fit, material, care, delivery/access and image metadata; condition Offer","P1 quality review"
"https://luckyinteriorsfurniture.com/products/modern-white-tv-unit-low-height-tv-cabinet-with-storage","product","Indexable after JS; raw HTML canonical points to homepage; quality approval recommended","200","https://luckyinteriorsfurniture.com/products/modern-white-tv-unit-low-height-tv-cabinet-with-storage","Modern White TV Unit - Low Height TV Cabinet with Storage | Lucky Interiors Furniture","Sleek white TV unit with storage shelves and cabinet, perfect for modern living rooms and compact spaces. Material: Ask for material details. Lucky Interio...","Modern White TV Unit - Low Height TV Cabinet with Storage","Details and specifications; Highlights; Construction; Related Products; Visit the store","Approximately 43 product-specific words plus shared template copy","Modern White TV Unit - Low Height TV Cabinet with Storage","Client-rendered Product + Offer + Breadcrumb + global FurnitureStore","Breadcrumb to TV Unit & Cabinets; related products; WhatsApp; phone; map","Raw HTML is homepage shell/canonical until JS; long title (85 chars); thin unique product content (~43 words); material requires verification; availability claim requires update ownership; Product/Offer and global FurnitureStore schema are client-only and may contain unsupported fields","Verify source/rights/facts; apply product quality gate; prerender; add unique dimensions, room fit, material, care, delivery/access and image metadata; condition Offer","P1 quality review"
"https://luckyinteriorsfurniture.com/products/premium-4-door-storage-cabinet-charcoal-grey-finish","product","Indexable after JS; raw HTML canonical points to homepage; quality approval recommended","200","https://luckyinteriorsfurniture.com/products/premium-4-door-storage-cabinet-charcoal-grey-finish","Premium 4 Door Storage Cabinet (Charcoal Grey Finish) | Lucky Interiors Furniture","Elevate your storage with this premium 4-door cabinet in a sleek charcoal grey finish, offering spacious organization with a modern and minimal look. Mater...","Premium 4 Door Storage Cabinet (Charcoal Grey Finish)","Details and specifications; Highlights; Construction; Related Products; Visit the store","Approximately 45 product-specific words plus shared template copy","Premium 4 Door Storage Cabinet (Charcoal Grey Finish)","Client-rendered Product + Offer + Breadcrumb + global FurnitureStore","Breadcrumb to TV Unit & Cabinets; related products; WhatsApp; phone; map","Raw HTML is homepage shell/canonical until JS; long title (81 chars); thin unique product content (~45 words); material requires verification; availability claim requires update ownership; Product/Offer and global FurnitureStore schema are client-only and may contain unsupported fields","Verify source/rights/facts; apply product quality gate; prerender; add unique dimensions, room fit, material, care, delivery/access and image metadata; condition Offer","P1 quality review"
"https://luckyinteriorsfurniture.com/products/premium-4-door-storage-cabinet-with-designer-panels-brown-finish","product","Indexable after JS; raw HTML canonical points to homepage; quality approval recommended","200","https://luckyinteriorsfurniture.com/products/premium-4-door-storage-cabinet-with-designer-panels-brown-finish","Premium 4 Door Storage Cabinet with Designer Panels (Brown Finish) | Lucky Interiors Furniture","Add elegance and functionality to your space with this premium 4-door storage cabinet featuring stylish geometric designer panels. Perfect for organized st...","Premium 4 Door Storage Cabinet with Designer Panels (Brown Finish)","Details and specifications; Highlights; Construction; Related Products; Visit the store","Approximately 51 product-specific words plus shared template copy","Premium 4 Door Storage Cabinet with Designer Panels (Brown Finish)","Client-rendered Product + Offer + Breadcrumb + global FurnitureStore","Breadcrumb to TV Unit & Cabinets; related products; WhatsApp; phone; map","Raw HTML is homepage shell/canonical until JS; long title (94 chars); thin unique product content (~51 words); material requires verification; availability claim requires update ownership; Product/Offer and global FurnitureStore schema are client-only and may contain unsupported fields","Verify source/rights/facts; apply product quality gate; prerender; add unique dimensions, room fit, material, care, delivery/access and image metadata; condition Offer","P1 quality review"
"https://luckyinteriorsfurniture.com/products/premium-4-door-storage-cabinet-with-designer-panels-grey-finish","product","Indexable after JS; raw HTML canonical points to homepage; quality approval recommended","200","https://luckyinteriorsfurniture.com/products/premium-4-door-storage-cabinet-with-designer-panels-grey-finish","Premium 4 Door Storage Cabinet with Designer Panels (Grey Finish) | Lucky Interiors Furniture","Upgrade your space with this elegant 4-door storage cabinet in a modern grey finish, featuring stylish geometric designer panels and ample storage capacity...","Premium 4 Door Storage Cabinet with Designer Panels (Grey Finish)","Details and specifications; Highlights; Construction; Related Products; Visit the store","Approximately 47 product-specific words plus shared template copy","Premium 4 Door Storage Cabinet with Designer Panels (Grey Finish)","Client-rendered Product + Offer + Breadcrumb + global FurnitureStore","Breadcrumb to TV Unit & Cabinets; related products; WhatsApp; phone; map","Raw HTML is homepage shell/canonical until JS; long title (93 chars); thin unique product content (~47 words); material requires verification; availability claim requires update ownership; Product/Offer and global FurnitureStore schema are client-only and may contain unsupported fields","Verify source/rights/facts; apply product quality gate; prerender; add unique dimensions, room fit, material, care, delivery/access and image metadata; condition Offer","P1 quality review"
"https://luckyinteriorsfurniture.com/products/sear-3-tier-storage-cabinet-wooden-organizer-with-doors-oak-frosty-white","product","Indexable after JS; raw HTML canonical points to homepage; quality approval recommended","200","https://luckyinteriorsfurniture.com/products/sear-3-tier-storage-cabinet-wooden-organizer-with-doors-oak-frosty-white","Sear 3 Tier Storage Cabinet - Wooden Organizer with Doors (Oak & Frosty White) | Lucky Interiors Furniture","Compact 3 tier wooden storage cabinet with doors, ideal for organizing books, files, and essentials in home or office. Material: Wood finish. Lucky Interio...","Sear 3 Tier Storage Cabinet - Wooden Organizer with Doors (Oak & Frosty White)","Details and specifications; Highlights; Construction; Related Products; Visit the store","Approximately 43 product-specific words plus shared template copy","Sear 3 Tier Storage Cabinet - Wooden Organizer with Doors (Oak & Frosty White)","Client-rendered Product + Offer + Breadcrumb + global FurnitureStore","Breadcrumb to TV Unit & Cabinets; related products; WhatsApp; phone; map","Raw HTML is homepage shell/canonical until JS; long title (106 chars); thin unique product content (~43 words); availability claim requires update ownership; Product/Offer and global FurnitureStore schema are client-only and may contain unsupported fields","Verify source/rights/facts; apply product quality gate; prerender; add unique dimensions, room fit, material, care, delivery/access and image metadata; condition Offer","P1 quality review"
"https://luckyinteriorsfurniture.com/products/sear-4-tier-storage-cabinet-wooden-multi-door-organizer-oak-white","product","Indexable after JS; raw HTML canonical points to homepage; quality approval recommended","200","https://luckyinteriorsfurniture.com/products/sear-4-tier-storage-cabinet-wooden-multi-door-organizer-oak-white","Sear 4 Tier Storage Cabinet - Wooden Multi Door Organizer (Oak & White) | Lucky Interiors Furniture","Modern 4 tier wooden storage cabinet with doors, perfect for organizing books, files, and essentials in home or office. Material: Wood finish. Lucky Interi...","Sear 4 Tier Storage Cabinet - Wooden Multi Door Organizer (Oak & White)","Details and specifications; Highlights; Construction; Related Products; Visit the store","Approximately 42 product-specific words plus shared template copy","Sear 4 Tier Storage Cabinet - Wooden Multi Door Organizer (Oak & White)","Client-rendered Product + Offer + Breadcrumb + global FurnitureStore","Breadcrumb to TV Unit & Cabinets; related products; WhatsApp; phone; map","Raw HTML is homepage shell/canonical until JS; long title (99 chars); thin unique product content (~42 words); availability claim requires update ownership; Product/Offer and global FurnitureStore schema are client-only and may contain unsupported fields","Verify source/rights/facts; apply product quality gate; prerender; add unique dimensions, room fit, material, care, delivery/access and image metadata; condition Offer","P1 quality review"
"https://luckyinteriorsfurniture.com/products/slim-4-door-storage-cabinet-beige-brown-finish","product","Indexable after JS; raw HTML canonical points to homepage; quality approval recommended","200","https://luckyinteriorsfurniture.com/products/slim-4-door-storage-cabinet-beige-brown-finish","Slim 4 Door Storage Cabinet (Beige & Brown Finish) | Lucky Interiors Furniture","Maximize your storage in compact spaces with this slim 4-door cabinet featuring a stylish beige and brown dual-tone design. Ideal for modern homes and orga...","Slim 4 Door Storage Cabinet (Beige & Brown Finish)","Details and specifications; Highlights; Construction; Related Products; Visit the store","Approximately 49 product-specific words plus shared template copy","Slim 4 Door Storage Cabinet (Beige & Brown Finish)","Client-rendered Product + Offer + Breadcrumb + global FurnitureStore","Breadcrumb to TV Unit & Cabinets; related products; WhatsApp; phone; map","Raw HTML is homepage shell/canonical until JS; long title (78 chars); thin unique product content (~49 words); material requires verification; availability claim requires update ownership; Product/Offer and global FurnitureStore schema are client-only and may contain unsupported fields","Verify source/rights/facts; apply product quality gate; prerender; add unique dimensions, room fit, material, care, delivery/access and image metadata; condition Offer","P1 quality review"
"https://luckyinteriorsfurniture.com/products/walnut-white-tv-cabinet-modern-wooden-tv-unit-with-drawers-2","product","Indexable after JS; raw HTML canonical points to homepage; quality approval recommended","200","https://luckyinteriorsfurniture.com/products/walnut-white-tv-cabinet-modern-wooden-tv-unit-with-drawers-2","Walnut & White TV Cabinet - Modern Wooden TV Unit with Drawers | Lucky Interiors Furniture","Premium walnut TV unit with display shelves and storage, perfect for modern living rooms and complete entertainment setups. Material: Wood finish. Lucky In...","Walnut & White TV Cabinet - Modern Wooden TV Unit with Drawers","Details and specifications; Highlights; Construction; Related Products; Visit the store","Approximately 41 product-specific words plus shared template copy","Walnut & White TV Cabinet - Modern Wooden TV Unit with Drawers","Client-rendered Product + Offer + Breadcrumb + global FurnitureStore","Breadcrumb to TV Unit & Cabinets; related products; WhatsApp; phone; map","Raw HTML is homepage shell/canonical until JS; long title (90 chars); duplicate title across 2 URLs; thin unique product content (~41 words); availability claim requires update ownership; Product/Offer and global FurnitureStore schema are client-only and may contain unsupported fields","Verify source/rights/facts; apply product quality gate; prerender; add unique dimensions, room fit, material, care, delivery/access and image metadata; condition Offer","P1 quality review"
"https://luckyinteriorsfurniture.com/products/walnut-white-tv-cabinet-modern-wooden-tv-unit-with-drawers","product","Indexable after JS; raw HTML canonical points to homepage; quality approval recommended","200","https://luckyinteriorsfurniture.com/products/walnut-white-tv-cabinet-modern-wooden-tv-unit-with-drawers","Walnut & White TV Cabinet - Modern Wooden TV Unit with Drawers | Lucky Interiors Furniture","Elegant walnut & white TV cabinet with drawers and shelves, perfect for modern living rooms and organized entertainment spaces. Material: Wood finish. Luck...","Walnut & White TV Cabinet - Modern Wooden TV Unit with Drawers","Details and specifications; Highlights; Construction; Related Products; Visit the store","Approximately 42 product-specific words plus shared template copy","Walnut & White TV Cabinet - Modern Wooden TV Unit with Drawers","Client-rendered Product + Offer + Breadcrumb + global FurnitureStore","Breadcrumb to TV Unit & Cabinets; related products; WhatsApp; phone; map","Raw HTML is homepage shell/canonical until JS; long title (90 chars); duplicate title across 2 URLs; thin unique product content (~42 words); availability claim requires update ownership; Product/Offer and global FurnitureStore schema are client-only and may contain unsupported fields","Verify source/rights/facts; apply product quality gate; prerender; add unique dimensions, room fit, material, care, delivery/access and image metadata; condition Offer","P1 quality review"
"https://luckyinteriorsfurniture.com/products/walnut-tv-cabinet-wooden-tv-unit-with-side-storage","product","Indexable after JS; raw HTML canonical points to homepage; quality approval recommended","200","https://luckyinteriorsfurniture.com/products/walnut-tv-cabinet-wooden-tv-unit-with-side-storage","Walnut TV Cabinet - Wooden TV Unit with Side Storage | Lucky Interiors Furniture","Modern walnut TV cabinet with open shelves and side cabinets, perfect for stylish and organized living rooms. Material: Wood finish. Lucky Interiors Furnit...","Walnut TV Cabinet - Wooden TV Unit with Side Storage","Details and specifications; Highlights; Construction; Related Products; Visit the store","Approximately 38 product-specific words plus shared template copy","Walnut TV Cabinet - Wooden TV Unit with Side Storage","Client-rendered Product + Offer + Breadcrumb + global FurnitureStore","Breadcrumb to TV Unit & Cabinets; related products; WhatsApp; phone; map","Raw HTML is homepage shell/canonical until JS; long title (80 chars); thin unique product content (~38 words); availability claim requires update ownership; Product/Offer and global FurnitureStore schema are client-only and may contain unsupported fields","Verify source/rights/facts; apply product quality gate; prerender; add unique dimensions, room fit, material, care, delivery/access and image metadata; condition Offer","P1 quality review"
"https://luckyinteriorsfurniture.com/products/walnut-tv-cabinet-with-storage-modern-tv-unit-with-shelves","product","Indexable after JS; raw HTML canonical points to homepage; quality approval recommended","200","https://luckyinteriorsfurniture.com/products/walnut-tv-cabinet-with-storage-modern-tv-unit-with-shelves","Walnut TV Cabinet with Storage - Modern TV Unit with Shelves | Lucky Interiors Furniture","Compact walnut TV cabinet with shelves and closed storage, perfect for modern living rooms and organized spaces. Material: Wood finish. Lucky Interiors Fur...","Walnut TV Cabinet with Storage - Modern TV Unit with Shelves","Details and specifications; Highlights; Construction; Related Products; Visit the store","Approximately 39 product-specific words plus shared template copy","Walnut TV Cabinet with Storage - Modern TV Unit with Shelves","Client-rendered Product + Offer + Breadcrumb + global FurnitureStore","Breadcrumb to TV Unit & Cabinets; related products; WhatsApp; phone; map","Raw HTML is homepage shell/canonical until JS; long title (88 chars); thin unique product content (~39 words); availability claim requires update ownership; Product/Offer and global FurnitureStore schema are client-only and may contain unsupported fields","Verify source/rights/facts; apply product quality gate; prerender; add unique dimensions, room fit, material, care, delivery/access and image metadata; condition Offer","P1 quality review"
"https://luckyinteriorsfurniture.com/products/wooden-storage-cabinet-3-door-vertical-storage-unit","product","Indexable after JS; raw HTML canonical points to homepage; quality approval recommended","200","https://luckyinteriorsfurniture.com/products/wooden-storage-cabinet-3-door-vertical-storage-unit","Wooden Storage Cabinet - 3 Door Vertical Storage Unit | Lucky Interiors Furniture","Compact wooden storage cabinet with 3 doors, ideal for organizing books, files, and essentials in home or office. Material: Wood finish. Lucky Interiors Fu...","Wooden Storage Cabinet - 3 Door Vertical Storage Unit","Details and specifications; Highlights; Construction; Related Products; Visit the store","Approximately 37 product-specific words plus shared template copy","Wooden Storage Cabinet - 3 Door Vertical Storage Unit","Client-rendered Product + Offer + Breadcrumb + global FurnitureStore","Breadcrumb to TV Unit & Cabinets; related products; WhatsApp; phone; map","Raw HTML is homepage shell/canonical until JS; long title (81 chars); thin unique product content (~37 words); availability claim requires update ownership; Product/Offer and global FurnitureStore schema are client-only and may contain unsupported fields","Verify source/rights/facts; apply product quality gate; prerender; add unique dimensions, room fit, material, care, delivery/access and image metadata; condition Offer","P1 quality review"
"https://luckyinteriorsfurniture.com/products/wooden-tv-unit-walnut-white-low-height-tv-cabinet","product","Indexable after JS; raw HTML canonical points to homepage; quality approval recommended","200","https://luckyinteriorsfurniture.com/products/wooden-tv-unit-walnut-white-low-height-tv-cabinet","Wooden TV Unit - Walnut & White Low Height TV Cabinet | Lucky Interiors Furniture","Modern wooden TV unit in walnut & white finish with storage shelves, perfect for living rooms and entertainment setups. Material: Wood finish. Lucky Interi...","Wooden TV Unit - Walnut & White Low Height TV Cabinet","Details and specifications; Highlights; Construction; Related Products; Visit the store","Approximately 41 product-specific words plus shared template copy","Wooden TV Unit - Walnut & White Low Height TV Cabinet","Client-rendered Product + Offer + Breadcrumb + global FurnitureStore","Breadcrumb to TV Unit & Cabinets; related products; WhatsApp; phone; map","Raw HTML is homepage shell/canonical until JS; long title (81 chars); thin unique product content (~41 words); availability claim requires update ownership; Product/Offer and global FurnitureStore schema are client-only and may contain unsupported fields","Verify source/rights/facts; apply product quality gate; prerender; add unique dimensions, room fit, material, care, delivery/access and image metadata; condition Offer","P1 quality review"
"https://luckyinteriorsfurniture.com/products/wooden-tv-wall-unit-dual-tone-entertainment-unit-with-storage","product","Indexable after JS; raw HTML canonical points to homepage; quality approval recommended","200","https://luckyinteriorsfurniture.com/products/wooden-tv-wall-unit-dual-tone-entertainment-unit-with-storage","Wooden TV Wall Unit - Dual Tone Entertainment Unit with Storage | Lucky Interiors Furniture","Premium wooden TV wall unit with shelves and cabinets, perfect for modern living rooms and complete entertainment setups. Material: Wood finish. Lucky Inte...","Wooden TV Wall Unit - Dual Tone Entertainment Unit with Storage","Details and specifications; Highlights; Construction; Related Products; Visit the store","Approximately 40 product-specific words plus shared template copy","Wooden TV Wall Unit - Dual Tone Entertainment Unit with Storage","Client-rendered Product + Offer + Breadcrumb + global FurnitureStore","Breadcrumb to TV Unit & Cabinets; related products; WhatsApp; phone; map","Raw HTML is homepage shell/canonical until JS; long title (91 chars); thin unique product content (~40 words); availability claim requires update ownership; Product/Offer and global FurnitureStore schema are client-only and may contain unsupported fields","Verify source/rights/facts; apply product quality gate; prerender; add unique dimensions, room fit, material, care, delivery/access and image metadata; condition Offer","P1 quality review"
"https://luckyinteriorsfurniture.com/products/wooden-wall-unit-tv-cabinet-premium-entertainment-unit-with-storage","product","Indexable after JS; raw HTML canonical points to homepage; quality approval recommended","200","https://luckyinteriorsfurniture.com/products/wooden-wall-unit-tv-cabinet-premium-entertainment-unit-with-storage","Wooden Wall Unit TV Cabinet - Premium Entertainment Unit with Storage | Lucky Interiors Furniture","Stylish wooden wall unit TV cabinet with shelves and storage, perfect for modern living rooms and complete entertainment setups. Material: Wood finish. Luc...","Wooden Wall Unit TV Cabinet - Premium Entertainment Unit with Storage","Details and specifications; Highlights; Construction; Related Products; Visit the store","Approximately 41 product-specific words plus shared template copy","Wooden Wall Unit TV Cabinet - Premium Entertainment Unit with Storage","Client-rendered Product + Offer + Breadcrumb + global FurnitureStore","Breadcrumb to TV Unit & Cabinets; related products; WhatsApp; phone; map","Raw HTML is homepage shell/canonical until JS; long title (97 chars); thin unique product content (~41 words); availability claim requires update ownership; Product/Offer and global FurnitureStore schema are client-only and may contain unsupported fields","Verify source/rights/facts; apply product quality gate; prerender; add unique dimensions, room fit, material, care, delivery/access and image metadata; condition Offer","P1 quality review"
"https://luckyinteriorsfurniture.com/products/aelis-center-table","product","Indexable after JS; raw HTML canonical points to homepage; quality approval recommended","200","https://luckyinteriorsfurniture.com/products/aelis-center-table","Aelis - Center Table | Lucky Interiors Furniture","This is Imported Centre Table with wooden and p.u. polish combination with storage inside one drawer and one sides open. its large size Marble top Coffee T...","Aelis - Center Table","Details and specifications; Highlights; Construction; Related Products; Visit the store","Approximately 66 product-specific words plus shared template copy","Aelis - Center Table","Client-rendered Product + Offer + Breadcrumb + global FurnitureStore","Breadcrumb to Centre Tables; related products; WhatsApp; phone; map","Raw HTML is homepage shell/canonical until JS; thin unique product content (~66 words); availability claim requires update ownership; Product/Offer and global FurnitureStore schema are client-only and may contain unsupported fields","Verify source/rights/facts; apply product quality gate; prerender; add unique dimensions, room fit, material, care, delivery/access and image metadata; condition Offer","P1 quality review"
"https://luckyinteriorsfurniture.com/products/amazon-centre-table","product","Indexable after JS; raw HTML canonical points to homepage; quality approval recommended","200","https://luckyinteriorsfurniture.com/products/amazon-centre-table","Amazon - Centre Table | Lucky Interiors Furniture","A chiseled origami, and a master piece of high quality workmanship. It is also an inspiration from organic shape of leaves of trees abstracted through simp...","Amazon - Centre Table","Details and specifications; Highlights; Construction; Related Products; Visit the store","Approximately 68 product-specific words plus shared template copy","Amazon - Centre Table","Client-rendered Product + Offer + Breadcrumb + global FurnitureStore","Breadcrumb to Centre Tables; related products; WhatsApp; phone; map","Raw HTML is homepage shell/canonical until JS; thin unique product content (~68 words); material requires verification; availability claim requires update ownership; Product/Offer and global FurnitureStore schema are client-only and may contain unsupported fields","Verify source/rights/facts; apply product quality gate; prerender; add unique dimensions, room fit, material, care, delivery/access and image metadata; condition Offer","P1 quality review"
"https://luckyinteriorsfurniture.com/products/ando-center-table-imported-revolving-top-with-storage","product","Indexable after JS; raw HTML canonical points to homepage; quality approval recommended","200","https://luckyinteriorsfurniture.com/products/ando-center-table-imported-revolving-top-with-storage","Ando Center Table - Imported Revolving Top with Storage | Lucky Interiors Furniture","A premium imported center table featuring a smooth revolving top and hidden storage inside. The Ando Center Table adds luxury, innovation, and functionalit...","Ando Center Table - Imported Revolving Top with Storage","Details and specifications; Highlights; Construction; Related Products; Visit the store","Approximately 50 product-specific words plus shared template copy","Ando Center Table - Imported Revolving Top with Storage","Client-rendered Product + Offer + Breadcrumb + global FurnitureStore","Breadcrumb to Centre Tables; related products; WhatsApp; phone; map","Raw HTML is homepage shell/canonical until JS; long title (83 chars); thin unique product content (~50 words); material requires verification; availability claim requires update ownership; Product/Offer and global FurnitureStore schema are client-only and may contain unsupported fields","Verify source/rights/facts; apply product quality gate; prerender; add unique dimensions, room fit, material, care, delivery/access and image metadata; condition Offer","P1 quality review"
"https://luckyinteriorsfurniture.com/products/astra-marble-accent-table-premium-designer-table","product","Indexable after JS; raw HTML canonical points to homepage; quality approval recommended","200","https://luckyinteriorsfurniture.com/products/astra-marble-accent-table-premium-designer-table","Astra Marble Accent Table - Premium Designer Table | Lucky Interiors Furniture","The Astra Marble Accent Table features a luxurious marble top with an elegant designer base, adding timeless sophistication to modern interiors. Material:...","Astra Marble Accent Table - Premium Designer Table","Details and specifications; Highlights; Construction; Related Products; Visit the store","Approximately 39 product-specific words plus shared template copy","Astra Marble Accent Table - Premium Designer Table","Client-rendered Product + Offer + Breadcrumb + global FurnitureStore","Breadcrumb to Centre Tables; related products; WhatsApp; phone; map","Raw HTML is homepage shell/canonical until JS; long title (78 chars); thin unique product content (~39 words); availability claim requires update ownership; Product/Offer and global FurnitureStore schema are client-only and may contain unsupported fields","Verify source/rights/facts; apply product quality gate; prerender; add unique dimensions, room fit, material, care, delivery/access and image metadata; condition Offer","P1 quality review"
"https://luckyinteriorsfurniture.com/products/audi-centre-table-imported-oval-designer-table","product","Indexable after JS; raw HTML canonical points to homepage; quality approval recommended","200","https://luckyinteriorsfurniture.com/products/audi-centre-table-imported-oval-designer-table","Audi Centre Table - Imported Oval Designer Table | Lucky Interiors Furniture","The Audi Centre Table is a premium imported oval-shaped designer table that adds elegance and sophistication to modern living rooms. Material: Ask for mate...","Audi Centre Table - Imported Oval Designer Table","Details and specifications; Highlights; Construction; Related Products; Visit the store","Approximately 42 product-specific words plus shared template copy","Audi Centre Table - Imported Oval Designer Table","Client-rendered Product + Offer + Breadcrumb + global FurnitureStore","Breadcrumb to Centre Tables; related products; WhatsApp; phone; map","Raw HTML is homepage shell/canonical until JS; long title (76 chars); thin unique product content (~42 words); material requires verification; availability claim requires update ownership; Product/Offer and global FurnitureStore schema are client-only and may contain unsupported fields","Verify source/rights/facts; apply product quality gate; prerender; add unique dimensions, room fit, material, care, delivery/access and image metadata; condition Offer","P1 quality review"
"https://luckyinteriorsfurniture.com/products/aura-center-table","product","Indexable after JS; raw HTML canonical points to homepage; quality approval recommended","200","https://luckyinteriorsfurniture.com/products/aura-center-table","Aura - Center Table | Lucky Interiors Furniture","A sober indigenous finish curving down, which unifies your vision at pure wooden textures. This product is a complete blend of sober look with fancy patter...","Aura - Center Table","Details and specifications; Highlights; Construction; Related Products; Visit the store","Approximately 67 product-specific words plus shared template copy","Aura - Center Table","Client-rendered Product + Offer + Breadcrumb + global FurnitureStore","Breadcrumb to Centre Tables; related products; WhatsApp; phone; map","Raw HTML is homepage shell/canonical until JS; thin unique product content (~67 words); availability claim requires update ownership; Product/Offer and global FurnitureStore schema are client-only and may contain unsupported fields","Verify source/rights/facts; apply product quality gate; prerender; add unique dimensions, room fit, material, care, delivery/access and image metadata; condition Offer","P1 quality review"
"https://luckyinteriorsfurniture.com/products/aurelia-gold-marble-top-center-table-set-set-of-2","product","Indexable after JS; raw HTML canonical points to homepage; quality approval recommended","200","https://luckyinteriorsfurniture.com/products/aurelia-gold-marble-top-center-table-set-set-of-2","Aurelia Gold Marble Top Center Table Set (Set of 2) | Lucky Interiors Furniture","Add a touch of luxury to your living room with the Aurelia Center Table Set, featuring elegant round marble-finish tops paired with a stylish gold metal fr...","Aurelia Gold Marble Top Center Table Set (Set of 2)","Details and specifications; Highlights; Construction; Related Products; Visit the store","Approximately 55 product-specific words plus shared template copy","Aurelia Gold Marble Top Center Table Set (Set of 2)","Client-rendered Product + Offer + Breadcrumb + global FurnitureStore","Breadcrumb to Centre Tables; related products; WhatsApp; phone; map","Raw HTML is homepage shell/canonical until JS; long title (79 chars); thin unique product content (~55 words); dimensions require verification; availability claim requires update ownership; Product/Offer and global FurnitureStore schema are client-only and may contain unsupported fields","Verify source/rights/facts; apply product quality gate; prerender; add unique dimensions, room fit, material, care, delivery/access and image metadata; condition Offer","P1 quality review"
"https://luckyinteriorsfurniture.com/products/aurora-artistic-designer-center-table","product","Indexable after JS; raw HTML canonical points to homepage; quality approval recommended","200","https://luckyinteriorsfurniture.com/products/aurora-artistic-designer-center-table","Aurora Artistic Designer Center Table | Lucky Interiors Furniture","Make a bold design statement with the Aurora Center Table, featuring a unique abstract shape and rich wooden finish. Perfect for modern luxury interiors th...","Aurora Artistic Designer Center Table","Details and specifications; Highlights; Construction; Related Products; Visit the store","Approximately 44 product-specific words plus shared template copy","Aurora Artistic Designer Center Table","Client-rendered Product + Offer + Breadcrumb + global FurnitureStore","Breadcrumb to Centre Tables; related products; WhatsApp; phone; map","Raw HTML is homepage shell/canonical until JS; long title (65 chars); thin unique product content (~44 words); availability claim requires update ownership; Product/Offer and global FurnitureStore schema are client-only and may contain unsupported fields","Verify source/rights/facts; apply product quality gate; prerender; add unique dimensions, room fit, material, care, delivery/access and image metadata; condition Offer","P1 quality review"
"https://luckyinteriorsfurniture.com/products/bently-center-table","product","Indexable after JS; raw HTML canonical points to homepage; quality approval recommended","200","https://luckyinteriorsfurniture.com/products/bently-center-table","Bently - Center Table | Lucky Interiors Furniture","Bently is specially designed for Indian context, providing modern look with classic colour combination, which can be fitted in any shades of your living ro...","Bently - Center Table","Details and specifications; Highlights; Construction; Related Products; Visit the store","Approximately 71 product-specific words plus shared template copy","Bently - Center Table","Client-rendered Product + Offer + Breadcrumb + global FurnitureStore","Breadcrumb to Centre Tables; related products; WhatsApp; phone; map","Raw HTML is homepage shell/canonical until JS; thin unique product content (~71 words); material requires verification; availability claim requires update ownership; Product/Offer and global FurnitureStore schema are client-only and may contain unsupported fields","Verify source/rights/facts; apply product quality gate; prerender; add unique dimensions, room fit, material, care, delivery/access and image metadata; condition Offer","P1 quality review"
"https://luckyinteriorsfurniture.com/products/clov-center-table-imported-pc-designer-table","product","Indexable after JS; raw HTML canonical points to homepage; quality approval recommended","200","https://luckyinteriorsfurniture.com/products/clov-center-table-imported-pc-designer-table","Clov Center Table - Imported PC Designer Table | Lucky Interiors Furniture","The Clov Center Table is a premium imported designer table made from high-quality PC material. A perfect blend of modern design and durability for elegant...","Clov Center Table - Imported PC Designer Table","Details and specifications; Highlights; Construction; Related Products; Visit the store","Approximately 49 product-specific words plus shared template copy","Clov Center Table - Imported PC Designer Table","Client-rendered Product + Offer + Breadcrumb + global FurnitureStore","Breadcrumb to Centre Tables; related products; WhatsApp; phone; map","Raw HTML is homepage shell/canonical until JS; long title (74 chars); thin unique product content (~49 words); material requires verification; availability claim requires update ownership; Product/Offer and global FurnitureStore schema are client-only and may contain unsupported fields","Verify source/rights/facts; apply product quality gate; prerender; add unique dimensions, room fit, material, care, delivery/access and image metadata; condition Offer","P1 quality review"
"https://luckyinteriorsfurniture.com/products/veroma-center-table","product","Indexable after JS; raw HTML canonical points to homepage; quality approval recommended","200","https://luckyinteriorsfurniture.com/products/veroma-center-table","CORLA - CENTER TABLE | Lucky Interiors Furniture","This is Indian made Centre Table with wooden and p.u. polish combination with storage inside open kind of,This is large size coffee table with wooden top....","CORLA - CENTER TABLE","Details and specifications; Highlights; Construction; Related Products; Visit the store","Approximately 54 product-specific words plus shared template copy","CORLA - CENTER TABLE","Client-rendered Product + Offer + Breadcrumb + global FurnitureStore","Breadcrumb to Centre Tables; related products; WhatsApp; phone; map","Raw HTML is homepage shell/canonical until JS; thin unique product content (~54 words); availability claim requires update ownership; Product/Offer and global FurnitureStore schema are client-only and may contain unsupported fields","Verify source/rights/facts; apply product quality gate; prerender; add unique dimensions, room fit, material, care, delivery/access and image metadata; condition Offer","P1 quality review"
"https://luckyinteriorsfurniture.com/products/cross-center-table","product","Indexable after JS; raw HTML canonical points to homepage; quality approval recommended","200","https://luckyinteriorsfurniture.com/products/cross-center-table","Cross - Center Table | Lucky Interiors Furniture","This is Imported Centre Table with wooden and p.u. polish combination with storage inside all four sides open, its large size coffee table with wooden top....","Cross - Center Table","Details and specifications; Highlights; Construction; Related Products; Visit the store","Approximately 54 product-specific words plus shared template copy","Cross - Center Table","Client-rendered Product + Offer + Breadcrumb + global FurnitureStore","Breadcrumb to Centre Tables; related products; WhatsApp; phone; map","Raw HTML is homepage shell/canonical until JS; thin unique product content (~54 words); availability claim requires update ownership; Product/Offer and global FurnitureStore schema are client-only and may contain unsupported fields","Verify source/rights/facts; apply product quality gate; prerender; add unique dimensions, room fit, material, care, delivery/access and image metadata; condition Offer","P1 quality review"
"https://luckyinteriorsfurniture.com/products/delsy-center-table","product","Indexable after JS; raw HTML canonical points to homepage; quality approval recommended","200","https://luckyinteriorsfurniture.com/products/delsy-center-table","DELSY - CENTER TABLE | Lucky Interiors Furniture","This is Imported Centre Table with wooden and p.u. polish combination with storage inside one drawer and one sides open. its large size Glass top Coffee Ta...","DELSY - CENTER TABLE","Details and specifications; Highlights; Construction; Related Products; Visit the store","Approximately 67 product-specific words plus shared template copy","DELSY - CENTER TABLE","Client-rendered Product + Offer + Breadcrumb + global FurnitureStore","Breadcrumb to Centre Tables; related products; WhatsApp; phone; map","Raw HTML is homepage shell/canonical until JS; thin unique product content (~67 words); availability claim requires update ownership; Product/Offer and global FurnitureStore schema are client-only and may contain unsupported fields","Verify source/rights/facts; apply product quality gate; prerender; add unique dimensions, room fit, material, care, delivery/access and image metadata; condition Offer","P1 quality review"
"https://luckyinteriorsfurniture.com/products/diva-center-table","product","Indexable after JS; raw HTML canonical points to homepage; quality approval recommended","200","https://luckyinteriorsfurniture.com/products/diva-center-table","DIVA - CENTER TABLE | Lucky Interiors Furniture","This is Imported Centre Table with Metal with goldcopper polish combination with set of two Coffee Table, and it is medium size coffee table with Marble to...","DIVA - CENTER TABLE","Details and specifications; Highlights; Construction; Related Products; Visit the store","Approximately 57 product-specific words plus shared template copy","DIVA - CENTER TABLE","Client-rendered Product + Offer + Breadcrumb + global FurnitureStore","Breadcrumb to Centre Tables; related products; WhatsApp; phone; map","Raw HTML is homepage shell/canonical until JS; thin unique product content (~57 words); availability claim requires update ownership; Product/Offer and global FurnitureStore schema are client-only and may contain unsupported fields","Verify source/rights/facts; apply product quality gate; prerender; add unique dimensions, room fit, material, care, delivery/access and image metadata; condition Offer","P1 quality review"
"https://luckyinteriorsfurniture.com/products/florence-marble-top-nesting-center-table-set-set-of-2","product","Indexable after JS; raw HTML canonical points to homepage; quality approval recommended","200","https://luckyinteriorsfurniture.com/products/florence-marble-top-nesting-center-table-set-set-of-2","Florence Marble Top Nesting Center Table Set (Set of 2) | Lucky Interiors Furniture","Enhance your living space with the Florence Nesting Center Table Set, featuring round marble-finish tops paired with an elegant fluted pedestal base. A per...","Florence Marble Top Nesting Center Table Set (Set of 2)","Details and specifications; Highlights; Construction; Related Products; Visit the store","Approximately 51 product-specific words plus shared template copy","Florence Marble Top Nesting Center Table Set (Set of 2)","Client-rendered Product + Offer + Breadcrumb + global FurnitureStore","Breadcrumb to Centre Tables; related products; WhatsApp; phone; map","Raw HTML is homepage shell/canonical until JS; long title (83 chars); thin unique product content (~51 words); availability claim requires update ownership; Product/Offer and global FurnitureStore schema are client-only and may contain unsupported fields","Verify source/rights/facts; apply product quality gate; prerender; add unique dimensions, room fit, material, care, delivery/access and image metadata; condition Offer","P1 quality review"
"https://luckyinteriorsfurniture.com/products/g-corner-table-center-table","product","Indexable after JS; raw HTML canonical points to homepage; quality approval recommended","200","https://luckyinteriorsfurniture.com/products/g-corner-table-center-table","G CORNER TABLE - CENTER TABLE | Lucky Interiors Furniture","This is Imported G corner table use as Telephone stand, As a side table, Centre Table with fully one piece bend glass very unique design, and it is medium...","G CORNER TABLE - CENTER TABLE","Details and specifications; Highlights; Construction; Related Products; Visit the store","Approximately 65 product-specific words plus shared template copy","G CORNER TABLE - CENTER TABLE","Client-rendered Product + Offer + Breadcrumb + global FurnitureStore","Breadcrumb to Centre Tables; related products; WhatsApp; phone; map","Raw HTML is homepage shell/canonical until JS; thin unique product content (~65 words); availability claim requires update ownership; Product/Offer and global FurnitureStore schema are client-only and may contain unsupported fields","Verify source/rights/facts; apply product quality gate; prerender; add unique dimensions, room fit, material, care, delivery/access and image metadata; condition Offer","P1 quality review"
"https://luckyinteriorsfurniture.com/products/gabby-bronze-centre-table","product","Indexable after JS; raw HTML canonical points to homepage; quality approval recommended","200","https://luckyinteriorsfurniture.com/products/gabby-bronze-centre-table","Gabby Bronze Centre Table | Lucky Interiors Furniture","Bronze glass top centre table with two side tables will add a luxurious feel to all your home furniture and furnishings! Perfect for your stylish home. Mat...","Gabby Bronze Centre Table","Details and specifications; Highlights; Construction; Related Products; Visit the store","Approximately 40 product-specific words plus shared template copy","Gabby Bronze Centre Table","Client-rendered Product + Offer + Breadcrumb + global FurnitureStore","Breadcrumb to Centre Tables; related products; WhatsApp; phone; map","Raw HTML is homepage shell/canonical until JS; thin unique product content (~40 words); availability claim requires update ownership; Product/Offer and global FurnitureStore schema are client-only and may contain unsupported fields","Verify source/rights/facts; apply product quality gate; prerender; add unique dimensions, room fit, material, care, delivery/access and image metadata; condition Offer","P1 quality review"
"https://luckyinteriorsfurniture.com/products/goldy-a-centre-table","product","Indexable after JS; raw HTML canonical points to homepage; quality approval recommended","200","https://luckyinteriorsfurniture.com/products/goldy-a-centre-table","Goldy A Centre Table | Lucky Interiors Furniture","The Goldy A Centre Table is crafted to bring style, function, and durability into your living room. With its elegant design and smooth finish, it instantly...","Goldy A Centre Table","Details and specifications; Highlights; Construction; Related Products; Visit the store","Approximately 51 product-specific words plus shared template copy","Goldy A Centre Table","Client-rendered Product + Offer + Breadcrumb + global FurnitureStore","Breadcrumb to Centre Tables; related products; WhatsApp; phone; map","Raw HTML is homepage shell/canonical until JS; thin unique product content (~51 words); availability claim requires update ownership; Product/Offer and global FurnitureStore schema are client-only and may contain unsupported fields","Verify source/rights/facts; apply product quality gate; prerender; add unique dimensions, room fit, material, care, delivery/access and image metadata; condition Offer","P1 quality review"
"https://luckyinteriorsfurniture.com/products/goldy-aa-centre-table","product","Indexable after JS; raw HTML canonical points to homepage; quality approval recommended","200","https://luckyinteriorsfurniture.com/products/goldy-aa-centre-table","Goldy AA Centre Table | Lucky Interiors Furniture","The Goldy AA Centre Table combines elegance and strength to become the focal point of your living room. Its polished finish and spacious surface make it pe...","Goldy AA Centre Table","Details and specifications; Highlights; Construction; Related Products; Visit the store","Approximately 52 product-specific words plus shared template copy","Goldy AA Centre Table","Client-rendered Product + Offer + Breadcrumb + global FurnitureStore","Breadcrumb to Centre Tables; related products; WhatsApp; phone; map","Raw HTML is homepage shell/canonical until JS; thin unique product content (~52 words); material requires verification; availability claim requires update ownership; Product/Offer and global FurnitureStore schema are client-only and may contain unsupported fields","Verify source/rights/facts; apply product quality gate; prerender; add unique dimensions, room fit, material, care, delivery/access and image metadata; condition Offer","P1 quality review"
"https://luckyinteriorsfurniture.com/products/goldy-ab-centre-table","product","Indexable after JS; raw HTML canonical points to homepage; quality approval recommended","200","https://luckyinteriorsfurniture.com/products/goldy-ab-centre-table","Goldy AB Centre Table | Lucky Interiors Furniture","The Goldy AB Centre Table adds sophistication and practicality to any living room. Its sturdy build, elegant surface, and modern design make it ideal for d...","Goldy AB Centre Table","Details and specifications; Highlights; Construction; Related Products; Visit the store","Approximately 54 product-specific words plus shared template copy","Goldy AB Centre Table","Client-rendered Product + Offer + Breadcrumb + global FurnitureStore","Breadcrumb to Centre Tables; related products; WhatsApp; phone; map","Raw HTML is homepage shell/canonical until JS; thin unique product content (~54 words); material requires verification; availability claim requires update ownership; Product/Offer and global FurnitureStore schema are client-only and may contain unsupported fields","Verify source/rights/facts; apply product quality gate; prerender; add unique dimensions, room fit, material, care, delivery/access and image metadata; condition Offer","P1 quality review"
"https://luckyinteriorsfurniture.com/products/goldy-ac-centre-table","product","Indexable after JS; raw HTML canonical points to homepage; quality approval recommended","200","https://luckyinteriorsfurniture.com/products/goldy-ac-centre-table","Goldy AC Centre Table | Lucky Interiors Furniture","The Goldy AC Centre Table brings modern elegance and everyday functionality to your living space. Its spacious surface is perfect for serving refreshments,...","Goldy AC Centre Table","Details and specifications; Highlights; Construction; Related Products; Visit the store","Approximately 49 product-specific words plus shared template copy","Goldy AC Centre Table","Client-rendered Product + Offer + Breadcrumb + global FurnitureStore","Breadcrumb to Centre Tables; related products; WhatsApp; phone; map","Raw HTML is homepage shell/canonical until JS; thin unique product content (~49 words); material requires verification; availability claim requires update ownership; Product/Offer and global FurnitureStore schema are client-only and may contain unsupported fields","Verify source/rights/facts; apply product quality gate; prerender; add unique dimensions, room fit, material, care, delivery/access and image metadata; condition Offer","P1 quality review"
"https://luckyinteriorsfurniture.com/products/goldy-ad-centre-table","product","Indexable after JS; raw HTML canonical points to homepage; quality approval recommended","200","https://luckyinteriorsfurniture.com/products/goldy-ad-centre-table","Goldy AD Centre Table | Lucky Interiors Furniture","The Goldy AD Centre Table is a premium furniture piece that combines strength, style, and practicality. Its polished surface and robust structure make it i...","Goldy AD Centre Table","Details and specifications; Highlights; Construction; Related Products; Visit the store","Approximately 51 product-specific words plus shared template copy","Goldy AD Centre Table","Client-rendered Product + Offer + Breadcrumb + global FurnitureStore","Breadcrumb to Centre Tables; related products; WhatsApp; phone; map","Raw HTML is homepage shell/canonical until JS; thin unique product content (~51 words); material requires verification; availability claim requires update ownership; Product/Offer and global FurnitureStore schema are client-only and may contain unsupported fields","Verify source/rights/facts; apply product quality gate; prerender; add unique dimensions, room fit, material, care, delivery/access and image metadata; condition Offer","P1 quality review"
"https://luckyinteriorsfurniture.com/products/goldy-ae-centre-table","product","Indexable after JS; raw HTML canonical points to homepage; quality approval recommended","200","https://luckyinteriorsfurniture.com/products/goldy-ae-centre-table","Goldy AE Centre Table | Lucky Interiors Furniture","The Goldy AE Centre Table adds a contemporary and functional touch to your home. Its elegant design and sturdy build make it perfect for displaying decor,...","Goldy AE Centre Table","Details and specifications; Highlights; Construction; Related Products; Visit the store","Approximately 51 product-specific words plus shared template copy","Goldy AE Centre Table","Client-rendered Product + Offer + Breadcrumb + global FurnitureStore","Breadcrumb to Centre Tables; related products; WhatsApp; phone; map","Raw HTML is homepage shell/canonical until JS; thin unique product content (~51 words); availability claim requires update ownership; Product/Offer and global FurnitureStore schema are client-only and may contain unsupported fields","Verify source/rights/facts; apply product quality gate; prerender; add unique dimensions, room fit, material, care, delivery/access and image metadata; condition Offer","P1 quality review"
"https://luckyinteriorsfurniture.com/products/goldy-af-centre-table","product","Indexable after JS; raw HTML canonical points to homepage; quality approval recommended","200","https://luckyinteriorsfurniture.com/products/goldy-af-centre-table","Goldy AF Centre Table | Lucky Interiors Furniture","The Goldy AF Centre Table offers elegance, durability, and practicality in one stylish piece. Its wide tabletop provides ample space for serving guests, or...","Goldy AF Centre Table","Details and specifications; Highlights; Construction; Related Products; Visit the store","Approximately 50 product-specific words plus shared template copy","Goldy AF Centre Table","Client-rendered Product + Offer + Breadcrumb + global FurnitureStore","Breadcrumb to Centre Tables; related products; WhatsApp; phone; map","Raw HTML is homepage shell/canonical until JS; thin unique product content (~50 words); material requires verification; availability claim requires update ownership; Product/Offer and global FurnitureStore schema are client-only and may contain unsupported fields","Verify source/rights/facts; apply product quality gate; prerender; add unique dimensions, room fit, material, care, delivery/access and image metadata; condition Offer","P1 quality review"
"https://luckyinteriorsfurniture.com/products/goldy-ag-centre-table","product","Indexable after JS; raw HTML canonical points to homepage; quality approval recommended","200","https://luckyinteriorsfurniture.com/products/goldy-ag-centre-table","Goldy AG Centre Table | Lucky Interiors Furniture","The Goldy AG Centre Table combines modern design with everyday functionality. Its robust construction and elegant finish make it ideal for serving refreshm...","Goldy AG Centre Table","Details and specifications; Highlights; Construction; Related Products; Visit the store","Approximately 49 product-specific words plus shared template copy","Goldy AG Centre Table","Client-rendered Product + Offer + Breadcrumb + global FurnitureStore","Breadcrumb to Centre Tables; related products; WhatsApp; phone; map","Raw HTML is homepage shell/canonical until JS; thin unique product content (~49 words); material requires verification; availability claim requires update ownership; Product/Offer and global FurnitureStore schema are client-only and may contain unsupported fields","Verify source/rights/facts; apply product quality gate; prerender; add unique dimensions, room fit, material, care, delivery/access and image metadata; condition Offer","P1 quality review"
"https://luckyinteriorsfurniture.com/products/goldy-ah-centre-table","product","Indexable after JS; raw HTML canonical points to homepage; quality approval recommended","200","https://luckyinteriorsfurniture.com/products/goldy-ah-centre-table","Goldy AH Centre Table | Lucky Interiors Furniture","The Goldy AH Centre Table is a stylish and functional centerpiece for your living room. Its durable design, elegant surface, and spacious tabletop make it...","Goldy AH Centre Table","Details and specifications; Highlights; Construction; Related Products; Visit the store","Approximately 52 product-specific words plus shared template copy","Goldy AH Centre Table","Client-rendered Product + Offer + Breadcrumb + global FurnitureStore","Breadcrumb to Centre Tables; related products; WhatsApp; phone; map","Raw HTML is homepage shell/canonical until JS; thin unique product content (~52 words); material requires verification; availability claim requires update ownership; Product/Offer and global FurnitureStore schema are client-only and may contain unsupported fields","Verify source/rights/facts; apply product quality gate; prerender; add unique dimensions, room fit, material, care, delivery/access and image metadata; condition Offer","P1 quality review"
"https://luckyinteriorsfurniture.com/products/goldy-b-centre-table","product","Indexable after JS; raw HTML canonical points to homepage; quality approval recommended","200","https://luckyinteriorsfurniture.com/products/goldy-b-centre-table","Goldy B Centre Table | Lucky Interiors Furniture","Add elegance and practicality to your interiors with the Goldy B Centre Table. Designed with attention to detail, it serves as both a practical utility and...","Goldy B Centre Table","Details and specifications; Highlights; Construction; Related Products; Visit the store","Approximately 53 product-specific words plus shared template copy","Goldy B Centre Table","Client-rendered Product + Offer + Breadcrumb + global FurnitureStore","Breadcrumb to Centre Tables; related products; WhatsApp; phone; map","Raw HTML is homepage shell/canonical until JS; thin unique product content (~53 words); material requires verification; availability claim requires update ownership; Product/Offer and global FurnitureStore schema are client-only and may contain unsupported fields","Verify source/rights/facts; apply product quality gate; prerender; add unique dimensions, room fit, material, care, delivery/access and image metadata; condition Offer","P1 quality review"
"https://luckyinteriorsfurniture.com/products/goldy-c-centre-table","product","Indexable after JS; raw HTML canonical points to homepage; quality approval recommended","200","https://luckyinteriorsfurniture.com/products/goldy-c-centre-table","Goldy C Centre Table | Lucky Interiors Furniture","The Goldy C Centre Table is a perfect mix of contemporary design and long-lasting durability. Its modern finish and sturdy construction make it ideal for e...","Goldy C Centre Table","Details and specifications; Highlights; Construction; Related Products; Visit the store","Approximately 52 product-specific words plus shared template copy","Goldy C Centre Table","Client-rendered Product + Offer + Breadcrumb + global FurnitureStore","Breadcrumb to Centre Tables; related products; WhatsApp; phone; map","Raw HTML is homepage shell/canonical until JS; thin unique product content (~52 words); material requires verification; availability claim requires update ownership; Product/Offer and global FurnitureStore schema are client-only and may contain unsupported fields","Verify source/rights/facts; apply product quality gate; prerender; add unique dimensions, room fit, material, care, delivery/access and image metadata; condition Offer","P1 quality review"
"https://luckyinteriorsfurniture.com/products/goldy-d-centre-table","product","Indexable after JS; raw HTML canonical points to homepage; quality approval recommended","200","https://luckyinteriorsfurniture.com/products/goldy-d-centre-table","Goldy D Centre Table | Lucky Interiors Furniture","The Goldy D Centre Table is designed to combine style with everyday practicality. With a refined finish and sturdy structure, it stands out as a versatile...","Goldy D Centre Table","Details and specifications; Highlights; Construction; Related Products; Visit the store","Approximately 55 product-specific words plus shared template copy","Goldy D Centre Table","Client-rendered Product + Offer + Breadcrumb + global FurnitureStore","Breadcrumb to Centre Tables; related products; WhatsApp; phone; map","Raw HTML is homepage shell/canonical until JS; thin unique product content (~55 words); material requires verification; availability claim requires update ownership; Product/Offer and global FurnitureStore schema are client-only and may contain unsupported fields","Verify source/rights/facts; apply product quality gate; prerender; add unique dimensions, room fit, material, care, delivery/access and image metadata; condition Offer","P1 quality review"
"https://luckyinteriorsfurniture.com/products/goldy-e-centre-table","product","Indexable after JS; raw HTML canonical points to homepage; quality approval recommended","200","https://luckyinteriorsfurniture.com/products/goldy-e-centre-table","Goldy E Centre Table | Lucky Interiors Furniture","The Goldy E Centre Table brings elegance and durability together in one stunning furniture piece. Its contemporary design and high-quality finish make it a...","Goldy E Centre Table","Details and specifications; Highlights; Construction; Related Products; Visit the store","Approximately 52 product-specific words plus shared template copy","Goldy E Centre Table","Client-rendered Product + Offer + Breadcrumb + global FurnitureStore","Breadcrumb to Centre Tables; related products; WhatsApp; phone; map","Raw HTML is homepage shell/canonical until JS; thin unique product content (~52 words); material requires verification; availability claim requires update ownership; Product/Offer and global FurnitureStore schema are client-only and may contain unsupported fields","Verify source/rights/facts; apply product quality gate; prerender; add unique dimensions, room fit, material, care, delivery/access and image metadata; condition Offer","P1 quality review"
"https://luckyinteriorsfurniture.com/products/goldy-f-centre-table","product","Indexable after JS; raw HTML canonical points to homepage; quality approval recommended","200","https://luckyinteriorsfurniture.com/products/goldy-f-centre-table","Goldy F Centre Table | Lucky Interiors Furniture","Elevate your interiors with the Goldy F Centre Table, a perfect blend of sophistication and practicality. Crafted with care, this table stands out with its...","Goldy F Centre Table","Details and specifications; Highlights; Construction; Related Products; Visit the store","Approximately 52 product-specific words plus shared template copy","Goldy F Centre Table","Client-rendered Product + Offer + Breadcrumb + global FurnitureStore","Breadcrumb to Centre Tables; related products; WhatsApp; phone; map","Raw HTML is homepage shell/canonical until JS; thin unique product content (~52 words); material requires verification; availability claim requires update ownership; Product/Offer and global FurnitureStore schema are client-only and may contain unsupported fields","Verify source/rights/facts; apply product quality gate; prerender; add unique dimensions, room fit, material, care, delivery/access and image metadata; condition Offer","P1 quality review"
"https://luckyinteriorsfurniture.com/products/goldy-g-centre-table","product","Indexable after JS; raw HTML canonical points to homepage; quality approval recommended","200","https://luckyinteriorsfurniture.com/products/goldy-g-centre-table","Goldy G Centre Table | Lucky Interiors Furniture","The Goldy G Centre Table is designed to add a touch of modern elegance to your living space. Its sturdy structure and stylish design make it a perfect choi...","Goldy G Centre Table","Details and specifications; Highlights; Construction; Related Products; Visit the store","Approximately 60 product-specific words plus shared template copy","Goldy G Centre Table","Client-rendered Product + Offer + Breadcrumb + global FurnitureStore","Breadcrumb to Centre Tables; related products; WhatsApp; phone; map","Raw HTML is homepage shell/canonical until JS; thin unique product content (~60 words); material requires verification; availability claim requires update ownership; Product/Offer and global FurnitureStore schema are client-only and may contain unsupported fields","Verify source/rights/facts; apply product quality gate; prerender; add unique dimensions, room fit, material, care, delivery/access and image metadata; condition Offer","P1 quality review"
"https://luckyinteriorsfurniture.com/products/goldy-h-centre-table","product","Indexable after JS; raw HTML canonical points to homepage; quality approval recommended","200","https://luckyinteriorsfurniture.com/products/goldy-h-centre-table","Goldy H Centre Table | Lucky Interiors Furniture","The Goldy H Centre Table brings together functionality and timeless style. With its refined finish and durable design, this table serves as both a practica...","Goldy H Centre Table","Details and specifications; Highlights; Construction; Related Products; Visit the store","Approximately 54 product-specific words plus shared template copy","Goldy H Centre Table","Client-rendered Product + Offer + Breadcrumb + global FurnitureStore","Breadcrumb to Centre Tables; related products; WhatsApp; phone; map","Raw HTML is homepage shell/canonical until JS; thin unique product content (~54 words); material requires verification; availability claim requires update ownership; Product/Offer and global FurnitureStore schema are client-only and may contain unsupported fields","Verify source/rights/facts; apply product quality gate; prerender; add unique dimensions, room fit, material, care, delivery/access and image metadata; condition Offer","P1 quality review"
"https://luckyinteriorsfurniture.com/products/goldy-i-centre-table","product","Indexable after JS; raw HTML canonical points to homepage; quality approval recommended","200","https://luckyinteriorsfurniture.com/products/goldy-i-centre-table","Goldy I Centre Table | Lucky Interiors Furniture","Enhance your living room with the Goldy I Centre Table, a perfect mix of elegance and practicality. Its sleek finish and strong build make it a versatile c...","Goldy I Centre Table","Details and specifications; Highlights; Construction; Related Products; Visit the store","Approximately 55 product-specific words plus shared template copy","Goldy I Centre Table","Client-rendered Product + Offer + Breadcrumb + global FurnitureStore","Breadcrumb to Centre Tables; related products; WhatsApp; phone; map","Raw HTML is homepage shell/canonical until JS; thin unique product content (~55 words); material requires verification; availability claim requires update ownership; Product/Offer and global FurnitureStore schema are client-only and may contain unsupported fields","Verify source/rights/facts; apply product quality gate; prerender; add unique dimensions, room fit, material, care, delivery/access and image metadata; condition Offer","P1 quality review"
"https://luckyinteriorsfurniture.com/products/goldy-j-centre-table","product","Indexable after JS; raw HTML canonical points to homepage; quality approval recommended","200","https://luckyinteriorsfurniture.com/products/goldy-j-centre-table","Goldy J Centre Table | Lucky Interiors Furniture","The Goldy J Centre Table combines premium design with reliable strength. Its elegant finish makes it a centerpiece that draws attention in any living room....","Goldy J Centre Table","Details and specifications; Highlights; Construction; Related Products; Visit the store","Approximately 54 product-specific words plus shared template copy","Goldy J Centre Table","Client-rendered Product + Offer + Breadcrumb + global FurnitureStore","Breadcrumb to Centre Tables; related products; WhatsApp; phone; map","Raw HTML is homepage shell/canonical until JS; thin unique product content (~54 words); material requires verification; availability claim requires update ownership; Product/Offer and global FurnitureStore schema are client-only and may contain unsupported fields","Verify source/rights/facts; apply product quality gate; prerender; add unique dimensions, room fit, material, care, delivery/access and image metadata; condition Offer","P1 quality review"
"https://luckyinteriorsfurniture.com/products/goldy-k-centre-table","product","Indexable after JS; raw HTML canonical points to homepage; quality approval recommended","200","https://luckyinteriorsfurniture.com/products/goldy-k-centre-table","Goldy K Centre Table | Lucky Interiors Furniture","The Goldy K Centre Table is a stylish furniture piece that transforms the look of your living room. Its sturdy build ensures durability, while its elegant...","Goldy K Centre Table","Details and specifications; Highlights; Construction; Related Products; Visit the store","Approximately 54 product-specific words plus shared template copy","Goldy K Centre Table","Client-rendered Product + Offer + Breadcrumb + global FurnitureStore","Breadcrumb to Centre Tables; related products; WhatsApp; phone; map","Raw HTML is homepage shell/canonical until JS; thin unique product content (~54 words); material requires verification; availability claim requires update ownership; Product/Offer and global FurnitureStore schema are client-only and may contain unsupported fields","Verify source/rights/facts; apply product quality gate; prerender; add unique dimensions, room fit, material, care, delivery/access and image metadata; condition Offer","P1 quality review"
"https://luckyinteriorsfurniture.com/products/goldy-l-centre-table","product","Indexable after JS; raw HTML canonical points to homepage; quality approval recommended","200","https://luckyinteriorsfurniture.com/products/goldy-l-centre-table","Goldy L Centre Table | Lucky Interiors Furniture","The Goldy L Centre Table is designed for those who prefer simplicity with elegance. Its refined finish and solid construction make it a reliable choice for...","Goldy L Centre Table","Details and specifications; Highlights; Construction; Related Products; Visit the store","Approximately 54 product-specific words plus shared template copy","Goldy L Centre Table","Client-rendered Product + Offer + Breadcrumb + global FurnitureStore","Breadcrumb to Centre Tables; related products; WhatsApp; phone; map","Raw HTML is homepage shell/canonical until JS; thin unique product content (~54 words); material requires verification; availability claim requires update ownership; Product/Offer and global FurnitureStore schema are client-only and may contain unsupported fields","Verify source/rights/facts; apply product quality gate; prerender; add unique dimensions, room fit, material, care, delivery/access and image metadata; condition Offer","P1 quality review"
"https://luckyinteriorsfurniture.com/products/goldy-m-centre-table","product","Indexable after JS; raw HTML canonical points to homepage; quality approval recommended","200","https://luckyinteriorsfurniture.com/products/goldy-m-centre-table","Goldy M Centre Table | Lucky Interiors Furniture","The Goldy M Centre Table is crafted to add a modern and functional touch to your living room. Its sleek surface and sturdy construction make it perfect for...","Goldy M Centre Table","Details and specifications; Highlights; Construction; Related Products; Visit the store","Approximately 54 product-specific words plus shared template copy","Goldy M Centre Table","Client-rendered Product + Offer + Breadcrumb + global FurnitureStore","Breadcrumb to Centre Tables; related products; WhatsApp; phone; map","Raw HTML is homepage shell/canonical until JS; thin unique product content (~54 words); material requires verification; availability claim requires update ownership; Product/Offer and global FurnitureStore schema are client-only and may contain unsupported fields","Verify source/rights/facts; apply product quality gate; prerender; add unique dimensions, room fit, material, care, delivery/access and image metadata; condition Offer","P1 quality review"
"https://luckyinteriorsfurniture.com/products/goldy-n-centre-table","product","Indexable after JS; raw HTML canonical points to homepage; quality approval recommended","200","https://luckyinteriorsfurniture.com/products/goldy-n-centre-table","Goldy N Centre Table | Lucky Interiors Furniture","The Goldy N Centre Table combines style and practicality to elevate your living room. Its elegant design and durable build make it perfect for enhancing th...","Goldy N Centre Table","Details and specifications; Highlights; Construction; Related Products; Visit the store","Approximately 57 product-specific words plus shared template copy","Goldy N Centre Table","Client-rendered Product + Offer + Breadcrumb + global FurnitureStore","Breadcrumb to Centre Tables; related products; WhatsApp; phone; map","Raw HTML is homepage shell/canonical until JS; thin unique product content (~57 words); material requires verification; availability claim requires update ownership; Product/Offer and global FurnitureStore schema are client-only and may contain unsupported fields","Verify source/rights/facts; apply product quality gate; prerender; add unique dimensions, room fit, material, care, delivery/access and image metadata; condition Offer","P1 quality review"
"https://luckyinteriorsfurniture.com/products/goldy-o-centre-table","product","Indexable after JS; raw HTML canonical points to homepage; quality approval recommended","200","https://luckyinteriorsfurniture.com/products/goldy-o-centre-table","Goldy O Centre Table | Lucky Interiors Furniture","The Goldy O Centre Table is designed to elevate your living room setup with its refined finish and sturdy frame. Whether you want to showcase decor, serve...","Goldy O Centre Table","Details and specifications; Highlights; Construction; Related Products; Visit the store","Approximately 55 product-specific words plus shared template copy","Goldy O Centre Table","Client-rendered Product + Offer + Breadcrumb + global FurnitureStore","Breadcrumb to Centre Tables; related products; WhatsApp; phone; map","Raw HTML is homepage shell/canonical until JS; thin unique product content (~55 words); material requires verification; availability claim requires update ownership; Product/Offer and global FurnitureStore schema are client-only and may contain unsupported fields","Verify source/rights/facts; apply product quality gate; prerender; add unique dimensions, room fit, material, care, delivery/access and image metadata; condition Offer","P1 quality review"
"https://luckyinteriorsfurniture.com/products/goldy-p-centre-table","product","Indexable after JS; raw HTML canonical points to homepage; quality approval recommended","200","https://luckyinteriorsfurniture.com/products/goldy-p-centre-table","Goldy P Centre Table | Lucky Interiors Furniture","The Goldy P Centre Table brings a balance of functionality and elegance to your home. With its broad tabletop and refined design, it is ideal for serving g...","Goldy P Centre Table","Details and specifications; Highlights; Construction; Related Products; Visit the store","Approximately 54 product-specific words plus shared template copy","Goldy P Centre Table","Client-rendered Product + Offer + Breadcrumb + global FurnitureStore","Breadcrumb to Centre Tables; related products; WhatsApp; phone; map","Raw HTML is homepage shell/canonical until JS; thin unique product content (~54 words); material requires verification; availability claim requires update ownership; Product/Offer and global FurnitureStore schema are client-only and may contain unsupported fields","Verify source/rights/facts; apply product quality gate; prerender; add unique dimensions, room fit, material, care, delivery/access and image metadata; condition Offer","P1 quality review"
"https://luckyinteriorsfurniture.com/products/goldy-q-centre-table","product","Indexable after JS; raw HTML canonical points to homepage; quality approval recommended","200","https://luckyinteriorsfurniture.com/products/goldy-q-centre-table","Goldy Q Centre Table | Lucky Interiors Furniture","The Goldy Q Centre Table is an excellent choice for homeowners who value style and durability. Its modern yet practical design makes it the perfect centerp...","Goldy Q Centre Table","Details and specifications; Highlights; Construction; Related Products; Visit the store","Approximately 54 product-specific words plus shared template copy","Goldy Q Centre Table","Client-rendered Product + Offer + Breadcrumb + global FurnitureStore","Breadcrumb to Centre Tables; related products; WhatsApp; phone; map","Raw HTML is homepage shell/canonical until JS; thin unique product content (~54 words); material requires verification; availability claim requires update ownership; Product/Offer and global FurnitureStore schema are client-only and may contain unsupported fields","Verify source/rights/facts; apply product quality gate; prerender; add unique dimensions, room fit, material, care, delivery/access and image metadata; condition Offer","P1 quality review"
"https://luckyinteriorsfurniture.com/products/goldy-r-centre-table","product","Indexable after JS; raw HTML canonical points to homepage; quality approval recommended","200","https://luckyinteriorsfurniture.com/products/goldy-r-centre-table","Goldy R Centre Table | Lucky Interiors Furniture","The Goldy R Centre Table is designed to redefine comfort and elegance in your living room. Its durable structure and polished finish make it both a functio...","Goldy R Centre Table","Details and specifications; Highlights; Construction; Related Products; Visit the store","Approximately 54 product-specific words plus shared template copy","Goldy R Centre Table","Client-rendered Product + Offer + Breadcrumb + global FurnitureStore","Breadcrumb to Centre Tables; related products; WhatsApp; phone; map","Raw HTML is homepage shell/canonical until JS; thin unique product content (~54 words); material requires verification; availability claim requires update ownership; Product/Offer and global FurnitureStore schema are client-only and may contain unsupported fields","Verify source/rights/facts; apply product quality gate; prerender; add unique dimensions, room fit, material, care, delivery/access and image metadata; condition Offer","P1 quality review"
"https://luckyinteriorsfurniture.com/products/goldy-s-centre-table","product","Indexable after JS; raw HTML canonical points to homepage; quality approval recommended","200","https://luckyinteriorsfurniture.com/products/goldy-s-centre-table","Goldy S Centre Table | Lucky Interiors Furniture","The Goldy S Centre Table combines elegance and functionality to elevate your living room decor. Its spacious tabletop allows you to serve snacks, display d...","Goldy S Centre Table","Details and specifications; Highlights; Construction; Related Products; Visit the store","Approximately 51 product-specific words plus shared template copy","Goldy S Centre Table","Client-rendered Product + Offer + Breadcrumb + global FurnitureStore","Breadcrumb to Centre Tables; related products; WhatsApp; phone; map","Raw HTML is homepage shell/canonical until JS; thin unique product content (~51 words); material requires verification; availability claim requires update ownership; Product/Offer and global FurnitureStore schema are client-only and may contain unsupported fields","Verify source/rights/facts; apply product quality gate; prerender; add unique dimensions, room fit, material, care, delivery/access and image metadata; condition Offer","P1 quality review"
"https://luckyinteriorsfurniture.com/products/goldy-t-centre-table","product","Indexable after JS; raw HTML canonical points to homepage; quality approval recommended","200","https://luckyinteriorsfurniture.com/products/goldy-t-centre-table","Goldy T Centre Table | Lucky Interiors Furniture","The Goldy T Centre Table is perfect for homeowners who value style and durability. Its sleek design and robust build make it ideal for daily use, from serv...","Goldy T Centre Table","Details and specifications; Highlights; Construction; Related Products; Visit the store","Approximately 55 product-specific words plus shared template copy","Goldy T Centre Table","Client-rendered Product + Offer + Breadcrumb + global FurnitureStore","Breadcrumb to Centre Tables; related products; WhatsApp; phone; map","Raw HTML is homepage shell/canonical until JS; thin unique product content (~55 words); material requires verification; availability claim requires update ownership; Product/Offer and global FurnitureStore schema are client-only and may contain unsupported fields","Verify source/rights/facts; apply product quality gate; prerender; add unique dimensions, room fit, material, care, delivery/access and image metadata; condition Offer","P1 quality review"
"https://luckyinteriorsfurniture.com/products/goldy-u-centre-table","product","Indexable after JS; raw HTML canonical points to homepage; quality approval recommended","200","https://luckyinteriorsfurniture.com/products/goldy-u-centre-table","Goldy U Centre Table | Lucky Interiors Furniture","Add charm and functionality to your interiors with the Goldy U Centre Table. Its sturdy frame and elegant design make it ideal for daily use, while the spa...","Goldy U Centre Table","Details and specifications; Highlights; Construction; Related Products; Visit the store","Approximately 54 product-specific words plus shared template copy","Goldy U Centre Table","Client-rendered Product + Offer + Breadcrumb + global FurnitureStore","Breadcrumb to Centre Tables; related products; WhatsApp; phone; map","Raw HTML is homepage shell/canonical until JS; thin unique product content (~54 words); material requires verification; availability claim requires update ownership; Product/Offer and global FurnitureStore schema are client-only and may contain unsupported fields","Verify source/rights/facts; apply product quality gate; prerender; add unique dimensions, room fit, material, care, delivery/access and image metadata; condition Offer","P1 quality review"
"https://luckyinteriorsfurniture.com/products/goldy-v-centre-table","product","Indexable after JS; raw HTML canonical points to homepage; quality approval recommended","200","https://luckyinteriorsfurniture.com/products/goldy-v-centre-table","Goldy V Centre Table | Lucky Interiors Furniture","The Goldy V Centre Table brings a modern and stylish touch to your living room. Its solid build ensures durability, while the elegant surface allows for se...","Goldy V Centre Table","Details and specifications; Highlights; Construction; Related Products; Visit the store","Approximately 52 product-specific words plus shared template copy","Goldy V Centre Table","Client-rendered Product + Offer + Breadcrumb + global FurnitureStore","Breadcrumb to Centre Tables; related products; WhatsApp; phone; map","Raw HTML is homepage shell/canonical until JS; thin unique product content (~52 words); material requires verification; availability claim requires update ownership; Product/Offer and global FurnitureStore schema are client-only and may contain unsupported fields","Verify source/rights/facts; apply product quality gate; prerender; add unique dimensions, room fit, material, care, delivery/access and image metadata; condition Offer","P1 quality review"
"https://luckyinteriorsfurniture.com/products/goldy-w-centre-table","product","Indexable after JS; raw HTML canonical points to homepage; quality approval recommended","200","https://luckyinteriorsfurniture.com/products/goldy-w-centre-table","Goldy W Centre Table | Lucky Interiors Furniture","The Goldy W Centre Table combines sophistication with practicality to enhance your living space. Crafted for long-lasting use, it provides ample space for...","Goldy W Centre Table","Details and specifications; Highlights; Construction; Related Products; Visit the store","Approximately 49 product-specific words plus shared template copy","Goldy W Centre Table","Client-rendered Product + Offer + Breadcrumb + global FurnitureStore","Breadcrumb to Centre Tables; related products; WhatsApp; phone; map","Raw HTML is homepage shell/canonical until JS; thin unique product content (~49 words); material requires verification; availability claim requires update ownership; Product/Offer and global FurnitureStore schema are client-only and may contain unsupported fields","Verify source/rights/facts; apply product quality gate; prerender; add unique dimensions, room fit, material, care, delivery/access and image metadata; condition Offer","P1 quality review"
"https://luckyinteriorsfurniture.com/products/goldy-x-centre-table","product","Indexable after JS; raw HTML canonical points to homepage; quality approval recommended","200","https://luckyinteriorsfurniture.com/products/goldy-x-centre-table","Goldy X Centre Table | Lucky Interiors Furniture","The Goldy X Centre Table is a premium choice for enhancing your home decor with style and durability. Its spacious tabletop makes it ideal for serving refr...","Goldy X Centre Table","Details and specifications; Highlights; Construction; Related Products; Visit the store","Approximately 52 product-specific words plus shared template copy","Goldy X Centre Table","Client-rendered Product + Offer + Breadcrumb + global FurnitureStore","Breadcrumb to Centre Tables; related products; WhatsApp; phone; map","Raw HTML is homepage shell/canonical until JS; thin unique product content (~52 words); material requires verification; availability claim requires update ownership; Product/Offer and global FurnitureStore schema are client-only and may contain unsupported fields","Verify source/rights/facts; apply product quality gate; prerender; add unique dimensions, room fit, material, care, delivery/access and image metadata; condition Offer","P1 quality review"
"https://luckyinteriorsfurniture.com/products/goldy-y-centre-table","product","Indexable after JS; raw HTML canonical points to homepage; quality approval recommended","200","https://luckyinteriorsfurniture.com/products/goldy-y-centre-table","Goldy Y Centre Table | Lucky Interiors Furniture","The Goldy Y Centre Table is designed to elevate your living room with style and functionality. Its durable construction and elegant surface make it perfect...","Goldy Y Centre Table","Details and specifications; Highlights; Construction; Related Products; Visit the store","Approximately 51 product-specific words plus shared template copy","Goldy Y Centre Table","Client-rendered Product + Offer + Breadcrumb + global FurnitureStore","Breadcrumb to Centre Tables; related products; WhatsApp; phone; map","Raw HTML is homepage shell/canonical until JS; thin unique product content (~51 words); material requires verification; availability claim requires update ownership; Product/Offer and global FurnitureStore schema are client-only and may contain unsupported fields","Verify source/rights/facts; apply product quality gate; prerender; add unique dimensions, room fit, material, care, delivery/access and image metadata; condition Offer","P1 quality review"
"https://luckyinteriorsfurniture.com/products/goldy-z-centre-table","product","Indexable after JS; raw HTML canonical points to homepage; quality approval recommended","200","https://luckyinteriorsfurniture.com/products/goldy-z-centre-table","Goldy Z Centre Table | Lucky Interiors Furniture","Bring elegance and durability to your home with the Goldy Z Centre Table. Its sleek design and sturdy build make it ideal for everyday use while adding sop...","Goldy Z Centre Table","Details and specifications; Highlights; Construction; Related Products; Visit the store","Approximately 54 product-specific words plus shared template copy","Goldy Z Centre Table","Client-rendered Product + Offer + Breadcrumb + global FurnitureStore","Breadcrumb to Centre Tables; related products; WhatsApp; phone; map","Raw HTML is homepage shell/canonical until JS; thin unique product content (~54 words); material requires verification; availability claim requires update ownership; Product/Offer and global FurnitureStore schema are client-only and may contain unsupported fields","Verify source/rights/facts; apply product quality gate; prerender; add unique dimensions, room fit, material, care, delivery/access and image metadata; condition Offer","P1 quality review"
"https://luckyinteriorsfurniture.com/products/gonza-center-table","product","Indexable after JS; raw HTML canonical points to homepage; quality approval recommended","200","https://luckyinteriorsfurniture.com/products/gonza-center-table","Gonza - Center Table | Lucky Interiors Furniture","This is Imported Centre Table with wooden and p.u. polish combination with storage inside also one side drawer, its large size coffee table with wooden top...","Gonza - Center Table","Details and specifications; Highlights; Construction; Related Products; Visit the store","Approximately 54 product-specific words plus shared template copy","Gonza - Center Table","Client-rendered Product + Offer + Breadcrumb + global FurnitureStore","Breadcrumb to Centre Tables; related products; WhatsApp; phone; map","Raw HTML is homepage shell/canonical until JS; thin unique product content (~54 words); availability claim requires update ownership; Product/Offer and global FurnitureStore schema are client-only and may contain unsupported fields","Verify source/rights/facts; apply product quality gate; prerender; add unique dimensions, room fit, material, care, delivery/access and image metadata; condition Offer","P1 quality review"
"https://luckyinteriorsfurniture.com/products/helen-center-table","product","Indexable after JS; raw HTML canonical points to homepage; quality approval recommended","200","https://luckyinteriorsfurniture.com/products/helen-center-table","HELEN - CENTER TABLE | Lucky Interiors Furniture","Helen is Imported Centre Table with Marble top and p.u. polish combination with storage inside two drawer. its large size Marble top Coffee Table. This is...","HELEN - CENTER TABLE","Details and specifications; Highlights; Construction; Related Products; Visit the store","Approximately 66 product-specific words plus shared template copy","HELEN - CENTER TABLE","Client-rendered Product + Offer + Breadcrumb + global FurnitureStore","Breadcrumb to Centre Tables; related products; WhatsApp; phone; map","Raw HTML is homepage shell/canonical until JS; thin unique product content (~66 words); availability claim requires update ownership; Product/Offer and global FurnitureStore schema are client-only and may contain unsupported fields","Verify source/rights/facts; apply product quality gate; prerender; add unique dimensions, room fit, material, care, delivery/access and image metadata; condition Offer","P1 quality review"
"https://luckyinteriorsfurniture.com/products/hora-center-table","product","Indexable after JS; raw HTML canonical points to homepage; quality approval recommended","200","https://luckyinteriorsfurniture.com/products/hora-center-table","HORA - CENTER TABLE | Lucky Interiors Furniture","Hora is Imported made solid teak wood center table, Coffee Table with Marble top. This is Designer Center table with four nos. puffy. This is Square shape...","HORA - CENTER TABLE","Details and specifications; Highlights; Construction; Related Products; Visit the store","Approximately 53 product-specific words plus shared template copy","HORA - CENTER TABLE","Client-rendered Product + Offer + Breadcrumb + global FurnitureStore","Breadcrumb to Centre Tables; related products; WhatsApp; phone; map","Raw HTML is homepage shell/canonical until JS; thin unique product content (~53 words); availability claim requires update ownership; Product/Offer and global FurnitureStore schema are client-only and may contain unsupported fields","Verify source/rights/facts; apply product quality gate; prerender; add unique dimensions, room fit, material, care, delivery/access and image metadata; condition Offer","P1 quality review"
"https://luckyinteriorsfurniture.com/products/imperio-luxury-marble-top-center-table-set-set-of-3","product","Indexable after JS; raw HTML canonical points to homepage; quality approval recommended","200","https://luckyinteriorsfurniture.com/products/imperio-luxury-marble-top-center-table-set-set-of-3","Imperio Luxury Marble Top Center Table Set (Set of 3) | Lucky Interiors Furniture","Create a bold luxury statement with the Imperio Center Table Set, featuring an artistic marble-finish tabletop paired with elegant gold-tone pedestal bases...","Imperio Luxury Marble Top Center Table Set (Set of 3)","Details and specifications; Highlights; Construction; Related Products; Visit the store","Approximately 51 product-specific words plus shared template copy","Imperio Luxury Marble Top Center Table Set (Set of 3)","Client-rendered Product + Offer + Breadcrumb + global FurnitureStore","Breadcrumb to Centre Tables; related products; WhatsApp; phone; map","Raw HTML is homepage shell/canonical until JS; long title (81 chars); thin unique product content (~51 words); dimensions require verification; availability claim requires update ownership; Product/Offer and global FurnitureStore schema are client-only and may contain unsupported fields","Verify source/rights/facts; apply product quality gate; prerender; add unique dimensions, room fit, material, care, delivery/access and image metadata; condition Offer","P1 quality review"
"https://luckyinteriorsfurniture.com/products/jenish-center-table","product","Indexable after JS; raw HTML canonical points to homepage; quality approval recommended","200","https://luckyinteriorsfurniture.com/products/jenish-center-table","JENISH - CENTER TABLE | Lucky Interiors Furniture","This is Imported Centre Table with wooden and p.u. polish combination with storage inside one drawer and one sides open. its large size coffee table with m...","JENISH - CENTER TABLE","Details and specifications; Highlights; Construction; Related Products; Visit the store","Approximately 60 product-specific words plus shared template copy","JENISH - CENTER TABLE","Client-rendered Product + Offer + Breadcrumb + global FurnitureStore","Breadcrumb to Centre Tables; related products; WhatsApp; phone; map","Raw HTML is homepage shell/canonical until JS; duplicate rendered meta description across 2 URLs; thin unique product content (~60 words); availability claim requires update ownership; Product/Offer and global FurnitureStore schema are client-only and may contain unsupported fields","Verify source/rights/facts; apply product quality gate; prerender; add unique dimensions, room fit, material, care, delivery/access and image metadata; condition Offer","P1 quality review"
"https://luckyinteriorsfurniture.com/products/jes-3-in-1-side-table-set-center-table","product","Indexable after JS; raw HTML canonical points to homepage; quality approval recommended","200","https://luckyinteriorsfurniture.com/products/jes-3-in-1-side-table-set-center-table","JES 3 IN 1 SIDE TABLE SET - CENTER TABLE | Lucky Interiors Furniture","jes is Imported metal 3 in 1 sida table set with golden copper metalic polish. Three in One Side Table Set also can be use as coffee table set, Centre tabl...","JES 3 IN 1 SIDE TABLE SET - CENTER TABLE","Details and specifications; Highlights; Construction; Related Products; Visit the store","Approximately 50 product-specific words plus shared template copy","JES 3 IN 1 SIDE TABLE SET - CENTER TABLE","Client-rendered Product + Offer + Breadcrumb + global FurnitureStore","Breadcrumb to Centre Tables; related products; WhatsApp; phone; map","Raw HTML is homepage shell/canonical until JS; long title (68 chars); thin unique product content (~50 words); availability claim requires update ownership; Product/Offer and global FurnitureStore schema are client-only and may contain unsupported fields","Verify source/rights/facts; apply product quality gate; prerender; add unique dimensions, room fit, material, care, delivery/access and image metadata; condition Offer","P1 quality review"
"https://luckyinteriorsfurniture.com/products/king-center-table","product","Indexable after JS; raw HTML canonical points to homepage; quality approval recommended","200","https://luckyinteriorsfurniture.com/products/king-center-table","KING - CENTER TABLE | Lucky Interiors Furniture","This is Imported centre table with wooden and p.u. polish combination with storage inside also one side drawer, its large size coffee table with Marble top...","KING - CENTER TABLE","Details and specifications; Highlights; Construction; Related Products; Visit the store","Approximately 66 product-specific words plus shared template copy","KING - CENTER TABLE","Client-rendered Product + Offer + Breadcrumb + global FurnitureStore","Breadcrumb to Centre Tables; related products; WhatsApp; phone; map","Raw HTML is homepage shell/canonical until JS; thin unique product content (~66 words); availability claim requires update ownership; Product/Offer and global FurnitureStore schema are client-only and may contain unsupported fields","Verify source/rights/facts; apply product quality gate; prerender; add unique dimensions, room fit, material, care, delivery/access and image metadata; condition Offer","P1 quality review"
"https://luckyinteriorsfurniture.com/products/kiva-center-table","product","Indexable after JS; raw HTML canonical points to homepage; quality approval recommended","200","https://luckyinteriorsfurniture.com/products/kiva-center-table","KIVA - CENTER TABLE | Lucky Interiors Furniture","This is Indian made Centre Table with wooden and p.u. polish combination with four nos. puffy/ stools, its large size coffee table with Glass top. This cof...","KIVA - CENTER TABLE","Details and specifications; Highlights; Construction; Related Products; Visit the store","Approximately 117 product-specific words plus shared template copy","KIVA - CENTER TABLE","Client-rendered Product + Offer + Breadcrumb + global FurnitureStore","Breadcrumb to Centre Tables; related products; WhatsApp; phone; map","Raw HTML is homepage shell/canonical until JS; availability claim requires update ownership; Product/Offer and global FurnitureStore schema are client-only and may contain unsupported fields","Verify source/rights/facts; apply product quality gate; prerender; add unique dimensions, room fit, material, care, delivery/access and image metadata; condition Offer","P2"
"https://luckyinteriorsfurniture.com/products/lara-ceramic-top-designer-center-table-with-drawer","product","Indexable after JS; raw HTML canonical points to homepage; quality approval recommended","200","https://luckyinteriorsfurniture.com/products/lara-ceramic-top-designer-center-table-with-drawer","lara Ceramic Top Designer Center Table with Drawer | Lucky Interiors Furniture","Upgrade your living space with the Elara Center Table, featuring premium ceramic tops, a sleek metal frame, and built-in drawer storage. Designed for moder...","lara Ceramic Top Designer Center Table with Drawer","Details and specifications; Highlights; Construction; Related Products; Visit the store","Approximately 47 product-specific words plus shared template copy","lara Ceramic Top Designer Center Table with Drawer","Client-rendered Product + Offer + Breadcrumb + global FurnitureStore","Breadcrumb to Centre Tables; related products; WhatsApp; phone; map","Raw HTML is homepage shell/canonical until JS; long title (78 chars); thin unique product content (~47 words); availability claim requires update ownership; Product/Offer and global FurnitureStore schema are client-only and may contain unsupported fields","Verify source/rights/facts; apply product quality gate; prerender; add unique dimensions, room fit, material, care, delivery/access and image metadata; condition Offer","P1 quality review"
"https://luckyinteriorsfurniture.com/products/lilli-marble-top-centre-table","product","Indexable after JS; raw HTML canonical points to homepage; quality approval recommended","200","https://luckyinteriorsfurniture.com/products/lilli-marble-top-centre-table","Lilli Marble Top Centre Table | Lucky Interiors Furniture","Invite luxury into your home with this Cream Marble top centre table, perfect for a home with simplistic style yet a glamorous feel. Material: Marble finis...","Lilli Marble Top Centre Table","Details and specifications; Highlights; Construction; Related Products; Visit the store","Approximately 38 product-specific words plus shared template copy","Lilli Marble Top Centre Table","Client-rendered Product + Offer + Breadcrumb + global FurnitureStore","Breadcrumb to Centre Tables; related products; WhatsApp; phone; map","Raw HTML is homepage shell/canonical until JS; thin unique product content (~38 words); availability claim requires update ownership; Product/Offer and global FurnitureStore schema are client-only and may contain unsupported fields","Verify source/rights/facts; apply product quality gate; prerender; add unique dimensions, room fit, material, care, delivery/access and image metadata; condition Offer","P1 quality review"
"https://luckyinteriorsfurniture.com/products/limca-center-table","product","Indexable after JS; raw HTML canonical points to homepage; quality approval recommended","200","https://luckyinteriorsfurniture.com/products/limca-center-table","LIMCA - CENTER TABLE | Lucky Interiors Furniture","Limca is Imported Centre Table with Glass top and p.u. polish combination with storage inside two drawer. its large size Glass top Coffee Table. This is La...","LIMCA - CENTER TABLE","Details and specifications; Highlights; Construction; Related Products; Visit the store","Approximately 75 product-specific words plus shared template copy","LIMCA - CENTER TABLE","Client-rendered Product + Offer + Breadcrumb + global FurnitureStore","Breadcrumb to Centre Tables; related products; WhatsApp; phone; map","Raw HTML is homepage shell/canonical until JS; thin unique product content (~75 words); availability claim requires update ownership; Product/Offer and global FurnitureStore schema are client-only and may contain unsupported fields","Verify source/rights/facts; apply product quality gate; prerender; add unique dimensions, room fit, material, care, delivery/access and image metadata; condition Offer","P1 quality review"
"https://luckyinteriorsfurniture.com/products/lino","product","Indexable after JS; raw HTML canonical points to homepage; quality approval recommended","200","https://luckyinteriorsfurniture.com/products/lino","LINO Center Table | Lucky Interiors Furniture","Add elegance and functionality to your living space with the LINO Center Table. Designed with a premium imported marble revolving top and hidden internal s...","LINO Center Table","Details and specifications; Highlights; Construction; Related Products; Visit the store","Approximately 46 product-specific words plus shared template copy","LINO Center Table","Client-rendered Product + Offer + Breadcrumb + global FurnitureStore","Breadcrumb to Centre Tables; related products; WhatsApp; phone; map","Raw HTML is homepage shell/canonical until JS; thin unique product content (~46 words); availability claim requires update ownership; Product/Offer and global FurnitureStore schema are client-only and may contain unsupported fields","Verify source/rights/facts; apply product quality gate; prerender; add unique dimensions, room fit, material, care, delivery/access and image metadata; condition Offer","P1 quality review"
"https://luckyinteriorsfurniture.com/products/lorenzo-designer-center-table-with-storage-trolley","product","Indexable after JS; raw HTML canonical points to homepage; quality approval recommended","200","https://luckyinteriorsfurniture.com/products/lorenzo-designer-center-table-with-storage-trolley","Lorenzo Designer Center Table with Storage Trolley | Lucky Interiors Furniture","Upgrade your living room with the Lorenzo Center Table, featuring a premium ceramic-finish top and a smart movable storage trolley. Designed for modern hom...","Lorenzo Designer Center Table with Storage Trolley","Details and specifications; Highlights; Construction; Related Products; Visit the store","Approximately 50 product-specific words plus shared template copy","Lorenzo Designer Center Table with Storage Trolley","Client-rendered Product + Offer + Breadcrumb + global FurnitureStore","Breadcrumb to Centre Tables; related products; WhatsApp; phone; map","Raw HTML is homepage shell/canonical until JS; long title (78 chars); thin unique product content (~50 words); material requires verification; availability claim requires update ownership; Product/Offer and global FurnitureStore schema are client-only and may contain unsupported fields","Verify source/rights/facts; apply product quality gate; prerender; add unique dimensions, room fit, material, care, delivery/access and image metadata; condition Offer","P1 quality review"
"https://luckyinteriorsfurniture.com/products/milan-centertable","product","Indexable after JS; raw HTML canonical points to homepage; quality approval recommended","200","https://luckyinteriorsfurniture.com/products/milan-centertable","MILAN - CENTRE TABLE | Lucky Interiors Furniture","An interesting Z shape pattern is a pure example of simple workmanship giving you a puzzled appearance. Material: Ask for material details. Dimensions: The...","MILAN - CENTRE TABLE","Details and specifications; Highlights; Construction; Related Products; Visit the store","Approximately 49 product-specific words plus shared template copy","MILAN - CENTRE TABLE","Client-rendered Product + Offer + Breadcrumb + global FurnitureStore","Breadcrumb to Centre Tables; related products; WhatsApp; phone; map","Raw HTML is homepage shell/canonical until JS; thin unique product content (~49 words); material requires verification; availability claim requires update ownership; Product/Offer and global FurnitureStore schema are client-only and may contain unsupported fields","Verify source/rights/facts; apply product quality gate; prerender; add unique dimensions, room fit, material, care, delivery/access and image metadata; condition Offer","P1 quality review"
"https://luckyinteriorsfurniture.com/products/milano-black-marble-nesting-table-set-set-of-2","product","Indexable after JS; raw HTML canonical points to homepage; quality approval recommended","200","https://luckyinteriorsfurniture.com/products/milano-black-marble-nesting-table-set-set-of-2","Milano Black Marble Nesting Table Set (Set of 2) | Lucky Interiors Furniture","Add modern elegance to your living space with the Milano Nesting Table Set, featuring two round tables with a black marble-look top and a sturdy metal base...","Milano Black Marble Nesting Table Set (Set of 2)","Details and specifications; Highlights; Construction; Related Products; Visit the store","Approximately 54 product-specific words plus shared template copy","Milano Black Marble Nesting Table Set (Set of 2)","Client-rendered Product + Offer + Breadcrumb + global FurnitureStore","Breadcrumb to Centre Tables; related products; WhatsApp; phone; map","Raw HTML is homepage shell/canonical until JS; long title (76 chars); thin unique product content (~54 words); availability claim requires update ownership; Product/Offer and global FurnitureStore schema are client-only and may contain unsupported fields","Verify source/rights/facts; apply product quality gate; prerender; add unique dimensions, room fit, material, care, delivery/access and image metadata; condition Offer","P1 quality review"
"https://luckyinteriorsfurniture.com/products/milano-duo-marble-top-center-table-set-set-of-2","product","Indexable after JS; raw HTML canonical points to homepage; quality approval recommended","200","https://luckyinteriorsfurniture.com/products/milano-duo-marble-top-center-table-set-set-of-2","Milano Duo Marble Top Center Table Set (Set of 2) | Lucky Interiors Furniture","Add bold sophistication to your living room with the Milano Duo Center Table Set, featuring a striking black & white marble-finish combination with solid p...","Milano Duo Marble Top Center Table Set (Set of 2)","Details and specifications; Highlights; Construction; Related Products; Visit the store","Approximately 55 product-specific words plus shared template copy","Milano Duo Marble Top Center Table Set (Set of 2)","Client-rendered Product + Offer + Breadcrumb + global FurnitureStore","Breadcrumb to Centre Tables; related products; WhatsApp; phone; map","Raw HTML is homepage shell/canonical until JS; long title (77 chars); thin unique product content (~55 words); dimensions require verification; availability claim requires update ownership; Product/Offer and global FurnitureStore schema are client-only and may contain unsupported fields","Verify source/rights/facts; apply product quality gate; prerender; add unique dimensions, room fit, material, care, delivery/access and image metadata; condition Offer","P1 quality review"
"https://luckyinteriorsfurniture.com/products/milano-marble-top-center-table-set-set-of-2","product","Indexable after JS; raw HTML canonical points to homepage; quality approval recommended","200","https://luckyinteriorsfurniture.com/products/milano-marble-top-center-table-set-set-of-2","Milano Marble Top Center Table Set (Set of 2) | Lucky Interiors Furniture","Elevate your living room with the Milano Center Table Set, featuring elegant round marble-finish tops paired with a bold pedestal-style base. Designed for...","Milano Marble Top Center Table Set (Set of 2)","Details and specifications; Highlights; Construction; Related Products; Visit the store","Approximately 50 product-specific words plus shared template copy","Milano Marble Top Center Table Set (Set of 2)","Client-rendered Product + Offer + Breadcrumb + global FurnitureStore","Breadcrumb to Centre Tables; related products; WhatsApp; phone; map","Raw HTML is homepage shell/canonical until JS; long title (73 chars); thin unique product content (~50 words); dimensions require verification; availability claim requires update ownership; Product/Offer and global FurnitureStore schema are client-only and may contain unsupported fields","Verify source/rights/facts; apply product quality gate; prerender; add unique dimensions, room fit, material, care, delivery/access and image metadata; condition Offer","P1 quality review"
"https://luckyinteriorsfurniture.com/products/modern-marble-top-nesting-coffee-table-set-with-metal-frame","product","Indexable after JS; raw HTML canonical points to homepage; quality approval recommended","200","https://luckyinteriorsfurniture.com/products/modern-marble-top-nesting-coffee-table-set-with-metal-frame","Modern Marble Top Nesting Coffee Table Set with Metal Frame | Lucky Interiors Furniture","Add a luxury touch to your living room with this modern marble top nesting coffee table set featuring a stylish metal frame design. Perfect for contemporar...","Modern Marble Top Nesting Coffee Table Set with Metal Frame","Details and specifications; Highlights; Construction; Related Products; Visit the store","Approximately 45 product-specific words plus shared template copy","Modern Marble Top Nesting Coffee Table Set with Metal Frame","Client-rendered Product + Offer + Breadcrumb + global FurnitureStore","Breadcrumb to Centre Tables; related products; WhatsApp; phone; map","Raw HTML is homepage shell/canonical until JS; long title (87 chars); thin unique product content (~45 words); availability claim requires update ownership; Product/Offer and global FurnitureStore schema are client-only and may contain unsupported fields","Verify source/rights/facts; apply product quality gate; prerender; add unique dimensions, room fit, material, care, delivery/access and image metadata; condition Offer","P1 quality review"
"https://luckyinteriorsfurniture.com/products/monaco-designer-center-table-with-side-unit","product","Indexable after JS; raw HTML canonical points to homepage; quality approval recommended","200","https://luckyinteriorsfurniture.com/products/monaco-designer-center-table-with-side-unit","Monaco Designer Center Table with Side Unit | Lucky Interiors Furniture","Upgrade your living room with the Monaco Designer Center Table, featuring a sleek modern design with integrated storage and a stylish round side unit. A pe...","Monaco Designer Center Table with Side Unit","Details and specifications; Highlights; Construction; Related Products; Visit the store","Approximately 49 product-specific words plus shared template copy","Monaco Designer Center Table with Side Unit","Client-rendered Product + Offer + Breadcrumb + global FurnitureStore","Breadcrumb to Centre Tables; related products; WhatsApp; phone; map","Raw HTML is homepage shell/canonical until JS; long title (71 chars); thin unique product content (~49 words); availability claim requires update ownership; Product/Offer and global FurnitureStore schema are client-only and may contain unsupported fields","Verify source/rights/facts; apply product quality gate; prerender; add unique dimensions, room fit, material, care, delivery/access and image metadata; condition Offer","P1 quality review"
"https://luckyinteriorsfurniture.com/products/moon-corner-table-center-table","product","Indexable after JS; raw HTML canonical points to homepage; quality approval recommended","200","https://luckyinteriorsfurniture.com/products/moon-corner-table-center-table","MOON CORNER TABLE - CENTER TABLE | Lucky Interiors Furniture","This is Imported Moon corner table use as Telephone stand, As a side table, Centre Table with fully one piece bend glass very unique design, and it is medi...","MOON CORNER TABLE - CENTER TABLE","Details and specifications; Highlights; Construction; Related Products; Visit the store","Approximately 65 product-specific words plus shared template copy","MOON CORNER TABLE - CENTER TABLE","Client-rendered Product + Offer + Breadcrumb + global FurnitureStore","Breadcrumb to Centre Tables; related products; WhatsApp; phone; map","Raw HTML is homepage shell/canonical until JS; thin unique product content (~65 words); availability claim requires update ownership; Product/Offer and global FurnitureStore schema are client-only and may contain unsupported fields","Verify source/rights/facts; apply product quality gate; prerender; add unique dimensions, room fit, material, care, delivery/access and image metadata; condition Offer","P1 quality review"
"https://luckyinteriorsfurniture.com/products/nior-3-in-1-centre-table","product","Indexable after JS; raw HTML canonical points to homepage; quality approval recommended","200","https://luckyinteriorsfurniture.com/products/nior-3-in-1-centre-table","Nior 3 in 1 Centre Table | Lucky Interiors Furniture","This 3 in 1 centre table has a glass top and will add an aesthetic touch to your home! Material: Glass finish. Lucky Interiors Furniture, Mumbai.","Nior 3 in 1 Centre Table","Details and specifications; Highlights; Construction; Related Products; Visit the store","Approximately 35 product-specific words plus shared template copy","Nior 3 in 1 Centre Table","Client-rendered Product + Offer + Breadcrumb + global FurnitureStore","Breadcrumb to Centre Tables; related products; WhatsApp; phone; map","Raw HTML is homepage shell/canonical until JS; thin unique product content (~35 words); availability claim requires update ownership; Product/Offer and global FurnitureStore schema are client-only and may contain unsupported fields","Verify source/rights/facts; apply product quality gate; prerender; add unique dimensions, room fit, material, care, delivery/access and image metadata; condition Offer","P1 quality review"
"https://luckyinteriorsfurniture.com/products/omega-center-table-modern-living-room-table","product","Indexable after JS; raw HTML canonical points to homepage; quality approval recommended","200","https://luckyinteriorsfurniture.com/products/omega-center-table-modern-living-room-table","Omega Center Table - Modern Living Room Table | Lucky Interiors Furniture","The Omega Center Table adds elegance and functionality to your living space with its modern design and premium finish. Perfect for contemporary homes. Mate...","Omega Center Table - Modern Living Room Table","Details and specifications; Highlights; Construction; Related Products; Visit the store","Approximately 45 product-specific words plus shared template copy","Omega Center Table - Modern Living Room Table","Client-rendered Product + Offer + Breadcrumb + global FurnitureStore","Breadcrumb to Centre Tables; related products; WhatsApp; phone; map","Raw HTML is homepage shell/canonical until JS; long title (73 chars); thin unique product content (~45 words); material requires verification; availability claim requires update ownership; Product/Offer and global FurnitureStore schema are client-only and may contain unsupported fields","Verify source/rights/facts; apply product quality gate; prerender; add unique dimensions, room fit, material, care, delivery/access and image metadata; condition Offer","P1 quality review"
"https://luckyinteriorsfurniture.com/products/orion-designer-center-table-with-drawer","product","Indexable after JS; raw HTML canonical points to homepage; quality approval recommended","200","https://luckyinteriorsfurniture.com/products/orion-designer-center-table-with-drawer","Orion Designer Center Table with Drawer | Lucky Interiors Furniture","Upgrade your living room with the Orion Center Table, featuring a sleek modern design, built-in drawer storage, and a sturdy metal frame. A perfect blend o...","Orion Designer Center Table with Drawer","Details and specifications; Highlights; Construction; Related Products; Visit the store","Approximately 44 product-specific words plus shared template copy","Orion Designer Center Table with Drawer","Client-rendered Product + Offer + Breadcrumb + global FurnitureStore","Breadcrumb to Centre Tables; related products; WhatsApp; phone; map","Raw HTML is homepage shell/canonical until JS; long title (67 chars); thin unique product content (~44 words); availability claim requires update ownership; Product/Offer and global FurnitureStore schema are client-only and may contain unsupported fields","Verify source/rights/facts; apply product quality gate; prerender; add unique dimensions, room fit, material, care, delivery/access and image metadata; condition Offer","P1 quality review"
"https://luckyinteriorsfurniture.com/products/oscar-white-marble-top-centre-table","product","Indexable after JS; raw HTML canonical points to homepage; quality approval recommended","200","https://luckyinteriorsfurniture.com/products/oscar-white-marble-top-centre-table","Oscar - White Marble Top Centre Table | Lucky Interiors Furniture","Oscar - A centre table that redefines luxury. Material: Marble finish. Lucky Interiors Furniture, Mumbai.","Oscar - White Marble Top Centre Table","Details and specifications; Highlights; Construction; Related Products; Visit the store","Approximately 25 product-specific words plus shared template copy","Oscar - White Marble Top Centre Table","Client-rendered Product + Offer + Breadcrumb + global FurnitureStore","Breadcrumb to Centre Tables; related products; WhatsApp; phone; map","Raw HTML is homepage shell/canonical until JS; long title (65 chars); thin unique product content (~25 words); availability claim requires update ownership; Product/Offer and global FurnitureStore schema are client-only and may contain unsupported fields","Verify source/rights/facts; apply product quality gate; prerender; add unique dimensions, room fit, material, care, delivery/access and image metadata; condition Offer","P1 quality review"
"https://luckyinteriorsfurniture.com/products/oslo-luxury-wooden-center-table-set-set-of-2","product","Indexable after JS; raw HTML canonical points to homepage; quality approval recommended","200","https://luckyinteriorsfurniture.com/products/oslo-luxury-wooden-center-table-set-set-of-2","Oslo Luxury Wooden Center Table Set (Set of 2) | Lucky Interiors Furniture","Bring refined elegance to your living room with the Oslo Center Table Set, featuring a round wooden-finish main table paired with a sleek matching side tab...","Oslo Luxury Wooden Center Table Set (Set of 2)","Details and specifications; Highlights; Construction; Related Products; Visit the store","Approximately 55 product-specific words plus shared template copy","Oslo Luxury Wooden Center Table Set (Set of 2)","Client-rendered Product + Offer + Breadcrumb + global FurnitureStore","Breadcrumb to Centre Tables; related products; WhatsApp; phone; map","Raw HTML is homepage shell/canonical until JS; long title (74 chars); thin unique product content (~55 words); dimensions require verification; availability claim requires update ownership; Product/Offer and global FurnitureStore schema are client-only and may contain unsupported fields","Verify source/rights/facts; apply product quality gate; prerender; add unique dimensions, room fit, material, care, delivery/access and image metadata; condition Offer","P1 quality review"
"https://luckyinteriorsfurniture.com/products/pingle-center-table","product","Indexable after JS; raw HTML canonical points to homepage; quality approval recommended","200","https://luckyinteriorsfurniture.com/products/pingle-center-table","PINGLE - CENTRE TABLE | Lucky Interiors Furniture","This centre table is an example of pure symmetry and simplistic cubical pattern with 2 large drawers. Material: Ask for material details. Dimensions: The s...","PINGLE - CENTRE TABLE","Details and specifications; Highlights; Construction; Related Products; Visit the store","Approximately 51 product-specific words plus shared template copy","PINGLE - CENTRE TABLE","Client-rendered Product + Offer + Breadcrumb + global FurnitureStore","Breadcrumb to Centre Tables; related products; WhatsApp; phone; map","Raw HTML is homepage shell/canonical until JS; thin unique product content (~51 words); material requires verification; availability claim requires update ownership; Product/Offer and global FurnitureStore schema are client-only and may contain unsupported fields","Verify source/rights/facts; apply product quality gate; prerender; add unique dimensions, room fit, material, care, delivery/access and image metadata; condition Offer","P1 quality review"
"https://luckyinteriorsfurniture.com/products/quadra-center-table","product","Indexable after JS; raw HTML canonical points to homepage; quality approval recommended","200","https://luckyinteriorsfurniture.com/products/quadra-center-table","QUADRA - CENTER TABLE | Lucky Interiors Furniture","This is Indian made centre table with wooden and p.u. polish combination with storage inside also one side drawer, its large size coffee table with glass t...","QUADRA - CENTER TABLE","Details and specifications; Highlights; Construction; Related Products; Visit the store","Approximately 118 product-specific words plus shared template copy","QUADRA - CENTER TABLE","Client-rendered Product + Offer + Breadcrumb + global FurnitureStore","Breadcrumb to Centre Tables; related products; WhatsApp; phone; map","Raw HTML is homepage shell/canonical until JS; availability claim requires update ownership; Product/Offer and global FurnitureStore schema are client-only and may contain unsupported fields","Verify source/rights/facts; apply product quality gate; prerender; add unique dimensions, room fit, material, care, delivery/access and image metadata; condition Offer","P2"
"https://luckyinteriorsfurniture.com/products/reki-center-table","product","Indexable after JS; raw HTML canonical points to homepage; quality approval recommended","200","https://luckyinteriorsfurniture.com/products/reki-center-table","REKI - CENTER TABLE | Lucky Interiors Furniture","Reki is Imported Centre Table with Marble top and p.u. polish combination with storage inside two drawer. its large size Marble top Coffee Table. This is L...","REKI - CENTER TABLE","Details and specifications; Highlights; Construction; Related Products; Visit the store","Approximately 65 product-specific words plus shared template copy","REKI - CENTER TABLE","Client-rendered Product + Offer + Breadcrumb + global FurnitureStore","Breadcrumb to Centre Tables; related products; WhatsApp; phone; map","Raw HTML is homepage shell/canonical until JS; thin unique product content (~65 words); availability claim requires update ownership; Product/Offer and global FurnitureStore schema are client-only and may contain unsupported fields","Verify source/rights/facts; apply product quality gate; prerender; add unique dimensions, room fit, material, care, delivery/access and image metadata; condition Offer","P1 quality review"
"https://luckyinteriorsfurniture.com/products/roma-oval-marble-top-designer-center-table","product","Indexable after JS; raw HTML canonical points to homepage; quality approval recommended","200","https://luckyinteriorsfurniture.com/products/roma-oval-marble-top-designer-center-table","Roma Oval Marble Top Designer Center Table | Lucky Interiors Furniture","Add refined luxury to your living room with the Roma Oval Center Table, featuring a sleek marble-finish oval top and a bold pedestal base. Designed for mod...","Roma Oval Marble Top Designer Center Table","Details and specifications; Highlights; Construction; Related Products; Visit the store","Approximately 49 product-specific words plus shared template copy","Roma Oval Marble Top Designer Center Table","Client-rendered Product + Offer + Breadcrumb + global FurnitureStore","Breadcrumb to Centre Tables; related products; WhatsApp; phone; map","Raw HTML is homepage shell/canonical until JS; long title (70 chars); thin unique product content (~49 words); availability claim requires update ownership; Product/Offer and global FurnitureStore schema are client-only and may contain unsupported fields","Verify source/rights/facts; apply product quality gate; prerender; add unique dimensions, room fit, material, care, delivery/access and image metadata; condition Offer","P1 quality review"
"https://luckyinteriorsfurniture.com/products/roza-3in-1-set-center-table","product","Indexable after JS; raw HTML canonical points to homepage; quality approval recommended","200","https://luckyinteriorsfurniture.com/products/roza-3in-1-set-center-table","ROZA 3IN 1 SET - CENTER TABLE | Lucky Interiors Furniture","Roza is Imported Maletian wood 3 in 1 side table set with Dark brown polish. Three in One Side Table Set also can be use as coffee table set, Centre table...","ROZA 3IN 1 SET - CENTER TABLE","Details and specifications; Highlights; Construction; Related Products; Visit the store","Approximately 61 product-specific words plus shared template copy","ROZA 3IN 1 SET - CENTER TABLE","Client-rendered Product + Offer + Breadcrumb + global FurnitureStore","Breadcrumb to Centre Tables; related products; WhatsApp; phone; map","Raw HTML is homepage shell/canonical until JS; thin unique product content (~61 words); availability claim requires update ownership; Product/Offer and global FurnitureStore schema are client-only and may contain unsupported fields","Verify source/rights/facts; apply product quality gate; prerender; add unique dimensions, room fit, material, care, delivery/access and image metadata; condition Offer","P1 quality review"
"https://luckyinteriorsfurniture.com/products/seril-3-in-1-set-center-table","product","Indexable after JS; raw HTML canonical points to homepage; quality approval recommended","200","https://luckyinteriorsfurniture.com/products/seril-3-in-1-set-center-table","SERIL 3 IN 1 SET - CENTER TABLE | Lucky Interiors Furniture","Seril is Imported metal 3 in 1 side table set with golden metalic polish. Three in One Side Table Set also can be use as coffee table set, Centre table set...","SERIL 3 IN 1 SET - CENTER TABLE","Details and specifications; Highlights; Construction; Related Products; Visit the store","Approximately 61 product-specific words plus shared template copy","SERIL 3 IN 1 SET - CENTER TABLE","Client-rendered Product + Offer + Breadcrumb + global FurnitureStore","Breadcrumb to Centre Tables; related products; WhatsApp; phone; map","Raw HTML is homepage shell/canonical until JS; thin unique product content (~61 words); availability claim requires update ownership; Product/Offer and global FurnitureStore schema are client-only and may contain unsupported fields","Verify source/rights/facts; apply product quality gate; prerender; add unique dimensions, room fit, material, care, delivery/access and image metadata; condition Offer","P1 quality review"
"https://luckyinteriorsfurniture.com/products/sunflower-bronze-centre-table","product","Indexable after JS; raw HTML canonical points to homepage; quality approval recommended","200","https://luckyinteriorsfurniture.com/products/sunflower-bronze-centre-table","Sunflower - Bronze Centre Table | Lucky Interiors Furniture","This bronze centre table will add a contrast to your home furniture and liven up the living area or any other place you put it at. Material: Glass finish....","Sunflower - Bronze Centre Table","Details and specifications; Highlights; Construction; Related Products; Visit the store","Approximately 41 product-specific words plus shared template copy","Sunflower - Bronze Centre Table","Client-rendered Product + Offer + Breadcrumb + global FurnitureStore","Breadcrumb to Centre Tables; related products; WhatsApp; phone; map","Raw HTML is homepage shell/canonical until JS; thin unique product content (~41 words); availability claim requires update ownership; Product/Offer and global FurnitureStore schema are client-only and may contain unsupported fields","Verify source/rights/facts; apply product quality gate; prerender; add unique dimensions, room fit, material, care, delivery/access and image metadata; condition Offer","P1 quality review"
"https://luckyinteriorsfurniture.com/products/swos-center-table-imported-set-of-2-designer-tables","product","Indexable after JS; raw HTML canonical points to homepage; quality approval recommended","200","https://luckyinteriorsfurniture.com/products/swos-center-table-imported-set-of-2-designer-tables","Swos Center Table - Imported Set of 2 Designer Tables | Lucky Interiors Furniture","The Swos Center Table set includes two imported designer tables that add modern elegance and flexible styling to luxury living rooms. Material: Ask for mat...","Swos Center Table - Imported Set of 2 Designer Tables","Details and specifications; Highlights; Construction; Related Products; Visit the store","Approximately 45 product-specific words plus shared template copy","Swos Center Table - Imported Set of 2 Designer Tables","Client-rendered Product + Offer + Breadcrumb + global FurnitureStore","Breadcrumb to Centre Tables; related products; WhatsApp; phone; map","Raw HTML is homepage shell/canonical until JS; long title (81 chars); thin unique product content (~45 words); material requires verification; availability claim requires update ownership; Product/Offer and global FurnitureStore schema are client-only and may contain unsupported fields","Verify source/rights/facts; apply product quality gate; prerender; add unique dimensions, room fit, material, care, delivery/access and image metadata; condition Offer","P1 quality review"
"https://luckyinteriorsfurniture.com/products/verona-marble-top-center-table-set-set-of-3","product","Indexable after JS; raw HTML canonical points to homepage; quality approval recommended","200","https://luckyinteriorsfurniture.com/products/verona-marble-top-center-table-set-set-of-3","Verona Marble Top Center Table Set (Set of 3) | Lucky Interiors Furniture","Make a bold style statement with the Verona Center Table Set, a luxurious set of 3 marble-finish tables featuring a designer geometric metal base. Perfect...","Verona Marble Top Center Table Set (Set of 3)","Details and specifications; Highlights; Construction; Related Products; Visit the store","Approximately 53 product-specific words plus shared template copy","Verona Marble Top Center Table Set (Set of 3)","Client-rendered Product + Offer + Breadcrumb + global FurnitureStore","Breadcrumb to Centre Tables; related products; WhatsApp; phone; map","Raw HTML is homepage shell/canonical until JS; long title (73 chars); thin unique product content (~53 words); dimensions require verification; availability claim requires update ownership; Product/Offer and global FurnitureStore schema are client-only and may contain unsupported fields","Verify source/rights/facts; apply product quality gate; prerender; add unique dimensions, room fit, material, care, delivery/access and image metadata; condition Offer","P1 quality review"
"https://luckyinteriorsfurniture.com/products/verona-wood-marble-center-table-set-set-of-2","product","Indexable after JS; raw HTML canonical points to homepage; quality approval recommended","200","https://luckyinteriorsfurniture.com/products/verona-wood-marble-center-table-set-set-of-2","Verona Wood & Marble Center Table Set (Set of 2) | Lucky Interiors Furniture","Add a touch of modern elegance to your living room with the Verona Center Table Set, featuring a stylish wood and marble-finish combination. Designed for l...","Verona Wood & Marble Center Table Set (Set of 2)","Details and specifications; Highlights; Construction; Related Products; Visit the store","Approximately 56 product-specific words plus shared template copy","Verona Wood & Marble Center Table Set (Set of 2)","Client-rendered Product + Offer + Breadcrumb + global FurnitureStore","Breadcrumb to Centre Tables; related products; WhatsApp; phone; map","Raw HTML is homepage shell/canonical until JS; long title (76 chars); thin unique product content (~56 words); dimensions require verification; availability claim requires update ownership; Product/Offer and global FurnitureStore schema are client-only and may contain unsupported fields","Verify source/rights/facts; apply product quality gate; prerender; add unique dimensions, room fit, material, care, delivery/access and image metadata; condition Offer","P1 quality review"
"https://luckyinteriorsfurniture.com/products/vista-center-table","product","Indexable after JS; raw HTML canonical points to homepage; quality approval recommended","200","https://luckyinteriorsfurniture.com/products/vista-center-table","VISTA - CENTER TABLE | Lucky Interiors Furniture","This is Imported Centre Table with Metal stand with goldcopper polish, and it is medium size coffee table with Marble top. Material: Metal. Dimensions: Thi...","VISTA - CENTER TABLE","Details and specifications; Highlights; Construction; Related Products; Visit the store","Approximately 89 product-specific words plus shared template copy","VISTA - CENTER TABLE","Client-rendered Product + Offer + Breadcrumb + global FurnitureStore","Breadcrumb to Centre Tables; related products; WhatsApp; phone; map","Raw HTML is homepage shell/canonical until JS; thin unique product content (~89 words); availability claim requires update ownership; Product/Offer and global FurnitureStore schema are client-only and may contain unsupported fields","Verify source/rights/facts; apply product quality gate; prerender; add unique dimensions, room fit, material, care, delivery/access and image metadata; condition Offer","P1 quality review"
"https://luckyinteriorsfurniture.com/products/waves-centre-table","product","Indexable after JS; raw HTML canonical points to homepage; quality approval recommended","200","https://luckyinteriorsfurniture.com/products/waves-centre-table","Waves Centre Table | Lucky Interiors Furniture","A unique yet modern design made with wooden strips. The black glass effect given at the bottom gives you a visual appearance of hanging drawer aside. This...","Waves Centre Table","Details and specifications; Highlights; Construction; Related Products; Visit the store","Approximately 63 product-specific words plus shared template copy","Waves Centre Table","Client-rendered Product + Offer + Breadcrumb + global FurnitureStore","Breadcrumb to Centre Tables; related products; WhatsApp; phone; map","Raw HTML is homepage shell/canonical until JS; thin unique product content (~63 words); availability claim requires update ownership; Product/Offer and global FurnitureStore schema are client-only and may contain unsupported fields","Verify source/rights/facts; apply product quality gate; prerender; add unique dimensions, room fit, material, care, delivery/access and image metadata; condition Offer","P1 quality review"
"https://luckyinteriorsfurniture.com/products/z-corner-table-center-table","product","Indexable after JS; raw HTML canonical points to homepage; quality approval recommended","200","https://luckyinteriorsfurniture.com/products/z-corner-table-center-table","Z CORNER TABLE - CENTER TABLE | Lucky Interiors Furniture","This is Imported z corner table use as Telephone stand, As a side table, Centre Table with fully one piece bend glass very unique design, and it is medium...","Z CORNER TABLE - CENTER TABLE","Details and specifications; Highlights; Construction; Related Products; Visit the store","Approximately 65 product-specific words plus shared template copy","Z CORNER TABLE - CENTER TABLE","Client-rendered Product + Offer + Breadcrumb + global FurnitureStore","Breadcrumb to Centre Tables; related products; WhatsApp; phone; map","Raw HTML is homepage shell/canonical until JS; thin unique product content (~65 words); availability claim requires update ownership; Product/Offer and global FurnitureStore schema are client-only and may contain unsupported fields","Verify source/rights/facts; apply product quality gate; prerender; add unique dimensions, room fit, material, care, delivery/access and image metadata; condition Offer","P1 quality review"
"https://luckyinteriorsfurniture.com/products/zebra-center-table","product","Indexable after JS; raw HTML canonical points to homepage; quality approval recommended","200","https://luckyinteriorsfurniture.com/products/zebra-center-table","ZEBRA - CENTER TABLE | Lucky Interiors Furniture","This is Imported Centre Table with wooden and p.u. polish combination with storage inside all four sides open, and one drawer inside. its large size coffee...","ZEBRA - CENTER TABLE","Details and specifications; Highlights; Construction; Related Products; Visit the store","Approximately 62 product-specific words plus shared template copy","ZEBRA - CENTER TABLE","Client-rendered Product + Offer + Breadcrumb + global FurnitureStore","Breadcrumb to Centre Tables; related products; WhatsApp; phone; map","Raw HTML is homepage shell/canonical until JS; thin unique product content (~62 words); availability claim requires update ownership; Product/Offer and global FurnitureStore schema are client-only and may contain unsupported fields","Verify source/rights/facts; apply product quality gate; prerender; add unique dimensions, room fit, material, care, delivery/access and image metadata; condition Offer","P1 quality review"
"https://luckyinteriorsfurniture.com/products/zenith-luxury-wooden-center-table-with-textured-metal-top","product","Indexable after JS; raw HTML canonical points to homepage; quality approval recommended","200","https://luckyinteriorsfurniture.com/products/zenith-luxury-wooden-center-table-with-textured-metal-top","Zenith Luxury Wooden Center Table with Textured Metal Top | Lucky Interiors Furniture","Elevate your living space with the Zenith Center Table, featuring a rich wooden frame paired with an artistic textured metal top. Designed for modern luxur...","Zenith Luxury Wooden Center Table with Textured Metal Top","Details and specifications; Highlights; Construction; Related Products; Visit the store","Approximately 49 product-specific words plus shared template copy","Zenith Luxury Wooden Center Table with Textured Metal Top","Client-rendered Product + Offer + Breadcrumb + global FurnitureStore","Breadcrumb to Centre Tables; related products; WhatsApp; phone; map","Raw HTML is homepage shell/canonical until JS; long title (85 chars); thin unique product content (~49 words); availability claim requires update ownership; Product/Offer and global FurnitureStore schema are client-only and may contain unsupported fields","Verify source/rights/facts; apply product quality gate; prerender; add unique dimensions, room fit, material, care, delivery/access and image metadata; condition Offer","P1 quality review"
"https://luckyinteriorsfurniture.com/products/zessa-center-table","product","Indexable after JS; raw HTML canonical points to homepage; quality approval recommended","200","https://luckyinteriorsfurniture.com/products/zessa-center-table","ZESSA - CENTER TABLE | Lucky Interiors Furniture","This is Imported Centre Table with wooden and p.u. polish combination with storage inside one drawer and one sides open. its large size coffee table with m...","ZESSA - CENTER TABLE","Details and specifications; Highlights; Construction; Related Products; Visit the store","Approximately 70 product-specific words plus shared template copy","ZESSA - CENTER TABLE","Client-rendered Product + Offer + Breadcrumb + global FurnitureStore","Breadcrumb to Centre Tables; related products; WhatsApp; phone; map","Raw HTML is homepage shell/canonical until JS; duplicate rendered meta description across 2 URLs; thin unique product content (~70 words); availability claim requires update ownership; Product/Offer and global FurnitureStore schema are client-only and may contain unsupported fields","Verify source/rights/facts; apply product quality gate; prerender; add unique dimensions, room fit, material, care, delivery/access and image metadata; condition Offer","P1 quality review"
"https://luckyinteriorsfurniture.com/products/zora-center-table","product","Indexable after JS; raw HTML canonical points to homepage; quality approval recommended","200","https://luckyinteriorsfurniture.com/products/zora-center-table","ZORA - CENTER TABLE | Lucky Interiors Furniture","Zora is Indian made Center Table, Coffee Table made of plywood and malemine polish, major item for Living Room Furniture. Material: Wood finish. Dimensions...","ZORA - CENTER TABLE","Details and specifications; Highlights; Construction; Related Products; Visit the store","Approximately 58 product-specific words plus shared template copy","ZORA - CENTER TABLE","Client-rendered Product + Offer + Breadcrumb + global FurnitureStore","Breadcrumb to Centre Tables; related products; WhatsApp; phone; map","Raw HTML is homepage shell/canonical until JS; thin unique product content (~58 words); availability claim requires update ownership; Product/Offer and global FurnitureStore schema are client-only and may contain unsupported fields","Verify source/rights/facts; apply product quality gate; prerender; add unique dimensions, room fit, material, care, delivery/access and image metadata; condition Offer","P1 quality review"
"https://luckyinteriorsfurniture.com/products/zurich-center-table","product","Indexable after JS; raw HTML canonical points to homepage; quality approval recommended","200","https://luckyinteriorsfurniture.com/products/zurich-center-table","ZURICH - CENTER TABLE | Lucky Interiors Furniture","Zurich is Indian made Center Table, Coffee Table made of plywood and malemine polish, major item for Living Room Furniture. Material: Wood finish. Dimensio...","ZURICH - CENTER TABLE","Details and specifications; Highlights; Construction; Related Products; Visit the store","Approximately 52 product-specific words plus shared template copy","ZURICH - CENTER TABLE","Client-rendered Product + Offer + Breadcrumb + global FurnitureStore","Breadcrumb to Centre Tables; related products; WhatsApp; phone; map","Raw HTML is homepage shell/canonical until JS; thin unique product content (~52 words); availability claim requires update ownership; Product/Offer and global FurnitureStore schema are client-only and may contain unsupported fields","Verify source/rights/facts; apply product quality gate; prerender; add unique dimensions, room fit, material, care, delivery/access and image metadata; condition Offer","P1 quality review"
"https://luckyinteriorsfurniture.com/products/2-seater-fabric-sofa-modern-dual-tone-designer-sofa","product","Indexable after JS; raw HTML canonical points to homepage; quality approval recommended","200","https://luckyinteriorsfurniture.com/products/2-seater-fabric-sofa-modern-dual-tone-designer-sofa","2 Seater Fabric Sofa - Modern Dual Tone Designer Sofa | Lucky Interiors Furniture","Elegant 2 seater dual tone fabric sofa, perfect for compact and modern living spaces. Material: Fabric upholstery. Lucky Interiors Furniture, Mumbai.","2 Seater Fabric Sofa - Modern Dual Tone Designer Sofa","Details and specifications; Highlights; Construction; Related Products; Visit the store","Approximately 36 product-specific words plus shared template copy","2 Seater Fabric Sofa - Modern Dual Tone Designer Sofa","Client-rendered Product + Offer + Breadcrumb + global FurnitureStore","Breadcrumb to Sofas; related products; WhatsApp; phone; map","Raw HTML is homepage shell/canonical until JS; long title (81 chars); thin unique product content (~36 words); availability claim requires update ownership; Product/Offer and global FurnitureStore schema are client-only and may contain unsupported fields","Verify source/rights/facts; apply product quality gate; prerender; add unique dimensions, room fit, material, care, delivery/access and image metadata; condition Offer","P1 quality review"
"https://luckyinteriorsfurniture.com/products/2-seater-modern-sofa-grey-fabric-leatherette-designer-sofa","product","Indexable after JS; raw HTML canonical points to homepage; quality approval recommended","200","https://luckyinteriorsfurniture.com/products/2-seater-modern-sofa-grey-fabric-leatherette-designer-sofa","2 Seater Modern Sofa - Grey Fabric & Leatherette Designer Sofa | Lucky Interiors Furniture","Stylish 2 seater sofa in grey fabric and leatherette combination, perfect for compact and modern living spaces. Material: Leatherette upholstery. Lucky Int...","2 Seater Modern Sofa - Grey Fabric & Leatherette Designer Sofa","Details and specifications; Highlights; Construction; Related Products; Visit the store","Approximately 40 product-specific words plus shared template copy","2 Seater Modern Sofa - Grey Fabric & Leatherette Designer Sofa","Client-rendered Product + Offer + Breadcrumb + global FurnitureStore","Breadcrumb to Sofas; related products; WhatsApp; phone; map","Raw HTML is homepage shell/canonical until JS; long title (90 chars); thin unique product content (~40 words); availability claim requires update ownership; Product/Offer and global FurnitureStore schema are client-only and may contain unsupported fields","Verify source/rights/facts; apply product quality gate; prerender; add unique dimensions, room fit, material, care, delivery/access and image metadata; condition Offer","P1 quality review"
"https://luckyinteriorsfurniture.com/products/2-seater-sofa-black-leatherette-designer-sofa","product","Indexable after JS; raw HTML canonical points to homepage; quality approval recommended","200","https://luckyinteriorsfurniture.com/products/2-seater-sofa-black-leatherette-designer-sofa","2 Seater Sofa - Black Leatherette Designer Sofa | Lucky Interiors Furniture","Modern 2 seater sofa in black leatherette, perfect for homes, offices, and reception areas. Material: Leatherette upholstery. Lucky Interiors Furniture, Mu...","2 Seater Sofa - Black Leatherette Designer Sofa","Details and specifications; Highlights; Construction; Related Products; Visit the store","Approximately 34 product-specific words plus shared template copy","2 Seater Sofa - Black Leatherette Designer Sofa","Client-rendered Product + Offer + Breadcrumb + global FurnitureStore","Breadcrumb to Sofas; related products; WhatsApp; phone; map","Raw HTML is homepage shell/canonical until JS; long title (75 chars); thin unique product content (~34 words); availability claim requires update ownership; Product/Offer and global FurnitureStore schema are client-only and may contain unsupported fields","Verify source/rights/facts; apply product quality gate; prerender; add unique dimensions, room fit, material, care, delivery/access and image metadata; condition Offer","P1 quality review"
"https://luckyinteriorsfurniture.com/products/2-seater-sofa-black-leatherette-modern-sofa","product","Indexable after JS; raw HTML canonical points to homepage; quality approval recommended","200","https://luckyinteriorsfurniture.com/products/2-seater-sofa-black-leatherette-modern-sofa","2 Seater Sofa - Black Leatherette Modern Sofa | Lucky Interiors Furniture","Sleek and stylish 2 seater sofa in black leatherette, perfect for modern homes and office spaces. Material: Leatherette upholstery. Lucky Interiors Furnitu...","2 Seater Sofa - Black Leatherette Modern Sofa","Details and specifications; Highlights; Construction; Related Products; Visit the store","Approximately 36 product-specific words plus shared template copy","2 Seater Sofa - Black Leatherette Modern Sofa","Client-rendered Product + Offer + Breadcrumb + global FurnitureStore","Breadcrumb to Sofas; related products; WhatsApp; phone; map","Raw HTML is homepage shell/canonical until JS; long title (73 chars); thin unique product content (~36 words); availability claim requires update ownership; Product/Offer and global FurnitureStore schema are client-only and may contain unsupported fields","Verify source/rights/facts; apply product quality gate; prerender; add unique dimensions, room fit, material, care, delivery/access and image metadata; condition Offer","P1 quality review"
"https://luckyinteriorsfurniture.com/products/2-seater-sofa-classic-leatherette-sofa-brown","product","Indexable after JS; raw HTML canonical points to homepage; quality approval recommended","200","https://luckyinteriorsfurniture.com/products/2-seater-sofa-classic-leatherette-sofa-brown","2 Seater Sofa - Classic Leatherette Sofa (Brown) | Lucky Interiors Furniture","Comfortable 2 seater sofa in brown leatherette, perfect for modern homes and office spaces. Size 66′′, 2 seater, customize sofa time of Delivery 25 days. m...","2 Seater Sofa - Classic Leatherette Sofa (Brown)","Details and specifications; Highlights; Construction; Related Products; Visit the store","Approximately 46 product-specific words plus shared template copy","2 Seater Sofa - Classic Leatherette Sofa (Brown)","Client-rendered Product + Offer + Breadcrumb + global FurnitureStore","Breadcrumb to Sofas; related products; WhatsApp; phone; map","Raw HTML is homepage shell/canonical until JS; long title (76 chars); thin unique product content (~46 words); availability claim requires update ownership; Product/Offer and global FurnitureStore schema are client-only and may contain unsupported fields","Verify source/rights/facts; apply product quality gate; prerender; add unique dimensions, room fit, material, care, delivery/access and image metadata; condition Offer","P1 quality review"
"https://luckyinteriorsfurniture.com/products/3-seater-fabric-sofa-modern-button-tufted-living-room-sofa","product","Indexable after JS; raw HTML canonical points to homepage; quality approval recommended","200","https://luckyinteriorsfurniture.com/products/3-seater-fabric-sofa-modern-button-tufted-living-room-sofa","3 Seater Fabric Sofa - Modern Button Tufted Living Room Sofa | Lucky Interiors Furniture","Stylish 3 seater fabric sofa with button tufted design, perfect for modern and elegant living spaces. Material: Fabric upholstery. Lucky Interiors Furnitur...","3 Seater Fabric Sofa - Modern Button Tufted Living Room Sofa","Details and specifications; Highlights; Construction; Related Products; Visit the store","Approximately 39 product-specific words plus shared template copy","3 Seater Fabric Sofa - Modern Button Tufted Living Room Sofa","Client-rendered Product + Offer + Breadcrumb + global FurnitureStore","Breadcrumb to Sofas; related products; WhatsApp; phone; map","Raw HTML is homepage shell/canonical until JS; long title (88 chars); thin unique product content (~39 words); availability claim requires update ownership; Product/Offer and global FurnitureStore schema are client-only and may contain unsupported fields","Verify source/rights/facts; apply product quality gate; prerender; add unique dimensions, room fit, material, care, delivery/access and image metadata; condition Offer","P1 quality review"
"https://luckyinteriorsfurniture.com/products/3-seater-fabric-sofa-modern-dual-tone-designer-sofa","product","Indexable after JS; raw HTML canonical points to homepage; quality approval recommended","200","https://luckyinteriorsfurniture.com/products/3-seater-fabric-sofa-modern-dual-tone-designer-sofa","3 Seater Fabric Sofa - Modern Dual Tone Designer Sofa | Lucky Interiors Furniture","Stylish 3 seater dual tone fabric sofa, designed for modern living rooms with comfort and elegance. Material: Fabric upholstery. Lucky Interiors Furniture,...","3 Seater Fabric Sofa - Modern Dual Tone Designer Sofa","Details and specifications; Highlights; Construction; Related Products; Visit the store","Approximately 38 product-specific words plus shared template copy","3 Seater Fabric Sofa - Modern Dual Tone Designer Sofa","Client-rendered Product + Offer + Breadcrumb + global FurnitureStore","Breadcrumb to Sofas; related products; WhatsApp; phone; map","Raw HTML is homepage shell/canonical until JS; long title (81 chars); thin unique product content (~38 words); availability claim requires update ownership; Product/Offer and global FurnitureStore schema are client-only and may contain unsupported fields","Verify source/rights/facts; apply product quality gate; prerender; add unique dimensions, room fit, material, care, delivery/access and image metadata; condition Offer","P1 quality review"
"https://luckyinteriorsfurniture.com/products/3-seater-modern-sofa-grey-fabric-leatherette-designer-sofa","product","Indexable after JS; raw HTML canonical points to homepage; quality approval recommended","200","https://luckyinteriorsfurniture.com/products/3-seater-modern-sofa-grey-fabric-leatherette-designer-sofa","3 Seater Modern Sofa - Grey Fabric & Leatherette Designer Sofa | Lucky Interiors Furniture","Premium 3 seater sofa in grey fabric and leatherette combination, designed for modern and stylish living rooms. Material: Leatherette upholstery. Lucky Int...","3 Seater Modern Sofa - Grey Fabric & Leatherette Designer Sofa","Details and specifications; Highlights; Construction; Related Products; Visit the store","Approximately 40 product-specific words plus shared template copy","3 Seater Modern Sofa - Grey Fabric & Leatherette Designer Sofa","Client-rendered Product + Offer + Breadcrumb + global FurnitureStore","Breadcrumb to Sofas; related products; WhatsApp; phone; map","Raw HTML is homepage shell/canonical until JS; long title (90 chars); thin unique product content (~40 words); availability claim requires update ownership; Product/Offer and global FurnitureStore schema are client-only and may contain unsupported fields","Verify source/rights/facts; apply product quality gate; prerender; add unique dimensions, room fit, material, care, delivery/access and image metadata; condition Offer","P1 quality review"
"https://luckyinteriorsfurniture.com/products/3-seater-sofa-maroon-beige-leatherette-designer-sofa","product","Indexable after JS; raw HTML canonical points to homepage; quality approval recommended","200","https://luckyinteriorsfurniture.com/products/3-seater-sofa-maroon-beige-leatherette-designer-sofa","3 Seater Sofa - Maroon & Beige Leatherette Designer Sofa | Lucky Interiors Furniture","Elegant 3 seater sofa in maroon and beige leatherette, perfect for modern living rooms with a bold and stylish look. Material: Leatherette upholstery. Luck...","3 Seater Sofa - Maroon & Beige Leatherette Designer Sofa","Details and specifications; Highlights; Construction; Related Products; Visit the store","Approximately 42 product-specific words plus shared template copy","3 Seater Sofa - Maroon & Beige Leatherette Designer Sofa","Client-rendered Product + Offer + Breadcrumb + global FurnitureStore","Breadcrumb to Sofas; related products; WhatsApp; phone; map","Raw HTML is homepage shell/canonical until JS; long title (84 chars); thin unique product content (~42 words); availability claim requires update ownership; Product/Offer and global FurnitureStore schema are client-only and may contain unsupported fields","Verify source/rights/facts; apply product quality gate; prerender; add unique dimensions, room fit, material, care, delivery/access and image metadata; condition Offer","P1 quality review"
"https://luckyinteriorsfurniture.com/products/anthony-sofaset","product","Indexable after JS; raw HTML canonical points to homepage; quality approval recommended","200","https://luckyinteriorsfurniture.com/products/anthony-sofaset","Anthony - Sofaset | Lucky Interiors Furniture","Anthony is indian made fabric sofaset, its gives you contemparary modern loook to your drawing room. Fabric choice is also available. The full set has 3 se...","Anthony - Sofaset","Details and specifications; Highlights; Construction; Related Products; Visit the store","Approximately 54 product-specific words plus shared template copy","Anthony - Sofaset","Client-rendered Product + Offer + Breadcrumb + global FurnitureStore","Breadcrumb to Sofas; related products; WhatsApp; phone; map","Raw HTML is homepage shell/canonical until JS; thin unique product content (~54 words); availability claim requires update ownership; Product/Offer and global FurnitureStore schema are client-only and may contain unsupported fields","Verify source/rights/facts; apply product quality gate; prerender; add unique dimensions, room fit, material, care, delivery/access and image metadata; condition Offer","P1 quality review"
"https://luckyinteriorsfurniture.com/products/apex-customizable-32-sofa-set","product","Indexable after JS; raw HTML canonical points to homepage; quality approval recommended","200","https://luckyinteriorsfurniture.com/products/apex-customizable-32-sofa-set","Apex Customizable 3+2 Sofa Set | Lucky Interiors Furniture","Bring refined comfort to your living room with the Apex Sofa Set (3+2). Designed for modern homes, this fully customizable sofa set comes with a 5-year war...","Apex Customizable 3+2 Sofa Set","Details and specifications; Highlights; Construction; Related Products; Visit the store","Approximately 55 product-specific words plus shared template copy","Apex Customizable 3+2 Sofa Set","Client-rendered Product + Offer + Breadcrumb + global FurnitureStore","Breadcrumb to Sofas; related products; WhatsApp; phone; map","Raw HTML is homepage shell/canonical until JS; thin unique product content (~55 words); material requires verification; availability claim requires update ownership; Product/Offer and global FurnitureStore schema are client-only and may contain unsupported fields","Verify source/rights/facts; apply product quality gate; prerender; add unique dimensions, room fit, material, care, delivery/access and image metadata; condition Offer","P1 quality review"
"https://luckyinteriorsfurniture.com/products/arabian-recliner-sofaset","product","Indexable after JS; raw HTML canonical points to homepage; quality approval recommended","200","https://luckyinteriorsfurniture.com/products/arabian-recliner-sofaset","Arabian - Recliner Sofa Set | Lucky Interiors Furniture","Arabian is Imported made Racksine Sofa Set, it gives you contemparary modern look to your Living Room Furniture. This is Reclinear Sofaset with manual mech...","Arabian - Recliner Sofa Set","Details and specifications; Highlights; Construction; Related Products; Visit the store","Approximately 41 product-specific words plus shared template copy","Arabian - Recliner Sofa Set","Client-rendered Product + Offer + Breadcrumb + global FurnitureStore","Breadcrumb to Recliners; related products; WhatsApp; phone; map","Raw HTML is homepage shell/canonical until JS; thin unique product content (~41 words); availability claim requires update ownership; Product/Offer and global FurnitureStore schema are client-only and may contain unsupported fields","Verify source/rights/facts; apply product quality gate; prerender; add unique dimensions, room fit, material, care, delivery/access and image metadata; condition Offer","P1 quality review"
"https://luckyinteriorsfurniture.com/products/austin-sofaset","product","Indexable after JS; raw HTML canonical points to homepage; quality approval recommended","200","https://luckyinteriorsfurniture.com/products/austin-sofaset","Austin - Sofaset | Lucky Interiors Furniture","Wallstreet is Indian made Fabric Sofa Set, its gives you contemporary modern look to your Drawing room and Living Room Furniture. The leatherite fabric and...","Austin - Sofaset","Details and specifications; Highlights; Construction; Related Products; Visit the store","Approximately 62 product-specific words plus shared template copy","Austin - Sofaset","Client-rendered Product + Offer + Breadcrumb + global FurnitureStore","Breadcrumb to Sofas; related products; WhatsApp; phone; map","Raw HTML is homepage shell/canonical until JS; duplicate rendered meta description across 2 URLs; thin unique product content (~62 words); availability claim requires update ownership; Product/Offer and global FurnitureStore schema are client-only and may contain unsupported fields","Verify source/rights/facts; apply product quality gate; prerender; add unique dimensions, room fit, material, care, delivery/access and image metadata; condition Offer","P1 quality review"
"https://luckyinteriorsfurniture.com/products/avio-customizable-l-shape-corner-sofa-cum-bed","product","Indexable after JS; raw HTML canonical points to homepage; quality approval recommended","200","https://luckyinteriorsfurniture.com/products/avio-customizable-l-shape-corner-sofa-cum-bed","Avio Customizable L-Shape Corner Sofa Cum Bed | Lucky Interiors Furniture","Upgrade your living space with the Avio Corner Sofa Cum Bed, a stylish and customizable L-shaped sofa designed for comfort and functionality. Crafted to fi...","Avio Customizable L-Shape Corner Sofa Cum Bed","Details and specifications; Highlights; Construction; Related Products; Visit the store","Approximately 60 product-specific words plus shared template copy","Avio Customizable L-Shape Corner Sofa Cum Bed","Client-rendered Product + Offer + Breadcrumb + global FurnitureStore","Breadcrumb to Sofas; related products; WhatsApp; phone; map","Raw HTML is homepage shell/canonical until JS; long title (73 chars); thin unique product content (~60 words); material requires verification; availability claim requires update ownership; Product/Offer and global FurnitureStore schema are client-only and may contain unsupported fields","Verify source/rights/facts; apply product quality gate; prerender; add unique dimensions, room fit, material, care, delivery/access and image metadata; condition Offer","P1 quality review"
"https://luckyinteriorsfurniture.com/products/bisto-customizable-32-sofa-set","product","Indexable after JS; raw HTML canonical points to homepage; quality approval recommended","200","https://luckyinteriorsfurniture.com/products/bisto-customizable-32-sofa-set","Bisto Customizable 3+2 Sofa Set | Lucky Interiors Furniture","Bring modern comfort and style to your living room with the Bisto Sofa Set (3+2). Fully customizable and backed by a 5-year warranty, this elegant sofa set...","Bisto Customizable 3+2 Sofa Set","Details and specifications; Highlights; Construction; Related Products; Visit the store","Approximately 49 product-specific words plus shared template copy","Bisto Customizable 3+2 Sofa Set","Client-rendered Product + Offer + Breadcrumb + global FurnitureStore","Breadcrumb to Sofas; related products; WhatsApp; phone; map","Raw HTML is homepage shell/canonical until JS; thin unique product content (~49 words); availability claim requires update ownership; Product/Offer and global FurnitureStore schema are client-only and may contain unsupported fields","Verify source/rights/facts; apply product quality gate; prerender; add unique dimensions, room fit, material, care, delivery/access and image metadata; condition Offer","P1 quality review"
"https://luckyinteriorsfurniture.com/products/boston-reclinear-sofaset","product","Indexable after JS; raw HTML canonical points to homepage; quality approval recommended","200","https://luckyinteriorsfurniture.com/products/boston-reclinear-sofaset","Boston - Reclinear Sofaset | Lucky Interiors Furniture","Boston is Imported Reclinear Sofa Set with manual mechanism.The set gives comfort with contemporary look to your Living Room Furniture. This is always look...","Boston - Reclinear Sofaset","Details and specifications; Highlights; Construction; Related Products; Visit the store","Approximately 54 product-specific words plus shared template copy","Boston - Reclinear Sofaset","Client-rendered Product + Offer + Breadcrumb + global FurnitureStore","Breadcrumb to Recliners; related products; WhatsApp; phone; map","Raw HTML is homepage shell/canonical until JS; thin unique product content (~54 words); material requires verification; availability claim requires update ownership; Product/Offer and global FurnitureStore schema are client-only and may contain unsupported fields","Verify source/rights/facts; apply product quality gate; prerender; add unique dimensions, room fit, material, care, delivery/access and image metadata; condition Offer","P1 quality review"
"https://luckyinteriorsfurniture.com/products/boston-sofa-cum-bed","product","Indexable after JS; raw HTML canonical points to homepage; quality approval recommended","200","https://luckyinteriorsfurniture.com/products/boston-sofa-cum-bed","Boston - Sofa Cum Bed | Lucky Interiors Furniture","Material :High Grade Metal & Micro Fibre Style : Modern Material: Metal. Dimensions: Close Dimension L 80 * W 41 * H 32 Inch; Open Dimension L 80 * W 54 *...","Boston - Sofa Cum Bed","Details and specifications; Highlights; Construction; Related Products; Visit the store","Approximately 69 product-specific words plus shared template copy","Boston - Sofa Cum Bed","Client-rendered Product + Offer + Breadcrumb + global FurnitureStore","Breadcrumb to Sofas; related products; WhatsApp; phone; map","Raw HTML is homepage shell/canonical until JS; thin unique product content (~69 words); availability claim requires update ownership; Product/Offer and global FurnitureStore schema are client-only and may contain unsupported fields","Verify source/rights/facts; apply product quality gate; prerender; add unique dimensions, room fit, material, care, delivery/access and image metadata; condition Offer","P1 quality review"
"https://luckyinteriorsfurniture.com/products/chinatown-corner-sofaset","product","Indexable after JS; raw HTML canonical points to homepage; quality approval recommended","200","https://luckyinteriorsfurniture.com/products/chinatown-corner-sofaset","Chinatown - Corner Sofaset | Lucky Interiors Furniture","Chinatown is Indian made fabric Corner Sofa Set, L-Shape Corner Sofaset, its gives you contemporary modern look to your Drawing Room or Living Room Furnitu...","Chinatown - Corner Sofaset","Details and specifications; Highlights; Construction; Related Products; Visit the store","Approximately 70 product-specific words plus shared template copy","Chinatown - Corner Sofaset","Client-rendered Product + Offer + Breadcrumb + global FurnitureStore","Breadcrumb to Sofas; related products; WhatsApp; phone; map","Raw HTML is homepage shell/canonical until JS; thin unique product content (~70 words); availability claim requires update ownership; Product/Offer and global FurnitureStore schema are client-only and may contain unsupported fields","Verify source/rights/facts; apply product quality gate; prerender; add unique dimensions, room fit, material, care, delivery/access and image metadata; condition Offer","P1 quality review"
"https://luckyinteriorsfurniture.com/products/chinatown-sofaset","product","Indexable after JS; raw HTML canonical points to homepage; quality approval recommended","200","https://luckyinteriorsfurniture.com/products/chinatown-sofaset","CHINATOWN - SOFASET | Lucky Interiors Furniture","Chinatown is indian made fabric sofaset, its gives you contemporary modern look to your drawing room. Chinatown is available with wooden platform / extensi...","CHINATOWN - SOFASET","Details and specifications; Highlights; Construction; Related Products; Visit the store","Approximately 61 product-specific words plus shared template copy","CHINATOWN - SOFASET","Client-rendered Product + Offer + Breadcrumb + global FurnitureStore","Breadcrumb to Sofas; related products; WhatsApp; phone; map","Raw HTML is homepage shell/canonical until JS; thin unique product content (~61 words); availability claim requires update ownership; Product/Offer and global FurnitureStore schema are client-only and may contain unsupported fields","Verify source/rights/facts; apply product quality gate; prerender; add unique dimensions, room fit, material, care, delivery/access and image metadata; condition Offer","P1 quality review"
"https://luckyinteriorsfurniture.com/products/chinstown-customizable-32-sofa-set","product","Indexable after JS; raw HTML canonical points to homepage; quality approval recommended","200","https://luckyinteriorsfurniture.com/products/chinstown-customizable-32-sofa-set","Chinstown Customizable 3+2 Sofa Set | Lucky Interiors Furniture","Enhance your living room with the Chinstown Sofa Set (3+2), offering modern design, spacious seating, and lasting comfort. Fully customizable and backed by...","Chinstown Customizable 3+2 Sofa Set","Details and specifications; Highlights; Construction; Related Products; Visit the store","Approximately 51 product-specific words plus shared template copy","Chinstown Customizable 3+2 Sofa Set","Client-rendered Product + Offer + Breadcrumb + global FurnitureStore","Breadcrumb to Sofas; related products; WhatsApp; phone; map","Raw HTML is homepage shell/canonical until JS; long title (63 chars); thin unique product content (~51 words); availability claim requires update ownership; Product/Offer and global FurnitureStore schema are client-only and may contain unsupported fields","Verify source/rights/facts; apply product quality gate; prerender; add unique dimensions, room fit, material, care, delivery/access and image metadata; condition Offer","P1 quality review"
"https://luckyinteriorsfurniture.com/products/cumberland-sofa-cum-bed","product","Indexable after JS; raw HTML canonical points to homepage; quality approval recommended","200","https://luckyinteriorsfurniture.com/products/cumberland-sofa-cum-bed","CUMBERLAND - SOFA CUM BED | Lucky Interiors Furniture","Estimate delivery time : 3 to 4 Weeks. - Indoor Use Only - Dimension : Legth 75 inch * Width 34 inch * Height 32 inch - Aseembly : Not Required Material: A...","CUMBERLAND - SOFA CUM BED","Details and specifications; Highlights; Construction; Related Products; Visit the store","Approximately 78 product-specific words plus shared template copy","CUMBERLAND - SOFA CUM BED","Client-rendered Product + Offer + Breadcrumb + global FurnitureStore","Breadcrumb to Sofas; related products; WhatsApp; phone; map","Raw HTML is homepage shell/canonical until JS; thin unique product content (~78 words); material requires verification; availability claim requires update ownership; Product/Offer and global FurnitureStore schema are client-only and may contain unsupported fields","Verify source/rights/facts; apply product quality gate; prerender; add unique dimensions, room fit, material, care, delivery/access and image metadata; condition Offer","P1 quality review"
"https://luckyinteriorsfurniture.com/products/deisy-sofa-cum-bed","product","Indexable after JS; raw HTML canonical points to homepage; quality approval recommended","200","https://luckyinteriorsfurniture.com/products/deisy-sofa-cum-bed","DEISY - SOFA CUM BED | Lucky Interiors Furniture","Material :High Grade Metal & Micro Fibre Color : Space Grey/ as per stock available Style : Modern Material: Metal. Dimensions: Close Dimension L 71 * W 34...","DEISY - SOFA CUM BED","Details and specifications; Highlights; Construction; Related Products; Visit the store","Approximately 77 product-specific words plus shared template copy","DEISY - SOFA CUM BED","Client-rendered Product + Offer + Breadcrumb + global FurnitureStore","Breadcrumb to Sofas; related products; WhatsApp; phone; map","Raw HTML is homepage shell/canonical until JS; thin unique product content (~77 words); availability claim requires update ownership; Product/Offer and global FurnitureStore schema are client-only and may contain unsupported fields","Verify source/rights/facts; apply product quality gate; prerender; add unique dimensions, room fit, material, care, delivery/access and image metadata; condition Offer","P1 quality review"
"https://luckyinteriorsfurniture.com/products/delhi-gate-sofa-set","product","Indexable after JS; raw HTML canonical points to homepage; quality approval recommended","200","https://luckyinteriorsfurniture.com/products/delhi-gate-sofa-set","Delhi Gate - Sofa Set | Lucky Interiors Furniture","Delhi Gate is Indian made fabric Sofa Set, its gives you contemporary modern look to your Drawing Room or Living Room Furniture, This Sofaset can be custom...","Delhi Gate - Sofa Set","Details and specifications; Highlights; Construction; Related Products; Visit the store","Approximately 77 product-specific words plus shared template copy","Delhi Gate - Sofa Set","Client-rendered Product + Offer + Breadcrumb + global FurnitureStore","Breadcrumb to Sofas; related products; WhatsApp; phone; map","Raw HTML is homepage shell/canonical until JS; thin unique product content (~77 words); availability claim requires update ownership; Product/Offer and global FurnitureStore schema are client-only and may contain unsupported fields","Verify source/rights/facts; apply product quality gate; prerender; add unique dimensions, room fit, material, care, delivery/access and image metadata; condition Offer","P1 quality review"
"https://luckyinteriorsfurniture.com/products/devine-corner-sofaset","product","Indexable after JS; raw HTML canonical points to homepage; quality approval recommended","200","https://luckyinteriorsfurniture.com/products/devine-corner-sofaset","DEVINE - SOFASET | Lucky Interiors Furniture","Devine is latest style Designer sofaset. This sofaset includes 2 Seater + 3 Seater. The armrest in curve shapes looks comfortable and elegant. The backside...","DEVINE - SOFASET","Details and specifications; Highlights; Construction; Related Products; Visit the store","Approximately 89 product-specific words plus shared template copy","DEVINE - SOFASET","Client-rendered Product + Offer + Breadcrumb + global FurnitureStore","Breadcrumb to Sofas; related products; WhatsApp; phone; map","Raw HTML is homepage shell/canonical until JS; thin unique product content (~89 words); availability claim requires update ownership; Product/Offer and global FurnitureStore schema are client-only and may contain unsupported fields","Verify source/rights/facts; apply product quality gate; prerender; add unique dimensions, room fit, material, care, delivery/access and image metadata; condition Offer","P1 quality review"
"https://luckyinteriorsfurniture.com/products/england-sofaset","product","Indexable after JS; raw HTML canonical points to homepage; quality approval recommended","200","https://luckyinteriorsfurniture.com/products/england-sofaset","ENGLAND - SOFASET | Lucky Interiors Furniture","England is Indian made fabric Sofa Set, its gives you contemporary modern look to your Drawing Room or Living Room Furniture, This Sofaset can be customize...","ENGLAND - SOFASET","Details and specifications; Highlights; Construction; Related Products; Visit the store","Approximately 63 product-specific words plus shared template copy","ENGLAND - SOFASET","Client-rendered Product + Offer + Breadcrumb + global FurnitureStore","Breadcrumb to Sofas; related products; WhatsApp; phone; map","Raw HTML is homepage shell/canonical until JS; thin unique product content (~63 words); availability claim requires update ownership; Product/Offer and global FurnitureStore schema are client-only and may contain unsupported fields","Verify source/rights/facts; apply product quality gate; prerender; add unique dimensions, room fit, material, care, delivery/access and image metadata; condition Offer","P1 quality review"
"https://luckyinteriorsfurniture.com/products/exotica-sofa-set","product","Indexable after JS; raw HTML canonical points to homepage; quality approval recommended","200","https://luckyinteriorsfurniture.com/products/exotica-sofa-set","Exotica - Sofa Set | Lucky Interiors Furniture","Exotica an L shaped corner providing maximum comfort with a stylish chic look. It comes in with a trending colour and yellow cushions to highlight your liv...","Exotica - Sofa Set","Details and specifications; Highlights; Construction; Related Products; Visit the store","Approximately 64 product-specific words plus shared template copy","Exotica - Sofa Set","Client-rendered Product + Offer + Breadcrumb + global FurnitureStore","Breadcrumb to Sofas; related products; WhatsApp; phone; map","Raw HTML is homepage shell/canonical until JS; thin unique product content (~64 words); availability claim requires update ownership; Product/Offer and global FurnitureStore schema are client-only and may contain unsupported fields","Verify source/rights/facts; apply product quality gate; prerender; add unique dimensions, room fit, material, care, delivery/access and image metadata; condition Offer","P1 quality review"
"https://luckyinteriorsfurniture.com/products/german-customizable-32-sofa-set","product","Indexable after JS; raw HTML canonical points to homepage; quality approval recommended","200","https://luckyinteriorsfurniture.com/products/german-customizable-32-sofa-set","German Customizable 3+2 Sofa Set | Lucky Interiors Furniture","Elevate your living space with the German Sofa Set (3+2), designed for superior comfort and timeless style. Fully customizable and supported by a 5-year wa...","German Customizable 3+2 Sofa Set","Details and specifications; Highlights; Construction; Related Products; Visit the store","Approximately 53 product-specific words plus shared template copy","German Customizable 3+2 Sofa Set","Client-rendered Product + Offer + Breadcrumb + global FurnitureStore","Breadcrumb to Sofas; related products; WhatsApp; phone; map","Raw HTML is homepage shell/canonical until JS; thin unique product content (~53 words); availability claim requires update ownership; Product/Offer and global FurnitureStore schema are client-only and may contain unsupported fields","Verify source/rights/facts; apply product quality gate; prerender; add unique dimensions, room fit, material, care, delivery/access and image metadata; condition Offer","P1 quality review"
"https://luckyinteriorsfurniture.com/products/gizza-sofaset","product","Indexable after JS; raw HTML canonical points to homepage; quality approval recommended","200","https://luckyinteriorsfurniture.com/products/gizza-sofaset","GIZZA - SOFASET | Lucky Interiors Furniture","Gizza is one of our best designer sofa, it comes with a very interesting colour contrast with the sofa and cushions to add to the beauty of your living roo...","GIZZA - SOFASET","Details and specifications; Highlights; Construction; Related Products; Visit the store","Approximately 94 product-specific words plus shared template copy","GIZZA - SOFASET","Client-rendered Product + Offer + Breadcrumb + global FurnitureStore","Breadcrumb to Sofas; related products; WhatsApp; phone; map","Raw HTML is homepage shell/canonical until JS; thin unique product content (~94 words); material requires verification; availability claim requires update ownership; Product/Offer and global FurnitureStore schema are client-only and may contain unsupported fields","Verify source/rights/facts; apply product quality gate; prerender; add unique dimensions, room fit, material, care, delivery/access and image metadata; condition Offer","P1 quality review"
"https://luckyinteriorsfurniture.com/products/greek-luxury-32corner-sofa-set","product","Indexable after JS; raw HTML canonical points to homepage; quality approval recommended","200","https://luckyinteriorsfurniture.com/products/greek-luxury-32corner-sofa-set","Greek Luxury 3+2+Corner Sofa Set | Lucky Interiors Furniture","Add timeless elegance to your living room with the Greek Luxury Sofa Set (3+2+Corner). Designed for spacious seating and superior comfort, this premium sof...","Greek Luxury 3+2+Corner Sofa Set","Details and specifications; Highlights; Construction; Related Products; Visit the store","Approximately 54 product-specific words plus shared template copy","Greek Luxury 3+2+Corner Sofa Set","Client-rendered Product + Offer + Breadcrumb + global FurnitureStore","Breadcrumb to Sofas; related products; WhatsApp; phone; map","Raw HTML is homepage shell/canonical until JS; thin unique product content (~54 words); material requires verification; availability claim requires update ownership; Product/Offer and global FurnitureStore schema are client-only and may contain unsupported fields","Verify source/rights/facts; apply product quality gate; prerender; add unique dimensions, room fit, material, care, delivery/access and image metadata; condition Offer","P1 quality review"
"https://luckyinteriorsfurniture.com/products/honor-sofaset","product","Indexable after JS; raw HTML canonical points to homepage; quality approval recommended","200","https://luckyinteriorsfurniture.com/products/honor-sofaset","HONOUR - SOFASET | Lucky Interiors Furniture","Honour is one of the best Designer sofaset, its gives you contemporary modern look to your Office Furniture and Living Room Furniture. Material: Ask for ma...","HONOUR - SOFASET","Details and specifications; Highlights; Construction; Related Products; Visit the store","Approximately 49 product-specific words plus shared template copy","HONOUR - SOFASET","Client-rendered Product + Offer + Breadcrumb + global FurnitureStore","Breadcrumb to Sofas; related products; WhatsApp; phone; map","Raw HTML is homepage shell/canonical until JS; thin unique product content (~49 words); material requires verification; availability claim requires update ownership; Product/Offer and global FurnitureStore schema are client-only and may contain unsupported fields","Verify source/rights/facts; apply product quality gate; prerender; add unique dimensions, room fit, material, care, delivery/access and image metadata; condition Offer","P1 quality review"
"https://luckyinteriorsfurniture.com/products/karima-corner-sofaset","product","Indexable after JS; raw HTML canonical points to homepage; quality approval recommended","200","https://luckyinteriorsfurniture.com/products/karima-corner-sofaset","KARIMA - CORNER SOFASET | Lucky Interiors Furniture","Karima is indian made fabric sofaset, its gives you contemporary modern look to your drawing room. this is available with wooden platform / extensions both...","KARIMA - CORNER SOFASET","Details and specifications; Highlights; Construction; Related Products; Visit the store","Approximately 67 product-specific words plus shared template copy","KARIMA - CORNER SOFASET","Client-rendered Product + Offer + Breadcrumb + global FurnitureStore","Breadcrumb to Sofas; related products; WhatsApp; phone; map","Raw HTML is homepage shell/canonical until JS; thin unique product content (~67 words); availability claim requires update ownership; Product/Offer and global FurnitureStore schema are client-only and may contain unsupported fields","Verify source/rights/facts; apply product quality gate; prerender; add unique dimensions, room fit, material, care, delivery/access and image metadata; condition Offer","P1 quality review"
"https://luckyinteriorsfurniture.com/products/lapiz-corner-sofa-set","product","Indexable after JS; raw HTML canonical points to homepage; quality approval recommended","200","https://luckyinteriorsfurniture.com/products/lapiz-corner-sofa-set","LAPIZ - CORNER SOFA SET | Lucky Interiors Furniture","Lapiz is Indian made fabric Corner Sofa Set, its gives you contemporary modern look to your Drawing Room or Living Room Furniture, This L-Shape Sofaset can...","LAPIZ - CORNER SOFA SET","Details and specifications; Highlights; Construction; Related Products; Visit the store","Approximately 72 product-specific words plus shared template copy","LAPIZ - CORNER SOFA SET","Client-rendered Product + Offer + Breadcrumb + global FurnitureStore","Breadcrumb to Sofas; related products; WhatsApp; phone; map","Raw HTML is homepage shell/canonical until JS; thin unique product content (~72 words); availability claim requires update ownership; Product/Offer and global FurnitureStore schema are client-only and may contain unsupported fields","Verify source/rights/facts; apply product quality gate; prerender; add unique dimensions, room fit, material, care, delivery/access and image metadata; condition Offer","P1 quality review"
"https://luckyinteriorsfurniture.com/products/london-sofa-set","product","Indexable after JS; raw HTML canonical points to homepage; quality approval recommended","200","https://luckyinteriorsfurniture.com/products/london-sofa-set","LONDON - SOFA SET | Lucky Interiors Furniture","London Corner Sofa Set is Indian made Racksine Sofa Set, its gives you contemporary modern look to your Drawing room and Living Room Furniture. The leather...","LONDON - SOFA SET","Details and specifications; Highlights; Construction; Related Products; Visit the store","Approximately 65 product-specific words plus shared template copy","LONDON - SOFA SET","Client-rendered Product + Offer + Breadcrumb + global FurnitureStore","Breadcrumb to Sofas; related products; WhatsApp; phone; map","Raw HTML is homepage shell/canonical until JS; thin unique product content (~65 words); material requires verification; availability claim requires update ownership; Product/Offer and global FurnitureStore schema are client-only and may contain unsupported fields","Verify source/rights/facts; apply product quality gate; prerender; add unique dimensions, room fit, material, care, delivery/access and image metadata; condition Offer","P1 quality review"
"https://luckyinteriorsfurniture.com/products/lunar-lounger-sofaset","product","Indexable after JS; raw HTML canonical points to homepage; quality approval recommended","200","https://luckyinteriorsfurniture.com/products/lunar-lounger-sofaset","LUNAR - LOUNGER SOFASET | Lucky Interiors Furniture","Lunar is L-shape, Corner sofaset, one can say its a Lounger sofaset also. Longer is usefull for resting purpose so this type of sofa is very convenient for...","LUNAR - LOUNGER SOFASET","Details and specifications; Highlights; Construction; Related Products; Visit the store","Approximately 101 product-specific words plus shared template copy","LUNAR - LOUNGER SOFASET","Client-rendered Product + Offer + Breadcrumb + global FurnitureStore","Breadcrumb to Sofas; related products; WhatsApp; phone; map","Raw HTML is homepage shell/canonical until JS; material requires verification; availability claim requires update ownership; Product/Offer and global FurnitureStore schema are client-only and may contain unsupported fields","Verify source/rights/facts; apply product quality gate; prerender; add unique dimensions, room fit, material, care, delivery/access and image metadata; condition Offer","P2"
"https://luckyinteriorsfurniture.com/products/manibhadra-wooden-sofaset","product","Indexable after JS; raw HTML canonical points to homepage; quality approval recommended","200","https://luckyinteriorsfurniture.com/products/manibhadra-wooden-sofaset","MANIBHADRA - WOODEN SOFASET | Lucky Interiors Furniture","Manibhadra is Indian made Solid Teak Wooden Sofa Set, it gives you contemporary modern look to your Living Room Furniture. This Sofa Can be customize as pe...","MANIBHADRA - WOODEN SOFASET","Details and specifications; Highlights; Construction; Related Products; Visit the store","Approximately 43 product-specific words plus shared template copy","MANIBHADRA - WOODEN SOFASET","Client-rendered Product + Offer + Breadcrumb + global FurnitureStore","Breadcrumb to Sofas; related products; WhatsApp; phone; map","Raw HTML is homepage shell/canonical until JS; thin unique product content (~43 words); availability claim requires update ownership; Product/Offer and global FurnitureStore schema are client-only and may contain unsupported fields","Verify source/rights/facts; apply product quality gate; prerender; add unique dimensions, room fit, material, care, delivery/access and image metadata; condition Offer","P1 quality review"
"https://luckyinteriorsfurniture.com/products/martino-sofaset","product","Indexable after JS; raw HTML canonical points to homepage; quality approval recommended","200","https://luckyinteriorsfurniture.com/products/martino-sofaset","MARTINO - SOFASET | Lucky Interiors Furniture","Martino is elegant style Sofa Set for morden era, Mordern style Sofa, or called Fabric Sofa also. Its simple and comfortable for Living room as well Drawin...","MARTINO - SOFASET","Details and specifications; Highlights; Construction; Related Products; Visit the store","Approximately 89 product-specific words plus shared template copy","MARTINO - SOFASET","Client-rendered Product + Offer + Breadcrumb + global FurnitureStore","Breadcrumb to Sofas; related products; WhatsApp; phone; map","Raw HTML is homepage shell/canonical until JS; thin unique product content (~89 words); availability claim requires update ownership; Product/Offer and global FurnitureStore schema are client-only and may contain unsupported fields","Verify source/rights/facts; apply product quality gate; prerender; add unique dimensions, room fit, material, care, delivery/access and image metadata; condition Offer","P1 quality review"
"https://luckyinteriorsfurniture.com/products/modern-luxury-fabric-sofa-set-32-seater","product","Indexable after JS; raw HTML canonical points to homepage; quality approval recommended","200","https://luckyinteriorsfurniture.com/products/modern-luxury-fabric-sofa-set-32-seater","Modern Luxury Fabric Sofa Set (3+2 Seater) | Lucky Interiors Furniture","Elegant modern sofa set with premium fabric upholstery and stylish design, perfect for living rooms, lounges, and contemporary home interiors. Material: Fa...","Modern Luxury Fabric Sofa Set (3+2 Seater)","Details and specifications; Highlights; Construction; Related Products; Visit the store","Approximately 39 product-specific words plus shared template copy","Modern Luxury Fabric Sofa Set (3+2 Seater)","Client-rendered Product + Offer + Breadcrumb + global FurnitureStore","Breadcrumb to Sofas; related products; WhatsApp; phone; map","Raw HTML is homepage shell/canonical until JS; long title (70 chars); thin unique product content (~39 words); availability claim requires update ownership; Product/Offer and global FurnitureStore schema are client-only and may contain unsupported fields","Verify source/rights/facts; apply product quality gate; prerender; add unique dimensions, room fit, material, care, delivery/access and image metadata; condition Offer","P1 quality review"
"https://luckyinteriorsfurniture.com/products/modern-wooden-sofa-set-with-center-table","product","Indexable after JS; raw HTML canonical points to homepage; quality approval recommended","200","https://luckyinteriorsfurniture.com/products/modern-wooden-sofa-set-with-center-table","Modern Wooden Sofa Set with Center Table | Lucky Interiors Furniture","A stylish modern wooden sofa set with comfortable cushions and a matching center table, perfect for elegant and functional living room interiors. Material:...","Modern Wooden Sofa Set with Center Table","Details and specifications; Highlights; Construction; Related Products; Visit the store","Approximately 39 product-specific words plus shared template copy","Modern Wooden Sofa Set with Center Table","Client-rendered Product + Offer + Breadcrumb + global FurnitureStore","Breadcrumb to Sofas; related products; WhatsApp; phone; map","Raw HTML is homepage shell/canonical until JS; long title (68 chars); thin unique product content (~39 words); availability claim requires update ownership; Product/Offer and global FurnitureStore schema are client-only and may contain unsupported fields","Verify source/rights/facts; apply product quality gate; prerender; add unique dimensions, room fit, material, care, delivery/access and image metadata; condition Offer","P1 quality review"
"https://luckyinteriorsfurniture.com/products/monalisa-sofaset","product","Indexable after JS; raw HTML canonical points to homepage; quality approval recommended","200","https://luckyinteriorsfurniture.com/products/monalisa-sofaset","MONALISA - SOFASET | Lucky Interiors Furniture","Monalisa gives you a contemporary modern look to your Drawing room and Living Room Furniture. The fabric and lining work which increase beauty of this Corn...","MONALISA - SOFASET","Details and specifications; Highlights; Construction; Related Products; Visit the store","Approximately 57 product-specific words plus shared template copy","MONALISA - SOFASET","Client-rendered Product + Offer + Breadcrumb + global FurnitureStore","Breadcrumb to Sofas; related products; WhatsApp; phone; map","Raw HTML is homepage shell/canonical until JS; thin unique product content (~57 words); availability claim requires update ownership; Product/Offer and global FurnitureStore schema are client-only and may contain unsupported fields","Verify source/rights/facts; apply product quality gate; prerender; add unique dimensions, room fit, material, care, delivery/access and image metadata; condition Offer","P1 quality review"
"https://luckyinteriorsfurniture.com/products/natuzi-customizable-32-sofa-set","product","Indexable after JS; raw HTML canonical points to homepage; quality approval recommended","200","https://luckyinteriorsfurniture.com/products/natuzi-customizable-32-sofa-set","Natuzi Customizable 3+2 Sofa Set | Lucky Interiors Furniture","Enhance your living room with the Natuzi Sofa Set (3+2), offering spacious seating, modern design, and lasting comfort. Fully customizable and supported by...","Natuzi Customizable 3+2 Sofa Set","Details and specifications; Highlights; Construction; Related Products; Visit the store","Approximately 51 product-specific words plus shared template copy","Natuzi Customizable 3+2 Sofa Set","Client-rendered Product + Offer + Breadcrumb + global FurnitureStore","Breadcrumb to Sofas; related products; WhatsApp; phone; map","Raw HTML is homepage shell/canonical until JS; thin unique product content (~51 words); availability claim requires update ownership; Product/Offer and global FurnitureStore schema are client-only and may contain unsupported fields","Verify source/rights/facts; apply product quality gate; prerender; add unique dimensions, room fit, material, care, delivery/access and image metadata; condition Offer","P1 quality review"
"https://luckyinteriorsfurniture.com/products/nosta-sofa-set","product","Indexable after JS; raw HTML canonical points to homepage; quality approval recommended","200","https://luckyinteriorsfurniture.com/products/nosta-sofa-set","NOSTA - CORNER SOFASET | Lucky Interiors Furniture","Nosta is Indian made Fabric Sofa Set, its gives you contemporary modern look to your Drawing room and Living Room Furniture. The leatherite fabric and lini...","NOSTA - CORNER SOFASET","Details and specifications; Highlights; Construction; Related Products; Visit the store","Approximately 62 product-specific words plus shared template copy","NOSTA - CORNER SOFASET","Client-rendered Product + Offer + Breadcrumb + global FurnitureStore","Breadcrumb to Sofas; related products; WhatsApp; phone; map","Raw HTML is homepage shell/canonical until JS; thin unique product content (~62 words); availability claim requires update ownership; Product/Offer and global FurnitureStore schema are client-only and may contain unsupported fields","Verify source/rights/facts; apply product quality gate; prerender; add unique dimensions, room fit, material, care, delivery/access and image metadata; condition Offer","P1 quality review"
"https://luckyinteriorsfurniture.com/products/rexa-sofa-cum-bed-2","product","Indexable after JS; raw HTML canonical points to homepage; quality approval recommended","200","https://luckyinteriorsfurniture.com/products/rexa-sofa-cum-bed-2","REXA - SOFA CUM BED | Lucky Interiors Furniture","This is powder coated metal sofa cum bed. Size :- 80′′ length x depth 27′′ drawer with storage space available. Material: Metal. Lucky Interiors Furniture,...","REXA - SOFA CUM BED","Details and specifications; Highlights; Construction; Related Products; Visit the store","Approximately 35 product-specific words plus shared template copy","REXA - SOFA CUM BED","Client-rendered Product + Offer + Breadcrumb + global FurnitureStore","Breadcrumb to Sofas; related products; WhatsApp; phone; map","Raw HTML is homepage shell/canonical until JS; thin unique product content (~35 words); availability claim requires update ownership; Product/Offer and global FurnitureStore schema are client-only and may contain unsupported fields","Verify source/rights/facts; apply product quality gate; prerender; add unique dimensions, room fit, material, care, delivery/access and image metadata; condition Offer","P1 quality review"
"https://luckyinteriorsfurniture.com/products/rezilio-customizable-l-shape-corner-sofa-set","product","Indexable after JS; raw HTML canonical points to homepage; quality approval recommended","200","https://luckyinteriorsfurniture.com/products/rezilio-customizable-l-shape-corner-sofa-set","Rezilio Customizable L-Shape Corner Sofa Set | Lucky Interiors Furniture","Redefine comfort and style with the Rezilio Corner Sofa Set. This customizable L-shape sofa offers spacious seating, premium fabric options, and a 5-year w...","Rezilio Customizable L-Shape Corner Sofa Set","Details and specifications; Highlights; Construction; Related Products; Visit the store","Approximately 50 product-specific words plus shared template copy","Rezilio Customizable L-Shape Corner Sofa Set","Client-rendered Product + Offer + Breadcrumb + global FurnitureStore","Breadcrumb to Sofas; related products; WhatsApp; phone; map","Raw HTML is homepage shell/canonical until JS; long title (72 chars); thin unique product content (~50 words); availability claim requires update ownership; Product/Offer and global FurnitureStore schema are client-only and may contain unsupported fields","Verify source/rights/facts; apply product quality gate; prerender; add unique dimensions, room fit, material, care, delivery/access and image metadata; condition Offer","P1 quality review"
"https://luckyinteriorsfurniture.com/products/roman-customizable-32corner-sofa-set","product","Indexable after JS; raw HTML canonical points to homepage; quality approval recommended","200","https://luckyinteriorsfurniture.com/products/roman-customizable-32corner-sofa-set","Roman Customizable 3+2+Corner Sofa Set | Lucky Interiors Furniture","Experience classic comfort with the Roman Corner Sofa Set featuring a 3+2+corner configuration. Fully customizable and backed by a 5-year warranty, this el...","Roman Customizable 3+2+Corner Sofa Set","Details and specifications; Highlights; Construction; Related Products; Visit the store","Approximately 48 product-specific words plus shared template copy","Roman Customizable 3+2+Corner Sofa Set","Client-rendered Product + Offer + Breadcrumb + global FurnitureStore","Breadcrumb to Sofas; related products; WhatsApp; phone; map","Raw HTML is homepage shell/canonical until JS; long title (66 chars); thin unique product content (~48 words); availability claim requires update ownership; Product/Offer and global FurnitureStore schema are client-only and may contain unsupported fields","Verify source/rights/facts; apply product quality gate; prerender; add unique dimensions, room fit, material, care, delivery/access and image metadata; condition Offer","P1 quality review"
"https://luckyinteriorsfurniture.com/products/russian-sofa-set-customized-32-sofa-set-made-in-india","product","Indexable after JS; raw HTML canonical points to homepage; quality approval recommended","200","https://luckyinteriorsfurniture.com/products/russian-sofa-set-customized-32-sofa-set-made-in-india","Russian Sofa Set - Customized 3+2 Sofa Set (Made in India) | Lucky Interiors Furniture","The Russian Sofa Set is a premium customized 3+2 sofa set made in India, offering elegant design, multiple upholstery color options, and a 5-year warranty...","Russian Sofa Set - Customized 3+2 Sofa Set (Made in India)","Details and specifications; Highlights; Construction; Related Products; Visit the store","Approximately 56 product-specific words plus shared template copy","Russian Sofa Set - Customized 3+2 Sofa Set (Made in India)","Client-rendered Product + Offer + Breadcrumb + global FurnitureStore","Breadcrumb to Sofas; related products; WhatsApp; phone; map","Raw HTML is homepage shell/canonical until JS; long title (86 chars); thin unique product content (~56 words); material requires verification; availability claim requires update ownership; Product/Offer and global FurnitureStore schema are client-only and may contain unsupported fields","Verify source/rights/facts; apply product quality gate; prerender; add unique dimensions, room fit, material, care, delivery/access and image metadata; condition Offer","P1 quality review"
"https://luckyinteriorsfurniture.com/products/serin-customizable-32-sofa-set","product","Indexable after JS; raw HTML canonical points to homepage; quality approval recommended","200","https://luckyinteriorsfurniture.com/products/serin-customizable-32-sofa-set","Serin Customizable 3+2 Sofa Set | Lucky Interiors Furniture","Upgrade your living space with the Serin Sofa Set (3+2), designed for modern comfort and everyday elegance. Fully customizable and backed by a 5-year warra...","Serin Customizable 3+2 Sofa Set","Details and specifications; Highlights; Construction; Related Products; Visit the store","Approximately 50 product-specific words plus shared template copy","Serin Customizable 3+2 Sofa Set","Client-rendered Product + Offer + Breadcrumb + global FurnitureStore","Breadcrumb to Sofas; related products; WhatsApp; phone; map","Raw HTML is homepage shell/canonical until JS; thin unique product content (~50 words); availability claim requires update ownership; Product/Offer and global FurnitureStore schema are client-only and may contain unsupported fields","Verify source/rights/facts; apply product quality gate; prerender; add unique dimensions, room fit, material, care, delivery/access and image metadata; condition Offer","P1 quality review"
"https://luckyinteriorsfurniture.com/products/single-seater-sofa-black-leatherette-modern-armchair","product","Indexable after JS; raw HTML canonical points to homepage; quality approval recommended","200","https://luckyinteriorsfurniture.com/products/single-seater-sofa-black-leatherette-modern-armchair","Single Seater Sofa - Black Leatherette Modern Armchair | Lucky Interiors Furniture","Sleek single seater sofa in black leatherette, perfect for modern homes, offices, and reception areas. Material: Leatherette upholstery. Lucky Interiors Fu...","Single Seater Sofa - Black Leatherette Modern Armchair","Details and specifications; Highlights; Construction; Related Products; Visit the store","Approximately 33 product-specific words plus shared template copy","Single Seater Sofa - Black Leatherette Modern Armchair","Client-rendered Product + Offer + Breadcrumb + global FurnitureStore","Breadcrumb to Sofas; related products; WhatsApp; phone; map","Raw HTML is homepage shell/canonical until JS; long title (82 chars); thin unique product content (~33 words); availability claim requires update ownership; Product/Offer and global FurnitureStore schema are client-only and may contain unsupported fields","Verify source/rights/facts; apply product quality gate; prerender; add unique dimensions, room fit, material, care, delivery/access and image metadata; condition Offer","P1 quality review"
"https://luckyinteriorsfurniture.com/products/single-seater-sofa-classic-leatherette-armchair-brown","product","Indexable after JS; raw HTML canonical points to homepage; quality approval recommended","200","https://luckyinteriorsfurniture.com/products/single-seater-sofa-classic-leatherette-armchair-brown","Single Seater Sofa - Classic Leatherette Armchair (Brown) | Lucky Interiors Furniture","Comfortable single seater sofa in brown leatherette, perfect for living rooms, offices, and lounge areas. Material: Leatherette upholstery. Lucky Interiors...","Single Seater Sofa - Classic Leatherette Armchair (Brown)","Details and specifications; Highlights; Construction; Related Products; Visit the store","Approximately 33 product-specific words plus shared template copy","Single Seater Sofa - Classic Leatherette Armchair (Brown)","Client-rendered Product + Offer + Breadcrumb + global FurnitureStore","Breadcrumb to Sofas; related products; WhatsApp; phone; map","Raw HTML is homepage shell/canonical until JS; long title (85 chars); thin unique product content (~33 words); availability claim requires update ownership; Product/Offer and global FurnitureStore schema are client-only and may contain unsupported fields","Verify source/rights/facts; apply product quality gate; prerender; add unique dimensions, room fit, material, care, delivery/access and image metadata; condition Offer","P1 quality review"
"https://luckyinteriorsfurniture.com/products/single-seater-sofa-maroon-beige-leatherette-designer-armchair","product","Indexable after JS; raw HTML canonical points to homepage; quality approval recommended","200","https://luckyinteriorsfurniture.com/products/single-seater-sofa-maroon-beige-leatherette-designer-armchair","Single Seater Sofa - Maroon & Beige Leatherette Designer Armchair | Lucky Interiors Furniture","Stylish single seater sofa in maroon and beige leatherette, perfect for adding a bold and elegant touch to your space. Material: Leatherette upholstery. Lu...","Single Seater Sofa - Maroon & Beige Leatherette Designer Armchair","Details and specifications; Highlights; Construction; Related Products; Visit the store","Approximately 40 product-specific words plus shared template copy","Single Seater Sofa - Maroon & Beige Leatherette Designer Armchair","Client-rendered Product + Offer + Breadcrumb + global FurnitureStore","Breadcrumb to Sofas; related products; WhatsApp; phone; map","Raw HTML is homepage shell/canonical until JS; long title (93 chars); thin unique product content (~40 words); availability claim requires update ownership; Product/Offer and global FurnitureStore schema are client-only and may contain unsupported fields","Verify source/rights/facts; apply product quality gate; prerender; add unique dimensions, room fit, material, care, delivery/access and image metadata; condition Offer","P1 quality review"
"https://luckyinteriorsfurniture.com/products/wooden-1-seater-sofa-chair-premium-fabric-single-seater","product","Indexable after JS; raw HTML canonical points to homepage; quality approval recommended","200","https://luckyinteriorsfurniture.com/products/wooden-1-seater-sofa-chair-premium-fabric-single-seater","Single Seater Sofa Chair - Premium Single Seater | Lucky Interiors Furniture","Elegant Single seater sofa chair with cushioned fabric seating, perfect for living rooms, bedrooms, and lounge spaces. Material: Fabric upholstery. Lucky I...","Single Seater Sofa Chair - Premium Single Seater","Details and specifications; Highlights; Construction; Related Products; Visit the store","Approximately 35 product-specific words plus shared template copy","Single Seater Sofa Chair - Premium Single Seater","Client-rendered Product + Offer + Breadcrumb + global FurnitureStore","Breadcrumb to Sofas; related products; WhatsApp; phone; map","Raw HTML is homepage shell/canonical until JS; long title (76 chars); thin unique product content (~35 words); availability claim requires update ownership; Product/Offer and global FurnitureStore schema are client-only and may contain unsupported fields","Verify source/rights/facts; apply product quality gate; prerender; add unique dimensions, room fit, material, care, delivery/access and image metadata; condition Offer","P1 quality review"
"https://luckyinteriorsfurniture.com/products/sofa-set-311-outdoor-sofa-set","product","Indexable after JS; raw HTML canonical points to homepage; quality approval recommended","200","https://luckyinteriorsfurniture.com/products/sofa-set-311-outdoor-sofa-set","Sofa Set 3+1+1 - Premium Outdoor Sofaset | Lucky Interiors Furniture","Elegant outdoor sofa set (3+1+1) Material: Ask for material details. Lucky Interiors Furniture, Mumbai.","Sofa Set 3+1+1 - Premium Outdoor Sofaset","Details and specifications; Highlights; Construction; Related Products; Visit the store","Approximately 28 product-specific words plus shared template copy","Sofa Set 3+1+1 - Premium Outdoor Sofaset","Client-rendered Product + Offer + Breadcrumb + global FurnitureStore","Breadcrumb to Sofas; related products; WhatsApp; phone; map","Raw HTML is homepage shell/canonical until JS; long title (68 chars); thin unique product content (~28 words); material requires verification; availability claim requires update ownership; Product/Offer and global FurnitureStore schema are client-only and may contain unsupported fields","Verify source/rights/facts; apply product quality gate; prerender; add unique dimensions, room fit, material, care, delivery/access and image metadata; condition Offer","P1 quality review"
"https://luckyinteriorsfurniture.com/products/sydney-sofaset","product","Indexable after JS; raw HTML canonical points to homepage; quality approval recommended","200","https://luckyinteriorsfurniture.com/products/sydney-sofaset","SYDNEY - CORNER SOFASET | Lucky Interiors Furniture","Sydney is Indian made fabric Sofa Set, its gives you contemporary modern look to your Drawing Room or Living Room Furniture, This Sofaset can be customized...","SYDNEY - CORNER SOFASET","Details and specifications; Highlights; Construction; Related Products; Visit the store","Approximately 64 product-specific words plus shared template copy","SYDNEY - CORNER SOFASET","Client-rendered Product + Offer + Breadcrumb + global FurnitureStore","Breadcrumb to Sofas; related products; WhatsApp; phone; map","Raw HTML is homepage shell/canonical until JS; thin unique product content (~64 words); availability claim requires update ownership; Product/Offer and global FurnitureStore schema are client-only and may contain unsupported fields","Verify source/rights/facts; apply product quality gate; prerender; add unique dimensions, room fit, material, care, delivery/access and image metadata; condition Offer","P1 quality review"
"https://luckyinteriorsfurniture.com/products/vina-reclinear-chair-new-arrival","product","Indexable after JS; raw HTML canonical points to homepage; quality approval recommended","200","https://luckyinteriorsfurniture.com/products/vina-reclinear-chair-new-arrival","VINA RECLINEAR CHAIR - SOFA CHAIR | Lucky Interiors Furniture","Vina is Imported made Reclinear chair, it gives you contemparary modern look to your Living Room Furniture. This is Reclinear Chair with manual mechanism....","VINA RECLINEAR CHAIR - SOFA CHAIR","Details and specifications; Highlights; Construction; Related Products; Visit the store","Approximately 44 product-specific words plus shared template copy","VINA RECLINEAR CHAIR - SOFA CHAIR","Client-rendered Product + Offer + Breadcrumb + global FurnitureStore","Breadcrumb to Recliners; related products; WhatsApp; phone; map","Raw HTML is homepage shell/canonical until JS; long title (61 chars); thin unique product content (~44 words); material requires verification; availability claim requires update ownership; Product/Offer and global FurnitureStore schema are client-only and may contain unsupported fields","Verify source/rights/facts; apply product quality gate; prerender; add unique dimensions, room fit, material, care, delivery/access and image metadata; condition Offer","P1 quality review"
"https://luckyinteriorsfurniture.com/products/wallstreet-sofaset","product","Indexable after JS; raw HTML canonical points to homepage; quality approval recommended","200","https://luckyinteriorsfurniture.com/products/wallstreet-sofaset","WALLSTREET - SOFASET | Lucky Interiors Furniture","Wallstreet is Indian made Fabric Sofa Set, its gives you contemporary modern look to your Drawing room and Living Room Furniture. The leatherite fabric and...","WALLSTREET - SOFASET","Details and specifications; Highlights; Construction; Related Products; Visit the store","Approximately 62 product-specific words plus shared template copy","WALLSTREET - SOFASET","Client-rendered Product + Offer + Breadcrumb + global FurnitureStore","Breadcrumb to Sofas; related products; WhatsApp; phone; map","Raw HTML is homepage shell/canonical until JS; duplicate rendered meta description across 2 URLs; thin unique product content (~62 words); availability claim requires update ownership; Product/Offer and global FurnitureStore schema are client-only and may contain unsupported fields","Verify source/rights/facts; apply product quality gate; prerender; add unique dimensions, room fit, material, care, delivery/access and image metadata; condition Offer","P1 quality review"
"https://luckyinteriorsfurniture.com/products/woodcraft-sofa-set","product","Indexable after JS; raw HTML canonical points to homepage; quality approval recommended","200","https://luckyinteriorsfurniture.com/products/woodcraft-sofa-set","WOODCRAFT - SOFA SET | Lucky Interiors Furniture","Wood Craft Sofa Set is Indian made fabric Sofa Set, its gives you contemporary modern look to your Drawing Room or Living Room Furniture, This Sofaset can...","WOODCRAFT - SOFA SET","Details and specifications; Highlights; Construction; Related Products; Visit the store","Approximately 84 product-specific words plus shared template copy","WOODCRAFT - SOFA SET","Client-rendered Product + Offer + Breadcrumb + global FurnitureStore","Breadcrumb to Sofas; related products; WhatsApp; phone; map","Raw HTML is homepage shell/canonical until JS; thin unique product content (~84 words); availability claim requires update ownership; Product/Offer and global FurnitureStore schema are client-only and may contain unsupported fields","Verify source/rights/facts; apply product quality gate; prerender; add unique dimensions, room fit, material, care, delivery/access and image metadata; condition Offer","P1 quality review"
"https://luckyinteriorsfurniture.com/products/wooden-sofa-set-with-premium-cushion-seating","product","Indexable after JS; raw HTML canonical points to homepage; quality approval recommended","200","https://luckyinteriorsfurniture.com/products/wooden-sofa-set-with-premium-cushion-seating","Wooden Sofa Set with Premium Cushion Seating | Lucky Interiors Furniture","A modern wooden sofa set with premium cushioned seating, designed for comfort, durability, and elegant living room interiors. This is 3 seater + 2 seater +...","Wooden Sofa Set with Premium Cushion Seating","Details and specifications; Highlights; Construction; Related Products; Visit the store","Approximately 51 product-specific words plus shared template copy","Wooden Sofa Set with Premium Cushion Seating","Client-rendered Product + Offer + Breadcrumb + global FurnitureStore","Breadcrumb to Sofas; related products; WhatsApp; phone; map","Raw HTML is homepage shell/canonical until JS; long title (72 chars); thin unique product content (~51 words); availability claim requires update ownership; Product/Offer and global FurnitureStore schema are client-only and may contain unsupported fields","Verify source/rights/facts; apply product quality gate; prerender; add unique dimensions, room fit, material, care, delivery/access and image metadata; condition Offer","P1 quality review"
"https://luckyinteriorsfurniture.com/products/zayley-sofa-cum-bed","product","Indexable after JS; raw HTML canonical points to homepage; quality approval recommended","200","https://luckyinteriorsfurniture.com/products/zayley-sofa-cum-bed","ZAYLEY - SOFA CUM BED | Lucky Interiors Furniture","- Indoor Use Only - Dimension : Legth 72 inch * Width 35 inch * Height 39 inch - Aseembly : Not Required Material: Ask for material details. Dimensions: Di...","ZAYLEY - SOFA CUM BED","Details and specifications; Highlights; Construction; Related Products; Visit the store","Approximately 70 product-specific words plus shared template copy","ZAYLEY - SOFA CUM BED","Client-rendered Product + Offer + Breadcrumb + global FurnitureStore","Breadcrumb to Sofas; related products; WhatsApp; phone; map","Raw HTML is homepage shell/canonical until JS; thin unique product content (~70 words); material requires verification; availability claim requires update ownership; Product/Offer and global FurnitureStore schema are client-only and may contain unsupported fields","Verify source/rights/facts; apply product quality gate; prerender; add unique dimensions, room fit, material, care, delivery/access and image metadata; condition Offer","P1 quality review"
"https://luckyinteriorsfurniture.com/products/1-door-marble-finish-wooden-wardrobe-slim-storage-almirah","product","Indexable after JS; raw HTML canonical points to homepage; quality approval recommended","200","https://luckyinteriorsfurniture.com/products/1-door-marble-finish-wooden-wardrobe-slim-storage-almirah","1 Door Marble Finish Wooden Wardrobe - Slim Storage Almirah | Lucky Interiors Furniture","Elegant 1 door marble finish wardrobe with lock, ideal for compact spaces homes. Material: Wood finish. Lucky Interiors Furniture, Mumbai.","1 Door Marble Finish Wooden Wardrobe - Slim Storage Almirah","Details and specifications; Highlights; Construction; Related Products; Visit the store","Approximately 32 product-specific words plus shared template copy","1 Door Marble Finish Wooden Wardrobe - Slim Storage Almirah","Client-rendered Product + Offer + Breadcrumb + global FurnitureStore","Breadcrumb to Wardrobes; related products; WhatsApp; phone; map","Raw HTML is homepage shell/canonical until JS; long title (87 chars); thin unique product content (~32 words); availability claim requires update ownership; Product/Offer and global FurnitureStore schema are client-only and may contain unsupported fields","Verify source/rights/facts; apply product quality gate; prerender; add unique dimensions, room fit, material, care, delivery/access and image metadata; condition Offer","P1 quality review"
"https://luckyinteriorsfurniture.com/products/1-door-wooden-wardrobe-slim-bedroom-storage-almirah","product","Indexable after JS; raw HTML canonical points to homepage; quality approval recommended","200","https://luckyinteriorsfurniture.com/products/1-door-wooden-wardrobe-slim-bedroom-storage-almirah","1 Door Wooden Wardrobe - Slim Bedroom Storage Almirah | Lucky Interiors Furniture","Compact 1 door wooden wardrobe with secure locking, perfect for small spaces homes. Material: Wood finish. Lucky Interiors Furniture, Mumbai.","1 Door Wooden Wardrobe - Slim Bedroom Storage Almirah","Details and specifications; Highlights; Construction; Related Products; Visit the store","Approximately 31 product-specific words plus shared template copy","1 Door Wooden Wardrobe - Slim Bedroom Storage Almirah","Client-rendered Product + Offer + Breadcrumb + global FurnitureStore","Breadcrumb to Wardrobes; related products; WhatsApp; phone; map","Raw HTML is homepage shell/canonical until JS; long title (81 chars); thin unique product content (~31 words); availability claim requires update ownership; Product/Offer and global FurnitureStore schema are client-only and may contain unsupported fields","Verify source/rights/facts; apply product quality gate; prerender; add unique dimensions, room fit, material, care, delivery/access and image metadata; condition Offer","P1 quality review"
"https://luckyinteriorsfurniture.com/products/1-door-wooden-wardrobe-with-mirror-slim-bedroom-almirah","product","Indexable after JS; raw HTML canonical points to homepage; quality approval recommended","200","https://luckyinteriorsfurniture.com/products/1-door-wooden-wardrobe-with-mirror-slim-bedroom-almirah","1 Door Wooden Wardrobe with Mirror - Slim Bedroom Almirah | Lucky Interiors Furniture","Compact 1 door wardrobe with mirror and secure locking, perfect for small bedrooms. Material: Wood finish. Lucky Interiors Furniture, Mumbai.","1 Door Wooden Wardrobe with Mirror - Slim Bedroom Almirah","Details and specifications; Highlights; Construction; Related Products; Visit the store","Approximately 32 product-specific words plus shared template copy","1 Door Wooden Wardrobe with Mirror - Slim Bedroom Almirah","Client-rendered Product + Offer + Breadcrumb + global FurnitureStore","Breadcrumb to Wardrobes; related products; WhatsApp; phone; map","Raw HTML is homepage shell/canonical until JS; long title (85 chars); thin unique product content (~32 words); availability claim requires update ownership; Product/Offer and global FurnitureStore schema are client-only and may contain unsupported fields","Verify source/rights/facts; apply product quality gate; prerender; add unique dimensions, room fit, material, care, delivery/access and image metadata; condition Offer","P1 quality review"
"https://luckyinteriorsfurniture.com/products/2-door-steel-storage-cabinet-ss-office-home-metal-almirah","product","Indexable after JS; raw HTML canonical points to homepage; quality approval recommended","200","https://luckyinteriorsfurniture.com/products/2-door-steel-storage-cabinet-ss-office-home-metal-almirah","2 Door Steel Storage Cabinet (MS) - Office & Home Metal Almirah | Lucky Interiors Furniture","Durable 2 door steel storage cabinet with secure locking, perfect for office and home use. SIZE = 29′′ W X 16′′ D X 48 "" H Material: Metal. Lucky Interiors...","2 Door Steel Storage Cabinet (MS) - Office & Home Metal Almirah","Details and specifications; Highlights; Construction; Related Products; Visit the store","Approximately 45 product-specific words plus shared template copy","2 Door Steel Storage Cabinet (MS) - Office & Home Metal Almirah","Client-rendered Product + Offer + Breadcrumb + global FurnitureStore","Breadcrumb to Wardrobes; related products; WhatsApp; phone; map","Raw HTML is homepage shell/canonical until JS; long title (91 chars); thin unique product content (~45 words); availability claim requires update ownership; Product/Offer and global FurnitureStore schema are client-only and may contain unsupported fields","Verify source/rights/facts; apply product quality gate; prerender; add unique dimensions, room fit, material, care, delivery/access and image metadata; condition Offer","P1 quality review"
"https://luckyinteriorsfurniture.com/products/2-door-wardrobe-with-mirror-compact-wooden-bedroom-almirah","product","Indexable after JS; raw HTML canonical points to homepage; quality approval recommended","200","https://luckyinteriorsfurniture.com/products/2-door-wardrobe-with-mirror-compact-wooden-bedroom-almirah","2 Door Wardrobe with Mirror - Compact Wooden Bedroom Almirah | Lucky Interiors Furniture","Modern 2 door wardrobe with mirror and smart storage, perfect for compact bedrooms. SIZE = 32′′ W X 75′′ H X 19′′ D Material: Wood finish. Lucky Interiors...","2 Door Wardrobe with Mirror - Compact Wooden Bedroom Almirah","Details and specifications; Highlights; Construction; Related Products; Visit the store","Approximately 42 product-specific words plus shared template copy","2 Door Wardrobe with Mirror - Compact Wooden Bedroom Almirah","Client-rendered Product + Offer + Breadcrumb + global FurnitureStore","Breadcrumb to Wardrobes; related products; WhatsApp; phone; map","Raw HTML is homepage shell/canonical until JS; long title (88 chars); thin unique product content (~42 words); availability claim requires update ownership; Product/Offer and global FurnitureStore schema are client-only and may contain unsupported fields","Verify source/rights/facts; apply product quality gate; prerender; add unique dimensions, room fit, material, care, delivery/access and image metadata; condition Offer","P1 quality review"
"https://luckyinteriorsfurniture.com/products/2-door-white-wardrobe-with-mirror-drawers-compact-wooden-almirah","product","Indexable after JS; raw HTML canonical points to homepage; quality approval recommended","200","https://luckyinteriorsfurniture.com/products/2-door-white-wardrobe-with-mirror-drawers-compact-wooden-almirah","2 Door White Wardrobe with Mirror & Drawers - Compact Wooden Almirah | Lucky Interiors Furniture","Elegant 2 door white wardrobe with mirror and drawers, perfect for compact and modern homes. Material: Wood finish. Lucky Interiors Furniture, Mumbai.","2 Door White Wardrobe with Mirror & Drawers - Compact Wooden Almirah","Details and specifications; Highlights; Construction; Related Products; Visit the store","Approximately 36 product-specific words plus shared template copy","2 Door White Wardrobe with Mirror & Drawers - Compact Wooden Almirah","Client-rendered Product + Offer + Breadcrumb + global FurnitureStore","Breadcrumb to Wardrobes; related products; WhatsApp; phone; map","Raw HTML is homepage shell/canonical until JS; long title (96 chars); thin unique product content (~36 words); availability claim requires update ownership; Product/Offer and global FurnitureStore schema are client-only and may contain unsupported fields","Verify source/rights/facts; apply product quality gate; prerender; add unique dimensions, room fit, material, care, delivery/access and image metadata; condition Offer","P1 quality review"
"https://luckyinteriorsfurniture.com/products/2-door-white-wooden-wardrobe-modern-bedroom-almirah-with-lock","product","Indexable after JS; raw HTML canonical points to homepage; quality approval recommended","200","https://luckyinteriorsfurniture.com/products/2-door-white-wooden-wardrobe-modern-bedroom-almirah-with-lock","2 Door White Wooden Wardrobe - Modern Bedroom Almirah with Lock | Lucky Interiors Furniture","Minimalist 2 door white wardrobe with lock, perfect for modern homes. SIZE = 32′′ L X HT 75′′ X 21′′ D Delivery time 25 days mini. Material: Wood finish. L...","2 Door White Wooden Wardrobe - Modern Bedroom Almirah with Lock","Details and specifications; Highlights; Construction; Related Products; Visit the store","Approximately 46 product-specific words plus shared template copy","2 Door White Wooden Wardrobe - Modern Bedroom Almirah with Lock","Client-rendered Product + Offer + Breadcrumb + global FurnitureStore","Breadcrumb to Wardrobes; related products; WhatsApp; phone; map","Raw HTML is homepage shell/canonical until JS; long title (91 chars); thin unique product content (~46 words); availability claim requires update ownership; Product/Offer and global FurnitureStore schema are client-only and may contain unsupported fields","Verify source/rights/facts; apply product quality gate; prerender; add unique dimensions, room fit, material, care, delivery/access and image metadata; condition Offer","P1 quality review"
"https://luckyinteriorsfurniture.com/products/2-door-wooden-wardrobe-compact-bedroom-almirah","product","Indexable after JS; raw HTML canonical points to homepage; quality approval recommended","200","https://luckyinteriorsfurniture.com/products/2-door-wooden-wardrobe-compact-bedroom-almirah","2 Door Wooden Wardrobe - Compact Bedroom Almirah | Lucky Interiors Furniture","Space-saving 2 door wooden wardrobe with secure locking, perfect for small bedrooms and apartments. SIZE = 32′′ W X 75′′ X 19′′ D Material: Wood finish. Lu...","2 Door Wooden Wardrobe - Compact Bedroom Almirah","Details and specifications; Highlights; Construction; Related Products; Visit the store","Approximately 40 product-specific words plus shared template copy","2 Door Wooden Wardrobe - Compact Bedroom Almirah","Client-rendered Product + Offer + Breadcrumb + global FurnitureStore","Breadcrumb to Wardrobes; related products; WhatsApp; phone; map","Raw HTML is homepage shell/canonical until JS; long title (76 chars); thin unique product content (~40 words); availability claim requires update ownership; Product/Offer and global FurnitureStore schema are client-only and may contain unsupported fields","Verify source/rights/facts; apply product quality gate; prerender; add unique dimensions, room fit, material, care, delivery/access and image metadata; condition Offer","P1 quality review"
"https://luckyinteriorsfurniture.com/products/2-door-wooden-wardrobe-compact-bedroom-almirah-with-lock-2","product","Indexable after JS; raw HTML canonical points to homepage; quality approval recommended","200","https://luckyinteriorsfurniture.com/products/2-door-wooden-wardrobe-compact-bedroom-almirah-with-lock-2","2 Door Wooden Wardrobe - Compact Bedroom Almirah with Lock | Lucky Interiors Furniture","Durable 2 door wooden wardrobe with lock, ideal for everyday storage homes. SIZE = 36′′ L X 75′′ H X 21′′ D Material: Wood finish. Lucky Interiors Furnitur...","2 Door Wooden Wardrobe - Compact Bedroom Almirah with Lock","Details and specifications; Highlights; Construction; Related Products; Visit the store","Approximately 41 product-specific words plus shared template copy","2 Door Wooden Wardrobe - Compact Bedroom Almirah with Lock","Client-rendered Product + Offer + Breadcrumb + global FurnitureStore","Breadcrumb to Wardrobes; related products; WhatsApp; phone; map","Raw HTML is homepage shell/canonical until JS; long title (86 chars); duplicate title across 2 URLs; thin unique product content (~41 words); availability claim requires update ownership; Product/Offer and global FurnitureStore schema are client-only and may contain unsupported fields","Verify source/rights/facts; apply product quality gate; prerender; add unique dimensions, room fit, material, care, delivery/access and image metadata; condition Offer","P1 quality review"
"https://luckyinteriorsfurniture.com/products/2-door-wooden-wardrobe-compact-bedroom-almirah-with-lock","product","Indexable after JS; raw HTML canonical points to homepage; quality approval recommended","200","https://luckyinteriorsfurniture.com/products/2-door-wooden-wardrobe-compact-bedroom-almirah-with-lock","2 Door Wooden Wardrobe - Compact Bedroom Almirah with Lock | Lucky Interiors Furniture","Space-saving 2 door wooden wardrobe with secure lock, perfect for modern homes. SIZE = 36′′ L X 75′′ H X 21′′ D Delivery time 15 to 20 days minimum. Materi...","2 Door Wooden Wardrobe - Compact Bedroom Almirah with Lock","Details and specifications; Highlights; Construction; Related Products; Visit the store","Approximately 48 product-specific words plus shared template copy","2 Door Wooden Wardrobe - Compact Bedroom Almirah with Lock","Client-rendered Product + Offer + Breadcrumb + global FurnitureStore","Breadcrumb to Wardrobes; related products; WhatsApp; phone; map","Raw HTML is homepage shell/canonical until JS; long title (86 chars); duplicate title across 2 URLs; thin unique product content (~48 words); availability claim requires update ownership; Product/Offer and global FurnitureStore schema are client-only and may contain unsupported fields","Verify source/rights/facts; apply product quality gate; prerender; add unique dimensions, room fit, material, care, delivery/access and image metadata; condition Offer","P1 quality review"
"https://luckyinteriorsfurniture.com/products/2-door-wooden-wardrobe-minimal-bedroom-storage-almirah","product","Indexable after JS; raw HTML canonical points to homepage; quality approval recommended","200","https://luckyinteriorsfurniture.com/products/2-door-wooden-wardrobe-minimal-bedroom-storage-almirah","2 Door Wooden Wardrobe - Minimal Bedroom Storage Almirah | Lucky Interiors Furniture","Compact and durable 2 door wooden wardrobe with secure locking, ideal for modern homes. SIZE = 36′′ W X 75′′ H X 21′′ D Material: Wood finish. Lucky Interi...","2 Door Wooden Wardrobe - Minimal Bedroom Storage Almirah","Details and specifications; Highlights; Construction; Related Products; Visit the store","Approximately 42 product-specific words plus shared template copy","2 Door Wooden Wardrobe - Minimal Bedroom Storage Almirah","Client-rendered Product + Offer + Breadcrumb + global FurnitureStore","Breadcrumb to Wardrobes; related products; WhatsApp; phone; map","Raw HTML is homepage shell/canonical until JS; long title (84 chars); thin unique product content (~42 words); availability claim requires update ownership; Product/Offer and global FurnitureStore schema are client-only and may contain unsupported fields","Verify source/rights/facts; apply product quality gate; prerender; add unique dimensions, room fit, material, care, delivery/access and image metadata; condition Offer","P1 quality review"
"https://luckyinteriorsfurniture.com/products/2-door-wooden-wardrobe-space-saving-bedroom-almirah","product","Indexable after JS; raw HTML canonical points to homepage; quality approval recommended","200","https://luckyinteriorsfurniture.com/products/2-door-wooden-wardrobe-space-saving-bedroom-almirah","2 Door Wooden Wardrobe - Space Saving Bedroom Almirah | Lucky Interiors Furniture","Compact and durable 2 door wooden wardrobe with smart storage, ideal for modern bedrooms. SIZE = 32′′ W X 75′′ X 19′′ D Material: Wood finish. Lucky Interi...","2 Door Wooden Wardrobe - Space Saving Bedroom Almirah","Details and specifications; Highlights; Construction; Related Products; Visit the store","Approximately 41 product-specific words plus shared template copy","2 Door Wooden Wardrobe - Space Saving Bedroom Almirah","Client-rendered Product + Offer + Breadcrumb + global FurnitureStore","Breadcrumb to Wardrobes; related products; WhatsApp; phone; map","Raw HTML is homepage shell/canonical until JS; long title (81 chars); thin unique product content (~41 words); availability claim requires update ownership; Product/Offer and global FurnitureStore schema are client-only and may contain unsupported fields","Verify source/rights/facts; apply product quality gate; prerender; add unique dimensions, room fit, material, care, delivery/access and image metadata; condition Offer","P1 quality review"
"https://luckyinteriorsfurniture.com/products/2-door-wooden-wardrobe-with-mirror-compact-bedroom-almirah-5","product","Indexable after JS; raw HTML canonical points to homepage; quality approval recommended","200","https://luckyinteriorsfurniture.com/products/2-door-wooden-wardrobe-with-mirror-compact-bedroom-almirah-5","2 Door Wooden Wardrobe with Mirror - Compact Bedroom Almirah | Lucky Interiors Furniture","Stylish 2 door wardrobe with mirror and lock, perfect for compact homes. SIZE = 36′′ L X 75′′ H X 21′′ D Material: Wood finish. Dimensions: The wardrobe fe...","2 Door Wooden Wardrobe with Mirror - Compact Bedroom Almirah","Details and specifications; Highlights; Construction; Related Products; Visit the store","Approximately 85 product-specific words plus shared template copy","2 Door Wooden Wardrobe with Mirror - Compact Bedroom Almirah","Client-rendered Product + Offer + Breadcrumb + global FurnitureStore","Breadcrumb to Wardrobes; related products; WhatsApp; phone; map","Raw HTML is homepage shell/canonical until JS; long title (88 chars); duplicate title across 5 URLs; thin unique product content (~85 words); availability claim requires update ownership; Product/Offer and global FurnitureStore schema are client-only and may contain unsupported fields","Verify source/rights/facts; apply product quality gate; prerender; add unique dimensions, room fit, material, care, delivery/access and image metadata; condition Offer","P1 quality review"
"https://luckyinteriorsfurniture.com/products/2-door-wooden-wardrobe-with-mirror-compact-bedroom-almirah-4","product","Indexable after JS; raw HTML canonical points to homepage; quality approval recommended","200","https://luckyinteriorsfurniture.com/products/2-door-wooden-wardrobe-with-mirror-compact-bedroom-almirah-4","2 Door Wooden Wardrobe with Mirror - Compact Bedroom Almirah | Lucky Interiors Furniture","Elegant 2 door wardrobe with mirror and lock, ideal for space-saving storage homes. SIZE = 36′′ L X 75′′ H X 21′′ D Material: Wood finish. Dimensions: The...","2 Door Wooden Wardrobe with Mirror - Compact Bedroom Almirah","Details and specifications; Highlights; Construction; Related Products; Visit the store","Approximately 90 product-specific words plus shared template copy","2 Door Wooden Wardrobe with Mirror - Compact Bedroom Almirah","Client-rendered Product + Offer + Breadcrumb + global FurnitureStore","Breadcrumb to Wardrobes; related products; WhatsApp; phone; map","Raw HTML is homepage shell/canonical until JS; long title (88 chars); duplicate title across 5 URLs; thin unique product content (~90 words); availability claim requires update ownership; Product/Offer and global FurnitureStore schema are client-only and may contain unsupported fields","Verify source/rights/facts; apply product quality gate; prerender; add unique dimensions, room fit, material, care, delivery/access and image metadata; condition Offer","P1 quality review"
"https://luckyinteriorsfurniture.com/products/2-door-wooden-wardrobe-with-mirror-compact-bedroom-almirah-3","product","Indexable after JS; raw HTML canonical points to homepage; quality approval recommended","200","https://luckyinteriorsfurniture.com/products/2-door-wooden-wardrobe-with-mirror-compact-bedroom-almirah-3","2 Door Wooden Wardrobe with Mirror - Compact Bedroom Almirah | Lucky Interiors Furniture","Stylish 2 door wardrobe with mirror and lock, perfect for modern homes. Material: Wood finish. Lucky Interiors Furniture, Mumbai.","2 Door Wooden Wardrobe with Mirror - Compact Bedroom Almirah","Details and specifications; Highlights; Construction; Related Products; Visit the store","Approximately 31 product-specific words plus shared template copy","2 Door Wooden Wardrobe with Mirror - Compact Bedroom Almirah","Client-rendered Product + Offer + Breadcrumb + global FurnitureStore","Breadcrumb to Wardrobes; related products; WhatsApp; phone; map","Raw HTML is homepage shell/canonical until JS; long title (88 chars); duplicate title across 5 URLs; thin unique product content (~31 words); availability claim requires update ownership; Product/Offer and global FurnitureStore schema are client-only and may contain unsupported fields","Verify source/rights/facts; apply product quality gate; prerender; add unique dimensions, room fit, material, care, delivery/access and image metadata; condition Offer","P1 quality review"
"https://luckyinteriorsfurniture.com/products/2-door-wooden-wardrobe-with-mirror-compact-bedroom-almirah-2","product","Indexable after JS; raw HTML canonical points to homepage; quality approval recommended","200","https://luckyinteriorsfurniture.com/products/2-door-wooden-wardrobe-with-mirror-compact-bedroom-almirah-2","2 Door Wooden Wardrobe with Mirror - Compact Bedroom Almirah | Lucky Interiors Furniture","Stylish 2 door wardrobe with mirror and secure locking, ideal for modern bedrooms. SIZE = 36′′ X 75′′ H X 21′′ Material: Wood finish. Lucky Interiors Furni...","2 Door Wooden Wardrobe with Mirror - Compact Bedroom Almirah","Details and specifications; Highlights; Construction; Related Products; Visit the store","Approximately 40 product-specific words plus shared template copy","2 Door Wooden Wardrobe with Mirror - Compact Bedroom Almirah","Client-rendered Product + Offer + Breadcrumb + global FurnitureStore","Breadcrumb to Wardrobes; related products; WhatsApp; phone; map","Raw HTML is homepage shell/canonical until JS; long title (88 chars); duplicate title across 5 URLs; thin unique product content (~40 words); availability claim requires update ownership; Product/Offer and global FurnitureStore schema are client-only and may contain unsupported fields","Verify source/rights/facts; apply product quality gate; prerender; add unique dimensions, room fit, material, care, delivery/access and image metadata; condition Offer","P1 quality review"
"https://luckyinteriorsfurniture.com/products/2-door-wooden-wardrobe-with-mirror-compact-bedroom-almirah","product","Indexable after JS; raw HTML canonical points to homepage; quality approval recommended","200","https://luckyinteriorsfurniture.com/products/2-door-wooden-wardrobe-with-mirror-compact-bedroom-almirah","2 Door Wooden Wardrobe with Mirror - Compact Bedroom Almirah | Lucky Interiors Furniture","Stylish 2 door wardrobe with mirror and smart storage, perfect for modern compact bedrooms. SIZE = 36′′ W X 75′′ H X 21′′ D Material: Wood finish. Lucky In...","2 Door Wooden Wardrobe with Mirror - Compact Bedroom Almirah","Details and specifications; Highlights; Construction; Related Products; Visit the store","Approximately 43 product-specific words plus shared template copy","2 Door Wooden Wardrobe with Mirror - Compact Bedroom Almirah","Client-rendered Product + Offer + Breadcrumb + global FurnitureStore","Breadcrumb to Wardrobes; related products; WhatsApp; phone; map","Raw HTML is homepage shell/canonical until JS; long title (88 chars); duplicate title across 5 URLs; thin unique product content (~43 words); availability claim requires update ownership; Product/Offer and global FurnitureStore schema are client-only and may contain unsupported fields","Verify source/rights/facts; apply product quality gate; prerender; add unique dimensions, room fit, material, care, delivery/access and image metadata; condition Offer","P1 quality review"
"https://luckyinteriorsfurniture.com/products/2-door-wooden-wardrobe-with-mirror-drawer-compact-bedroom-almirah","product","Indexable after JS; raw HTML canonical points to homepage; quality approval recommended","200","https://luckyinteriorsfurniture.com/products/2-door-wooden-wardrobe-with-mirror-drawer-compact-bedroom-almirah","2 Door Wooden Wardrobe with Mirror & Drawer - Compact Bedroom Almirah | Lucky Interiors Furniture","Functional 2 door wardrobe with mirror and drawer storage, perfect for compact homes. SIZE = 36′′ W X 75′′ H X 21′′ D Material: Wood finish. Lucky Interior...","2 Door Wooden Wardrobe with Mirror & Drawer - Compact Bedroom Almirah","Details and specifications; Highlights; Construction; Related Products; Visit the store","Approximately 44 product-specific words plus shared template copy","2 Door Wooden Wardrobe with Mirror & Drawer - Compact Bedroom Almirah","Client-rendered Product + Offer + Breadcrumb + global FurnitureStore","Breadcrumb to Wardrobes; related products; WhatsApp; phone; map","Raw HTML is homepage shell/canonical until JS; long title (97 chars); thin unique product content (~44 words); availability claim requires update ownership; Product/Offer and global FurnitureStore schema are client-only and may contain unsupported fields","Verify source/rights/facts; apply product quality gate; prerender; add unique dimensions, room fit, material, care, delivery/access and image metadata; condition Offer","P1 quality review"
"https://luckyinteriorsfurniture.com/products/3-door-wardrobe-with-mirror-drawers-wooden-bedroom-almirah","product","Indexable after JS; raw HTML canonical points to homepage; quality approval recommended","200","https://luckyinteriorsfurniture.com/products/3-door-wardrobe-with-mirror-drawers-wooden-bedroom-almirah","3 Door Wardrobe with Mirror & Drawers - Wooden Bedroom Almirah | Lucky Interiors Furniture","Compact and stylish 3 door wardrobe with mirror and drawers, perfect for smart bedroom storage homes. SIZE = 52′′ W X 75′′ H X 21′′ D Material: Wood finish...","3 Door Wardrobe with Mirror & Drawers - Wooden Bedroom Almirah","Details and specifications; Highlights; Construction; Related Products; Visit the store","Approximately 46 product-specific words plus shared template copy","3 Door Wardrobe with Mirror & Drawers - Wooden Bedroom Almirah","Client-rendered Product + Offer + Breadcrumb + global FurnitureStore","Breadcrumb to Wardrobes; related products; WhatsApp; phone; map","Raw HTML is homepage shell/canonical until JS; long title (90 chars); thin unique product content (~46 words); availability claim requires update ownership; Product/Offer and global FurnitureStore schema are client-only and may contain unsupported fields","Verify source/rights/facts; apply product quality gate; prerender; add unique dimensions, room fit, material, care, delivery/access and image metadata; condition Offer","P1 quality review"
"https://luckyinteriorsfurniture.com/products/3-door-white-wardrobe-with-mirror-drawers-modern-wooden-almirah","product","Indexable after JS; raw HTML canonical points to homepage; quality approval recommended","200","https://luckyinteriorsfurniture.com/products/3-door-white-wardrobe-with-mirror-drawers-modern-wooden-almirah","3 Door White Wardrobe with Mirror & Drawers - Modern Wooden Almirah | Lucky Interiors Furniture","Elegant 3 door white wardrobe with mirror and drawers, perfect for modern bedroom storage homes. SIZE = 48′′ W X 75′′ H X 19′′ D Material: Wood finish. Luc...","3 Door White Wardrobe with Mirror & Drawers - Modern Wooden Almirah","Details and specifications; Highlights; Construction; Related Products; Visit the store","Approximately 46 product-specific words plus shared template copy","3 Door White Wardrobe with Mirror & Drawers - Modern Wooden Almirah","Client-rendered Product + Offer + Breadcrumb + global FurnitureStore","Breadcrumb to Wardrobes; related products; WhatsApp; phone; map","Raw HTML is homepage shell/canonical until JS; long title (95 chars); thin unique product content (~46 words); availability claim requires update ownership; Product/Offer and global FurnitureStore schema are client-only and may contain unsupported fields","Verify source/rights/facts; apply product quality gate; prerender; add unique dimensions, room fit, material, care, delivery/access and image metadata; condition Offer","P1 quality review"
"https://luckyinteriorsfurniture.com/products/3-door-white-wooden-wardrobe-modern-bedroom-almirah-with-lock","product","Indexable after JS; raw HTML canonical points to homepage; quality approval recommended","200","https://luckyinteriorsfurniture.com/products/3-door-white-wooden-wardrobe-modern-bedroom-almirah-with-lock","3 Door White Wooden Wardrobe - Modern Bedroom Almirah with Lock | Lucky Interiors Furniture","Spacious 3 door white wardrobe with lock, ideal for modern homes. SIZE = 52′′ L X HT 75′′ X 21′′ D Delivery time 25 days mini. Material: Wood finish. Lucky...","3 Door White Wooden Wardrobe - Modern Bedroom Almirah with Lock","Details and specifications; Highlights; Construction; Related Products; Visit the store","Approximately 46 product-specific words plus shared template copy","3 Door White Wooden Wardrobe - Modern Bedroom Almirah with Lock","Client-rendered Product + Offer + Breadcrumb + global FurnitureStore","Breadcrumb to Wardrobes; related products; WhatsApp; phone; map","Raw HTML is homepage shell/canonical until JS; long title (91 chars); thin unique product content (~46 words); availability claim requires update ownership; Product/Offer and global FurnitureStore schema are client-only and may contain unsupported fields","Verify source/rights/facts; apply product quality gate; prerender; add unique dimensions, room fit, material, care, delivery/access and image metadata; condition Offer","P1 quality review"
"https://luckyinteriorsfurniture.com/products/3-door-wooden-wardrobe-classic-bedroom-almirah-with-lock","product","Indexable after JS; raw HTML canonical points to homepage; quality approval recommended","200","https://luckyinteriorsfurniture.com/products/3-door-wooden-wardrobe-classic-bedroom-almirah-with-lock","3 Door Wooden Wardrobe - Classic Bedroom Almirah with Lock | Lucky Interiors Furniture","Durable 3 door wooden wardrobe with secure locking, ideal for everyday storage homes. SIZE = 52′′ L X 75′′ H X 21′′ D Delivery time 15 to 20 days minimum....","3 Door Wooden Wardrobe - Classic Bedroom Almirah with Lock","Details and specifications; Highlights; Construction; Related Products; Visit the store","Approximately 49 product-specific words plus shared template copy","3 Door Wooden Wardrobe - Classic Bedroom Almirah with Lock","Client-rendered Product + Offer + Breadcrumb + global FurnitureStore","Breadcrumb to Wardrobes; related products; WhatsApp; phone; map","Raw HTML is homepage shell/canonical until JS; long title (86 chars); thin unique product content (~49 words); availability claim requires update ownership; Product/Offer and global FurnitureStore schema are client-only and may contain unsupported fields","Verify source/rights/facts; apply product quality gate; prerender; add unique dimensions, room fit, material, care, delivery/access and image metadata; condition Offer","P1 quality review"
"https://luckyinteriorsfurniture.com/products/3-door-wooden-wardrobe-compact-bedroom-storage-almirah","product","Indexable after JS; raw HTML canonical points to homepage; quality approval recommended","200","https://luckyinteriorsfurniture.com/products/3-door-wooden-wardrobe-compact-bedroom-storage-almirah","3 Door Wooden Wardrobe - Compact Bedroom Storage Almirah | Lucky Interiors Furniture","A durable and stylish 3 door wooden wardrobe with spacious storage and secure locking, perfect for modern bedroom organization homes. SIZE = 48′′ W X 75′′...","3 Door Wooden Wardrobe - Compact Bedroom Storage Almirah","Details and specifications; Highlights; Construction; Related Products; Visit the store","Approximately 48 product-specific words plus shared template copy","3 Door Wooden Wardrobe - Compact Bedroom Storage Almirah","Client-rendered Product + Offer + Breadcrumb + global FurnitureStore","Breadcrumb to Wardrobes; related products; WhatsApp; phone; map","Raw HTML is homepage shell/canonical until JS; long title (84 chars); thin unique product content (~48 words); availability claim requires update ownership; Product/Offer and global FurnitureStore schema are client-only and may contain unsupported fields","Verify source/rights/facts; apply product quality gate; prerender; add unique dimensions, room fit, material, care, delivery/access and image metadata; condition Offer","P1 quality review"
"https://luckyinteriorsfurniture.com/products/3-door-wooden-wardrobe-modern-bedroom-almirah-with-lock","product","Indexable after JS; raw HTML canonical points to homepage; quality approval recommended","200","https://luckyinteriorsfurniture.com/products/3-door-wooden-wardrobe-modern-bedroom-almirah-with-lock","3 Door Wooden Wardrobe - Modern Bedroom Almirah with Lock | Lucky Interiors Furniture","Spacious 3 door wooden wardrobe with lock, ideal for organized storage homes. SIZE = 52′′ L X 75′′ HT. X 21′′ D Material: Wood finish. Lucky Interiors Furn...","3 Door Wooden Wardrobe - Modern Bedroom Almirah with Lock","Details and specifications; Highlights; Construction; Related Products; Visit the store","Approximately 41 product-specific words plus shared template copy","3 Door Wooden Wardrobe - Modern Bedroom Almirah with Lock","Client-rendered Product + Offer + Breadcrumb + global FurnitureStore","Breadcrumb to Wardrobes; related products; WhatsApp; phone; map","Raw HTML is homepage shell/canonical until JS; long title (85 chars); thin unique product content (~41 words); availability claim requires update ownership; Product/Offer and global FurnitureStore schema are client-only and may contain unsupported fields","Verify source/rights/facts; apply product quality gate; prerender; add unique dimensions, room fit, material, care, delivery/access and image metadata; condition Offer","P1 quality review"
"https://luckyinteriorsfurniture.com/products/3-door-wooden-wardrobe-modern-bedroom-storage-almirah","product","Indexable after JS; raw HTML canonical points to homepage; quality approval recommended","200","https://luckyinteriorsfurniture.com/products/3-door-wooden-wardrobe-modern-bedroom-storage-almirah","3 Door Wooden Wardrobe - Modern Bedroom Storage Almirah | Lucky Interiors Furniture","Spacious 3 door wooden wardrobe with smart storage and secure locking, ideal for modern homes. SIZE = 52′′ W X 75′′ H X 21′′ D Material: Wood finish. Lucky...","3 Door Wooden Wardrobe - Modern Bedroom Storage Almirah","Details and specifications; Highlights; Construction; Related Products; Visit the store","Approximately 43 product-specific words plus shared template copy","3 Door Wooden Wardrobe - Modern Bedroom Storage Almirah","Client-rendered Product + Offer + Breadcrumb + global FurnitureStore","Breadcrumb to Wardrobes; related products; WhatsApp; phone; map","Raw HTML is homepage shell/canonical until JS; long title (83 chars); thin unique product content (~43 words); availability claim requires update ownership; Product/Offer and global FurnitureStore schema are client-only and may contain unsupported fields","Verify source/rights/facts; apply product quality gate; prerender; add unique dimensions, room fit, material, care, delivery/access and image metadata; condition Offer","P1 quality review"
"https://luckyinteriorsfurniture.com/products/3-door-wooden-wardrobe-spacious-storage-almirah","product","Indexable after JS; raw HTML canonical points to homepage; quality approval recommended","200","https://luckyinteriorsfurniture.com/products/3-door-wooden-wardrobe-spacious-storage-almirah","3 Door Wooden Wardrobe - Spacious Storage Almirah | Lucky Interiors Furniture","A functional and stylish 3 door wooden wardrobe with multiple shelves and hanging space, ideal for organized bedroom storage homes. size 48′′ Length x 75′′...","3 Door Wooden Wardrobe - Spacious Storage Almirah","Details and specifications; Highlights; Construction; Related Products; Visit the store","Approximately 48 product-specific words plus shared template copy","3 Door Wooden Wardrobe - Spacious Storage Almirah","Client-rendered Product + Offer + Breadcrumb + global FurnitureStore","Breadcrumb to Wardrobes; related products; WhatsApp; phone; map","Raw HTML is homepage shell/canonical until JS; long title (77 chars); thin unique product content (~48 words); availability claim requires update ownership; Product/Offer and global FurnitureStore schema are client-only and may contain unsupported fields","Verify source/rights/facts; apply product quality gate; prerender; add unique dimensions, room fit, material, care, delivery/access and image metadata; condition Offer","P1 quality review"
"https://luckyinteriorsfurniture.com/products/3-door-wooden-wardrobe-with-mirror-modern-bedroom-almirah-2","product","Indexable after JS; raw HTML canonical points to homepage; quality approval recommended","200","https://luckyinteriorsfurniture.com/products/3-door-wooden-wardrobe-with-mirror-modern-bedroom-almirah-2","3 Door Wooden Wardrobe with Mirror - Modern Bedroom Almirah | Lucky Interiors Furniture","Elegant 3 door wardrobe with mirror and lock, perfect for spacious storage homes. Size = 52′′ L x 75′′ Ht x 21′′ D Material: Wood finish. Dimensions: The w...","3 Door Wooden Wardrobe with Mirror - Modern Bedroom Almirah","Details and specifications; Highlights; Construction; Related Products; Visit the store","Approximately 90 product-specific words plus shared template copy","3 Door Wooden Wardrobe with Mirror - Modern Bedroom Almirah","Client-rendered Product + Offer + Breadcrumb + global FurnitureStore","Breadcrumb to Wardrobes; related products; WhatsApp; phone; map","Raw HTML is homepage shell/canonical until JS; long title (87 chars); duplicate title across 2 URLs; thin unique product content (~90 words); availability claim requires update ownership; Product/Offer and global FurnitureStore schema are client-only and may contain unsupported fields","Verify source/rights/facts; apply product quality gate; prerender; add unique dimensions, room fit, material, care, delivery/access and image metadata; condition Offer","P1 quality review"
"https://luckyinteriorsfurniture.com/products/3-door-wooden-wardrobe-with-mirror-modern-bedroom-almirah","product","Indexable after JS; raw HTML canonical points to homepage; quality approval recommended","200","https://luckyinteriorsfurniture.com/products/3-door-wooden-wardrobe-with-mirror-modern-bedroom-almirah","3 Door Wooden Wardrobe with Mirror - Modern Bedroom Almirah | Lucky Interiors Furniture","Elegant 3 door wardrobe with center mirror and spacious storage, ideal for modern bedrooms homes. SIZE = 48′′ W X 75′′ H X 19′′ D Material: Wood finish. Lu...","3 Door Wooden Wardrobe with Mirror - Modern Bedroom Almirah","Details and specifications; Highlights; Construction; Related Products; Visit the store","Approximately 44 product-specific words plus shared template copy","3 Door Wooden Wardrobe with Mirror - Modern Bedroom Almirah","Client-rendered Product + Offer + Breadcrumb + global FurnitureStore","Breadcrumb to Wardrobes; related products; WhatsApp; phone; map","Raw HTML is homepage shell/canonical until JS; long title (87 chars); duplicate title across 2 URLs; thin unique product content (~44 words); availability claim requires update ownership; Product/Offer and global FurnitureStore schema are client-only and may contain unsupported fields","Verify source/rights/facts; apply product quality gate; prerender; add unique dimensions, room fit, material, care, delivery/access and image metadata; condition Offer","P1 quality review"
"https://luckyinteriorsfurniture.com/products/3-door-wooden-wardrobe-with-mirror-premium-bedroom-almirah","product","Indexable after JS; raw HTML canonical points to homepage; quality approval recommended","200","https://luckyinteriorsfurniture.com/products/3-door-wooden-wardrobe-with-mirror-premium-bedroom-almirah","3 Door Wooden Wardrobe with Mirror - Premium Bedroom Almirah | Lucky Interiors Furniture","Spacious 3 door wardrobe with mirror and secure locking, perfect for modern homes. SIZE = 54 "" L X 75′′ H X 21′′ D Material: Wood finish. Lucky Interiors F...","3 Door Wooden Wardrobe with Mirror - Premium Bedroom Almirah","Details and specifications; Highlights; Construction; Related Products; Visit the store","Approximately 43 product-specific words plus shared template copy","3 Door Wooden Wardrobe with Mirror - Premium Bedroom Almirah","Client-rendered Product + Offer + Breadcrumb + global FurnitureStore","Breadcrumb to Wardrobes; related products; WhatsApp; phone; map","Raw HTML is homepage shell/canonical until JS; long title (88 chars); thin unique product content (~43 words); availability claim requires update ownership; Product/Offer and global FurnitureStore schema are client-only and may contain unsupported fields","Verify source/rights/facts; apply product quality gate; prerender; add unique dimensions, room fit, material, care, delivery/access and image metadata; condition Offer","P1 quality review"
"https://luckyinteriorsfurniture.com/products/3-door-wooden-wardrobe-with-mirror-spacious-bedroom-almirah","product","Indexable after JS; raw HTML canonical points to homepage; quality approval recommended","200","https://luckyinteriorsfurniture.com/products/3-door-wooden-wardrobe-with-mirror-spacious-bedroom-almirah","3 Door Wooden Wardrobe with Mirror - Spacious Bedroom Almirah | Lucky Interiors Furniture","Premium 3 door wardrobe with mirror and lock, ideal for family storage homes. Material: Wood finish. Dimensions: The wardrobe features a full-length mirror...","3 Door Wooden Wardrobe with Mirror - Spacious Bedroom Almirah","Details and specifications; Highlights; Construction; Related Products; Visit the store","Approximately 82 product-specific words plus shared template copy","3 Door Wooden Wardrobe with Mirror - Spacious Bedroom Almirah","Client-rendered Product + Offer + Breadcrumb + global FurnitureStore","Breadcrumb to Wardrobes; related products; WhatsApp; phone; map","Raw HTML is homepage shell/canonical until JS; long title (89 chars); thin unique product content (~82 words); availability claim requires update ownership; Product/Offer and global FurnitureStore schema are client-only and may contain unsupported fields","Verify source/rights/facts; apply product quality gate; prerender; add unique dimensions, room fit, material, care, delivery/access and image metadata; condition Offer","P1 quality review"
"https://luckyinteriorsfurniture.com/products/3-door-wooden-wardrobe-with-mirror-spacious-storage-almirah","product","Indexable after JS; raw HTML canonical points to homepage; quality approval recommended","200","https://luckyinteriorsfurniture.com/products/3-door-wooden-wardrobe-with-mirror-spacious-storage-almirah","3 Door Wooden Wardrobe with Mirror - Spacious Storage Almirah | Lucky Interiors Furniture","A stylish 3 door wooden wardrobe with mirror and multiple storage sections, perfect for organizing clothes and essentials in modern homes. size 48′′ Length...","3 Door Wooden Wardrobe with Mirror - Spacious Storage Almirah","Details and specifications; Highlights; Construction; Related Products; Visit the store","Approximately 52 product-specific words plus shared template copy","3 Door Wooden Wardrobe with Mirror - Spacious Storage Almirah","Client-rendered Product + Offer + Breadcrumb + global FurnitureStore","Breadcrumb to Wardrobes; related products; WhatsApp; phone; map","Raw HTML is homepage shell/canonical until JS; long title (89 chars); thin unique product content (~52 words); availability claim requires update ownership; Product/Offer and global FurnitureStore schema are client-only and may contain unsupported fields","Verify source/rights/facts; apply product quality gate; prerender; add unique dimensions, room fit, material, care, delivery/access and image metadata; condition Offer","P1 quality review"
"https://luckyinteriorsfurniture.com/products/3-door-wooden-wardrobe-with-mirror-stylish-bedroom-almirah","product","Indexable after JS; raw HTML canonical points to homepage; quality approval recommended","200","https://luckyinteriorsfurniture.com/products/3-door-wooden-wardrobe-with-mirror-stylish-bedroom-almirah","3 Door Wooden Wardrobe with Mirror - Stylish Bedroom Almirah | Lucky Interiors Furniture","Modern 3 door wardrobe with mirror and lock, ideal for spacious storage homes. SIZE = 52′′ L X 21′′ D X 75′′ H Material: Wood finish. Dimensions: The wardr...","3 Door Wooden Wardrobe with Mirror - Stylish Bedroom Almirah","Details and specifications; Highlights; Construction; Related Products; Visit the store","Approximately 86 product-specific words plus shared template copy","3 Door Wooden Wardrobe with Mirror - Stylish Bedroom Almirah","Client-rendered Product + Offer + Breadcrumb + global FurnitureStore","Breadcrumb to Wardrobes; related products; WhatsApp; phone; map","Raw HTML is homepage shell/canonical until JS; long title (88 chars); thin unique product content (~86 words); availability claim requires update ownership; Product/Offer and global FurnitureStore schema are client-only and may contain unsupported fields","Verify source/rights/facts; apply product quality gate; prerender; add unique dimensions, room fit, material, care, delivery/access and image metadata; condition Offer","P1 quality review"
"https://luckyinteriorsfurniture.com/products/3-door-wooden-wardrobe-with-mirror-drawers-premium-bedroom-almirah","product","Indexable after JS; raw HTML canonical points to homepage; quality approval recommended","200","https://luckyinteriorsfurniture.com/products/3-door-wooden-wardrobe-with-mirror-drawers-premium-bedroom-almirah","3 Door Wooden Wardrobe with Mirror & Drawers - Premium Bedroom Almirah | Lucky Interiors Furniture","Spacious 3 door wardrobe with mirror and drawers, ideal for organized bedroom storage homes. SIZE = 48′′ W X 75′′ H X 19′′ D Material: Wood finish. Lucky I...","3 Door Wooden Wardrobe with Mirror & Drawers - Premium Bedroom Almirah","Details and specifications; Highlights; Construction; Related Products; Visit the store","Approximately 45 product-specific words plus shared template copy","3 Door Wooden Wardrobe with Mirror & Drawers - Premium Bedroom Almirah","Client-rendered Product + Offer + Breadcrumb + global FurnitureStore","Breadcrumb to Wardrobes; related products; WhatsApp; phone; map","Raw HTML is homepage shell/canonical until JS; long title (98 chars); thin unique product content (~45 words); availability claim requires update ownership; Product/Offer and global FurnitureStore schema are client-only and may contain unsupported fields","Verify source/rights/facts; apply product quality gate; prerender; add unique dimensions, room fit, material, care, delivery/access and image metadata; condition Offer","P1 quality review"
"https://luckyinteriorsfurniture.com/products/4-door-wardrobe-with-mirror-modern-wooden-bedroom-almirah","product","Indexable after JS; raw HTML canonical points to homepage; quality approval recommended","200","https://luckyinteriorsfurniture.com/products/4-door-wardrobe-with-mirror-modern-wooden-bedroom-almirah","4 Door Wardrobe with Mirror - Modern Wooden Bedroom Almirah | Lucky Interiors Furniture","Spacious 4 door wardrobe with mirror and drawers, designed for smart storage and modern interiors homes. SIZE = 72′′ W X 75′′ H X 21 "" D Material: Wood fin...","4 Door Wardrobe with Mirror - Modern Wooden Bedroom Almirah","Details and specifications; Highlights; Construction; Related Products; Visit the store","Approximately 46 product-specific words plus shared template copy","4 Door Wardrobe with Mirror - Modern Wooden Bedroom Almirah","Client-rendered Product + Offer + Breadcrumb + global FurnitureStore","Breadcrumb to Wardrobes; related products; WhatsApp; phone; map","Raw HTML is homepage shell/canonical until JS; long title (87 chars); thin unique product content (~46 words); availability claim requires update ownership; Product/Offer and global FurnitureStore schema are client-only and may contain unsupported fields","Verify source/rights/facts; apply product quality gate; prerender; add unique dimensions, room fit, material, care, delivery/access and image metadata; condition Offer","P1 quality review"
"https://luckyinteriorsfurniture.com/products/4-door-white-wardrobe-with-mirror-drawers-modern-wooden-almirah","product","Indexable after JS; raw HTML canonical points to homepage; quality approval recommended","200","https://luckyinteriorsfurniture.com/products/4-door-white-wardrobe-with-mirror-drawers-modern-wooden-almirah","4 Door White Wardrobe with Mirror & Drawers - Modern Wooden Almirah | Lucky Interiors Furniture","Spacious 4 door white wardrobe with mirror and drawers, perfect for stylish and organized bedrooms. SIZE 72′′ W X 75′ H X 21′′ D Material: Wood finish. Luc...","4 Door White Wardrobe with Mirror & Drawers - Modern Wooden Almirah","Details and specifications; Highlights; Construction; Related Products; Visit the store","Approximately 45 product-specific words plus shared template copy","4 Door White Wardrobe with Mirror & Drawers - Modern Wooden Almirah","Client-rendered Product + Offer + Breadcrumb + global FurnitureStore","Breadcrumb to Wardrobes; related products; WhatsApp; phone; map","Raw HTML is homepage shell/canonical until JS; long title (95 chars); thin unique product content (~45 words); availability claim requires update ownership; Product/Offer and global FurnitureStore schema are client-only and may contain unsupported fields","Verify source/rights/facts; apply product quality gate; prerender; add unique dimensions, room fit, material, care, delivery/access and image metadata; condition Offer","P1 quality review"
"https://luckyinteriorsfurniture.com/products/4-door-white-wooden-wardrobe-large-bedroom-almirah-with-lock","product","Indexable after JS; raw HTML canonical points to homepage; quality approval recommended","200","https://luckyinteriorsfurniture.com/products/4-door-white-wooden-wardrobe-large-bedroom-almirah-with-lock","4 Door White Wooden Wardrobe - Large Bedroom Almirah with Lock | Lucky Interiors Furniture","Spacious 4 door white wardrobe with lock, perfect for modern family homes. SIZE = 72′′ L X HT 75′′ X 21′′ D Delivery time 25 days mini. Material: Wood fini...","4 Door White Wooden Wardrobe - Large Bedroom Almirah with Lock","Details and specifications; Highlights; Construction; Related Products; Visit the store","Approximately 47 product-specific words plus shared template copy","4 Door White Wooden Wardrobe - Large Bedroom Almirah with Lock","Client-rendered Product + Offer + Breadcrumb + global FurnitureStore","Breadcrumb to Wardrobes; related products; WhatsApp; phone; map","Raw HTML is homepage shell/canonical until JS; long title (90 chars); thin unique product content (~47 words); availability claim requires update ownership; Product/Offer and global FurnitureStore schema are client-only and may contain unsupported fields","Verify source/rights/facts; apply product quality gate; prerender; add unique dimensions, room fit, material, care, delivery/access and image metadata; condition Offer","P1 quality review"
"https://luckyinteriorsfurniture.com/products/4-door-wooden-wardrobe-premium-bedroom-storage-almirah","product","Indexable after JS; raw HTML canonical points to homepage; quality approval recommended","200","https://luckyinteriorsfurniture.com/products/4-door-wooden-wardrobe-premium-bedroom-storage-almirah","4 Door Wooden Wardrobe - Premium Bedroom Storage Almirah | Lucky Interiors Furniture","A spacious and elegant 4 door wooden wardrobe with secure storage and multiple compartments, perfect for modern bedroom organization homes. SIZE = 72′′ W X...","4 Door Wooden Wardrobe - Premium Bedroom Storage Almirah","Details and specifications; Highlights; Construction; Related Products; Visit the store","Approximately 48 product-specific words plus shared template copy","4 Door Wooden Wardrobe - Premium Bedroom Storage Almirah","Client-rendered Product + Offer + Breadcrumb + global FurnitureStore","Breadcrumb to Wardrobes; related products; WhatsApp; phone; map","Raw HTML is homepage shell/canonical until JS; long title (84 chars); thin unique product content (~48 words); availability claim requires update ownership; Product/Offer and global FurnitureStore schema are client-only and may contain unsupported fields","Verify source/rights/facts; apply product quality gate; prerender; add unique dimensions, room fit, material, care, delivery/access and image metadata; condition Offer","P1 quality review"
"https://luckyinteriorsfurniture.com/products/4-door-wooden-wardrobe-spacious-bedroom-storage-almirah","product","Indexable after JS; raw HTML canonical points to homepage; quality approval recommended","200","https://luckyinteriorsfurniture.com/products/4-door-wooden-wardrobe-spacious-bedroom-storage-almirah","4 Door Wooden Wardrobe - Spacious Bedroom Storage Almirah | Lucky Interiors Furniture","Large 4 door wooden wardrobe with ample storage and secure locking, ideal for modern homes. SIZE = 72′′ W X 75′′ H X 21′′ D Material: Wood finish. Lucky In...","4 Door Wooden Wardrobe - Spacious Bedroom Storage Almirah","Details and specifications; Highlights; Construction; Related Products; Visit the store","Approximately 43 product-specific words plus shared template copy","4 Door Wooden Wardrobe - Spacious Bedroom Storage Almirah","Client-rendered Product + Offer + Breadcrumb + global FurnitureStore","Breadcrumb to Wardrobes; related products; WhatsApp; phone; map","Raw HTML is homepage shell/canonical until JS; long title (85 chars); thin unique product content (~43 words); availability claim requires update ownership; Product/Offer and global FurnitureStore schema are client-only and may contain unsupported fields","Verify source/rights/facts; apply product quality gate; prerender; add unique dimensions, room fit, material, care, delivery/access and image metadata; condition Offer","P1 quality review"
"https://luckyinteriorsfurniture.com/products/4-door-wooden-wardrobe-with-dual-mirror-premium-bedroom-almirah","product","Indexable after JS; raw HTML canonical points to homepage; quality approval recommended","200","https://luckyinteriorsfurniture.com/products/4-door-wooden-wardrobe-with-dual-mirror-premium-bedroom-almirah","4 Door Wooden Wardrobe with Dual Mirror - Premium Bedroom Almirah | Lucky Interiors Furniture","Stylish 4 door wardrobe with dual mirrors, spacious storage & secure locking, perfect for modern bedrooms. SIZE = 72′′ W X 75′′ H X 21′′ D Material: Wood f...","4 Door Wooden Wardrobe with Dual Mirror - Premium Bedroom Almirah","Details and specifications; Highlights; Construction; Related Products; Visit the store","Approximately 46 product-specific words plus shared template copy","4 Door Wooden Wardrobe with Dual Mirror - Premium Bedroom Almirah","Client-rendered Product + Offer + Breadcrumb + global FurnitureStore","Breadcrumb to Wardrobes; related products; WhatsApp; phone; map","Raw HTML is homepage shell/canonical until JS; long title (93 chars); thin unique product content (~46 words); availability claim requires update ownership; Product/Offer and global FurnitureStore schema are client-only and may contain unsupported fields","Verify source/rights/facts; apply product quality gate; prerender; add unique dimensions, room fit, material, care, delivery/access and image metadata; condition Offer","P1 quality review"
"https://luckyinteriorsfurniture.com/products/4-door-wooden-wardrobe-with-dual-mirror-premium-storage-almirah","product","Indexable after JS; raw HTML canonical points to homepage; quality approval recommended","200","https://luckyinteriorsfurniture.com/products/4-door-wooden-wardrobe-with-dual-mirror-premium-storage-almirah","4 Door Wooden Wardrobe with Dual Mirror - Premium Storage Almirah | Lucky Interiors Furniture","Spacious 4 door wardrobe with dual mirrors and multiple shelves, ideal for organized storage homes. SIZE = 72′′ W X 75′′ H X 21′′ D Material: Wood finish....","4 Door Wooden Wardrobe with Dual Mirror - Premium Storage Almirah","Details and specifications; Highlights; Construction; Related Products; Visit the store","Approximately 45 product-specific words plus shared template copy","4 Door Wooden Wardrobe with Dual Mirror - Premium Storage Almirah","Client-rendered Product + Offer + Breadcrumb + global FurnitureStore","Breadcrumb to Wardrobes; related products; WhatsApp; phone; map","Raw HTML is homepage shell/canonical until JS; long title (93 chars); thin unique product content (~45 words); availability claim requires update ownership; Product/Offer and global FurnitureStore schema are client-only and may contain unsupported fields","Verify source/rights/facts; apply product quality gate; prerender; add unique dimensions, room fit, material, care, delivery/access and image metadata; condition Offer","P1 quality review"
"https://luckyinteriorsfurniture.com/products/4-door-wooden-wardrobe-with-mirror-large-bedroom-almirah","product","Indexable after JS; raw HTML canonical points to homepage; quality approval recommended","200","https://luckyinteriorsfurniture.com/products/4-door-wooden-wardrobe-with-mirror-large-bedroom-almirah","4 Door Wooden Wardrobe with Mirror - Large Bedroom Almirah | Lucky Interiors Furniture","Spacious 4 door wardrobe with mirror and lock, perfect for family storage homes. Material: Wood finish. Dimensions: The wardrobe features a full-length mir...","4 Door Wooden Wardrobe with Mirror - Large Bedroom Almirah","Details and specifications; Highlights; Construction; Related Products; Visit the store","Approximately 78 product-specific words plus shared template copy","4 Door Wooden Wardrobe with Mirror - Large Bedroom Almirah","Client-rendered Product + Offer + Breadcrumb + global FurnitureStore","Breadcrumb to Wardrobes; related products; WhatsApp; phone; map","Raw HTML is homepage shell/canonical until JS; long title (86 chars); thin unique product content (~78 words); availability claim requires update ownership; Product/Offer and global FurnitureStore schema are client-only and may contain unsupported fields","Verify source/rights/facts; apply product quality gate; prerender; add unique dimensions, room fit, material, care, delivery/access and image metadata; condition Offer","P1 quality review"
"https://luckyinteriorsfurniture.com/products/4-door-wooden-wardrobe-with-mirror-modern-bedroom-almirah","product","Indexable after JS; raw HTML canonical points to homepage; quality approval recommended","200","https://luckyinteriorsfurniture.com/products/4-door-wooden-wardrobe-with-mirror-modern-bedroom-almirah","4 Door Wooden Wardrobe with Mirror - Modern Bedroom Almirah | Lucky Interiors Furniture","A spacious 4 door wooden wardrobe with mirror and secure storage, perfect for organizing clothes and essentials in modern homes. size 66′′ Length x 75′′ ht...","4 Door Wooden Wardrobe with Mirror - Modern Bedroom Almirah","Details and specifications; Highlights; Construction; Related Products; Visit the store","Approximately 51 product-specific words plus shared template copy","4 Door Wooden Wardrobe with Mirror - Modern Bedroom Almirah","Client-rendered Product + Offer + Breadcrumb + global FurnitureStore","Breadcrumb to Wardrobes; related products; WhatsApp; phone; map","Raw HTML is homepage shell/canonical until JS; long title (87 chars); thin unique product content (~51 words); availability claim requires update ownership; Product/Offer and global FurnitureStore schema are client-only and may contain unsupported fields","Verify source/rights/facts; apply product quality gate; prerender; add unique dimensions, room fit, material, care, delivery/access and image metadata; condition Offer","P1 quality review"
"https://luckyinteriorsfurniture.com/products/4-door-wooden-wardrobe-with-mirror-premium-bedroom-almirah","product","Indexable after JS; raw HTML canonical points to homepage; quality approval recommended","200","https://luckyinteriorsfurniture.com/products/4-door-wooden-wardrobe-with-mirror-premium-bedroom-almirah","4 Door Wooden Wardrobe with Mirror - Premium Bedroom Almirah | Lucky Interiors Furniture","Spacious 4 door wardrobe with mirror and secure locking, ideal for modern bedrooms homes. Material: Wood finish. Lucky Interiors Furniture, Mumbai.","4 Door Wooden Wardrobe with Mirror - Premium Bedroom Almirah","Details and specifications; Highlights; Construction; Related Products; Visit the store","Approximately 33 product-specific words plus shared template copy","4 Door Wooden Wardrobe with Mirror - Premium Bedroom Almirah","Client-rendered Product + Offer + Breadcrumb + global FurnitureStore","Breadcrumb to Wardrobes; related products; WhatsApp; phone; map","Raw HTML is homepage shell/canonical until JS; long title (88 chars); thin unique product content (~33 words); availability claim requires update ownership; Product/Offer and global FurnitureStore schema are client-only and may contain unsupported fields","Verify source/rights/facts; apply product quality gate; prerender; add unique dimensions, room fit, material, care, delivery/access and image metadata; condition Offer","P1 quality review"
"https://luckyinteriorsfurniture.com/products/4-door-wooden-wardrobe-with-mirror-spacious-bedroom-almirah","product","Indexable after JS; raw HTML canonical points to homepage; quality approval recommended","200","https://luckyinteriorsfurniture.com/products/4-door-wooden-wardrobe-with-mirror-spacious-bedroom-almirah","4 Door Wooden Wardrobe with Mirror - Spacious Bedroom Almirah | Lucky Interiors Furniture","Premium 4 door wardrobe with mirror and lock, perfect for large storage homes. Size Length 72′′ x Height 75′′ x Depth 21′′ Material: Wood finish. Dimension...","4 Door Wooden Wardrobe with Mirror - Spacious Bedroom Almirah","Details and specifications; Highlights; Construction; Related Products; Visit the store","Approximately 89 product-specific words plus shared template copy","4 Door Wooden Wardrobe with Mirror - Spacious Bedroom Almirah","Client-rendered Product + Offer + Breadcrumb + global FurnitureStore","Breadcrumb to Wardrobes; related products; WhatsApp; phone; map","Raw HTML is homepage shell/canonical until JS; long title (89 chars); thin unique product content (~89 words); availability claim requires update ownership; Product/Offer and global FurnitureStore schema are client-only and may contain unsupported fields","Verify source/rights/facts; apply product quality gate; prerender; add unique dimensions, room fit, material, care, delivery/access and image metadata; condition Offer","P1 quality review"
"https://luckyinteriorsfurniture.com/products/4-door-wooden-wardrobe-with-mirror-drawer-storage","product","Indexable after JS; raw HTML canonical points to homepage; quality approval recommended","200","https://luckyinteriorsfurniture.com/products/4-door-wooden-wardrobe-with-mirror-drawer-storage","4 Door Wooden Wardrobe with Mirror & Drawer Storage | Lucky Interiors Furniture","A spacious 4 door wooden wardrobe with full-length mirror and bottom drawers, perfect for organized bedroom storage in modern homes. SIZE = 72′′ W X 75′′ H...","4 Door Wooden Wardrobe with Mirror & Drawer Storage","Details and specifications; Highlights; Construction; Related Products; Visit the store","Approximately 48 product-specific words plus shared template copy","4 Door Wooden Wardrobe with Mirror & Drawer Storage","Client-rendered Product + Offer + Breadcrumb + global FurnitureStore","Breadcrumb to Wardrobes; related products; WhatsApp; phone; map","Raw HTML is homepage shell/canonical until JS; long title (79 chars); thin unique product content (~48 words); availability claim requires update ownership; Product/Offer and global FurnitureStore schema are client-only and may contain unsupported fields","Verify source/rights/facts; apply product quality gate; prerender; add unique dimensions, room fit, material, care, delivery/access and image metadata; condition Offer","P1 quality review"
"https://luckyinteriorsfurniture.com/products/alpha-2-door-wardrobe","product","Indexable after JS; raw HTML canonical points to homepage; quality approval recommended","200","https://luckyinteriorsfurniture.com/products/alpha-2-door-wardrobe","Alpha - 2 Door Wardrobe | Lucky Interiors Furniture","Material : Compressed Wood / Particle board Color Available : Dark Wenge & Brown Style : Modern Size = 36′′ w x h 75′′ x d 21′′ Material: Wood finish. Dime...","Alpha - 2 Door Wardrobe","Details and specifications; Highlights; Construction; Related Products; Visit the store","Approximately 61 product-specific words plus shared template copy","Alpha - 2 Door Wardrobe","Client-rendered Product + Offer + Breadcrumb + global FurnitureStore","Breadcrumb to Wardrobes; related products; WhatsApp; phone; map","Raw HTML is homepage shell/canonical until JS; thin unique product content (~61 words); availability claim requires update ownership; Product/Offer and global FurnitureStore schema are client-only and may contain unsupported fields","Verify source/rights/facts; apply product quality gate; prerender; add unique dimensions, room fit, material, care, delivery/access and image metadata; condition Offer","P1 quality review"
"https://luckyinteriorsfurniture.com/products/alpha-4-door-wardrobe","product","Indexable after JS; raw HTML canonical points to homepage; quality approval recommended","200","https://luckyinteriorsfurniture.com/products/alpha-4-door-wardrobe","Alpha 4 Door Wardrobe | Lucky Interiors Furniture","Material : Compressed Wood Color Available : Dark Wenge & Brown Style : Modern Material: Wood finish. Dimensions: Size : L 72 W 21 H 75. Lucky Interiors Fu...","Alpha 4 Door Wardrobe","Details and specifications; Highlights; Construction; Related Products; Visit the store","Approximately 43 product-specific words plus shared template copy","Alpha 4 Door Wardrobe","Client-rendered Product + Offer + Breadcrumb + global FurnitureStore","Breadcrumb to Wardrobes; related products; WhatsApp; phone; map","Raw HTML is homepage shell/canonical until JS; thin unique product content (~43 words); availability claim requires update ownership; Product/Offer and global FurnitureStore schema are client-only and may contain unsupported fields","Verify source/rights/facts; apply product quality gate; prerender; add unique dimensions, room fit, material, care, delivery/access and image metadata; condition Offer","P1 quality review"
"https://luckyinteriorsfurniture.com/products/aura-3-door-wardrobe-with-mirror","product","Indexable after JS; raw HTML canonical points to homepage; quality approval recommended","200","https://luckyinteriorsfurniture.com/products/aura-3-door-wardrobe-with-mirror","Aura - 3 Door Wardrobe | Lucky Interiors Furniture","Material : Compressed Wood / Particle board. Color Available : Dark Wenge & Brown Style : Modern Material: Wood finish. Dimensions: Size : L 48 W 19 H 75 (...","Aura - 3 Door Wardrobe","Details and specifications; Highlights; Construction; Related Products; Visit the store","Approximately 61 product-specific words plus shared template copy","Aura - 3 Door Wardrobe","Client-rendered Product + Offer + Breadcrumb + global FurnitureStore","Breadcrumb to Wardrobes; related products; WhatsApp; phone; map","Raw HTML is homepage shell/canonical until JS; thin unique product content (~61 words); availability claim requires update ownership; Product/Offer and global FurnitureStore schema are client-only and may contain unsupported fields","Verify source/rights/facts; apply product quality gate; prerender; add unique dimensions, room fit, material, care, delivery/access and image metadata; condition Offer","P1 quality review"
"https://luckyinteriorsfurniture.com/products/aura-2-door-wardrobe","product","Indexable after JS; raw HTML canonical points to homepage; quality approval recommended","200","https://luckyinteriorsfurniture.com/products/aura-2-door-wardrobe","Aura 2 Door Wardrobe | Lucky Interiors Furniture","Material : Compressed Wood / Particle board Color Available : Dark Wenge & Brown Style : Modern Material: Wood finish. Dimensions: Size : - 32′′ X 19′′ X 7...","Aura 2 Door Wardrobe","Details and specifications; Highlights; Construction; Related Products; Visit the store","Approximately 48 product-specific words plus shared template copy","Aura 2 Door Wardrobe","Client-rendered Product + Offer + Breadcrumb + global FurnitureStore","Breadcrumb to Wardrobes; related products; WhatsApp; phone; map","Raw HTML is homepage shell/canonical until JS; thin unique product content (~48 words); availability claim requires update ownership; Product/Offer and global FurnitureStore schema are client-only and may contain unsupported fields","Verify source/rights/facts; apply product quality gate; prerender; add unique dimensions, room fit, material, care, delivery/access and image metadata; condition Offer","P1 quality review"
"https://luckyinteriorsfurniture.com/products/hox-sliding-cupboard-warddrob","product","Indexable after JS; raw HTML canonical points to homepage; quality approval recommended","200","https://luckyinteriorsfurniture.com/products/hox-sliding-cupboard-warddrob","HOX SLIDING CUPBOARD - WARDROBE | Lucky Interiors Furniture","Hox is Sliding Cupboard, Two door Sliding Wardrobe. It is Indian made Customize Sliding Wardrobe, use in Bed room Furniture, as a Storage Cupboard also. Si...","HOX SLIDING CUPBOARD - WARDROBE","Details and specifications; Highlights; Construction; Related Products; Visit the store","Approximately 70 product-specific words plus shared template copy","HOX SLIDING CUPBOARD - WARDROBE","Client-rendered Product + Offer + Breadcrumb + global FurnitureStore","Breadcrumb to Wardrobes; related products; WhatsApp; phone; map","Raw HTML is homepage shell/canonical until JS; thin unique product content (~70 words); material requires verification; availability claim requires update ownership; Product/Offer and global FurnitureStore schema are client-only and may contain unsupported fields","Verify source/rights/facts; apply product quality gate; prerender; add unique dimensions, room fit, material, care, delivery/access and image metadata; condition Offer","P1 quality review"
"https://luckyinteriorsfurniture.com/products/wardrobe","product","Indexable after JS; raw HTML canonical points to homepage; quality approval recommended","200","https://luckyinteriorsfurniture.com/products/wardrobe","KIWA 3 DOOR CUPBOARD - WARDROBE | Lucky Interiors Furniture","Kiwa is made of compressed wood Indian made wardrobe 3 door. This is 48′′ length x 19′′ depth x 75′′ height. Available in black and wenge coffee colour. De...","KIWA 3 DOOR CUPBOARD - WARDROBE","Details and specifications; Highlights; Construction; Related Products; Visit the store","Approximately 68 product-specific words plus shared template copy","KIWA 3 DOOR CUPBOARD - WARDROBE","Client-rendered Product + Offer + Breadcrumb + global FurnitureStore","Breadcrumb to Wardrobes; related products; WhatsApp; phone; map","Raw HTML is homepage shell/canonical until JS; thin unique product content (~68 words); availability claim requires update ownership; Product/Offer and global FurnitureStore schema are client-only and may contain unsupported fields","Verify source/rights/facts; apply product quality gate; prerender; add unique dimensions, room fit, material, care, delivery/access and image metadata; condition Offer","P1 quality review"
"https://luckyinteriorsfurniture.com/products/lio-sliding-cupboard-warddrob","product","Indexable after JS; raw HTML canonical points to homepage; quality approval recommended","200","https://luckyinteriorsfurniture.com/products/lio-sliding-cupboard-warddrob","LIO SLIDING CUPBOARD - WARDROBE | Lucky Interiors Furniture","Lio is Sliding Wardrobe, It is Indian made Customize Wardrobe, use in Bed room Furniture. Material: Ask for material details. Dimensions: Size : - 60′′ x 7...","LIO SLIDING CUPBOARD - WARDROBE","Details and specifications; Highlights; Construction; Related Products; Visit the store","Approximately 51 product-specific words plus shared template copy","LIO SLIDING CUPBOARD - WARDROBE","Client-rendered Product + Offer + Breadcrumb + global FurnitureStore","Breadcrumb to Wardrobes; related products; WhatsApp; phone; map","Raw HTML is homepage shell/canonical until JS; thin unique product content (~51 words); material requires verification; availability claim requires update ownership; Product/Offer and global FurnitureStore schema are client-only and may contain unsupported fields","Verify source/rights/facts; apply product quality gate; prerender; add unique dimensions, room fit, material, care, delivery/access and image metadata; condition Offer","P1 quality review"
"https://luckyinteriorsfurniture.com/products/milli-sliding-cupboard-warddrob","product","Indexable after JS; raw HTML canonical points to homepage; quality approval recommended","200","https://luckyinteriorsfurniture.com/products/milli-sliding-cupboard-warddrob","MILLI SLIDING CUPBOARD - WARDROBE | Lucky Interiors Furniture","Mili is Sliding Cupboard, Two door Sliding Wardrobe. It is Indian made Customize Sliding Wardrobe, use in Bed room Furniture. SIZE = 60′′ W X H 75′′ X 24′′...","MILLI SLIDING CUPBOARD - WARDROBE","Details and specifications; Highlights; Construction; Related Products; Visit the store","Approximately 66 product-specific words plus shared template copy","MILLI SLIDING CUPBOARD - WARDROBE","Client-rendered Product + Offer + Breadcrumb + global FurnitureStore","Breadcrumb to Wardrobes; related products; WhatsApp; phone; map","Raw HTML is homepage shell/canonical until JS; long title (61 chars); thin unique product content (~66 words); material requires verification; availability claim requires update ownership; Product/Offer and global FurnitureStore schema are client-only and may contain unsupported fields","Verify source/rights/facts; apply product quality gate; prerender; add unique dimensions, room fit, material, care, delivery/access and image metadata; condition Offer","P1 quality review"
"https://luckyinteriorsfurniture.com/products/rich-two-door-cupboard-wardrobe","product","Indexable after JS; raw HTML canonical points to homepage; quality approval recommended","200","https://luckyinteriorsfurniture.com/products/rich-two-door-cupboard-wardrobe","Rich Two Door Cupboard - Wardrobe | Lucky Interiors Furniture","- Better home is leading manufacturer of residence furniture of all type, customize wardrobe available here. This is Very Economical wardrobe / two door Cu...","Rich Two Door Cupboard - Wardrobe","Details and specifications; Highlights; Construction; Related Products; Visit the store","Approximately 68 product-specific words plus shared template copy","Rich Two Door Cupboard - Wardrobe","Client-rendered Product + Offer + Breadcrumb + global FurnitureStore","Breadcrumb to Wardrobes; related products; WhatsApp; phone; map","Raw HTML is homepage shell/canonical until JS; long title (61 chars); thin unique product content (~68 words); material requires verification; availability claim requires update ownership; Product/Offer and global FurnitureStore schema are client-only and may contain unsupported fields","Verify source/rights/facts; apply product quality gate; prerender; add unique dimensions, room fit, material, care, delivery/access and image metadata; condition Offer","P1 quality review"
"https://luckyinteriorsfurniture.com/products/seril-3-door-cupboard-wardrob","product","Indexable after JS; raw HTML canonical points to homepage; quality approval recommended","200","https://luckyinteriorsfurniture.com/products/seril-3-door-cupboard-wardrob","SERIL 3 DOOR CUPBOARD - WARDROBE | Lucky Interiors Furniture","Seril three door Cupboard, Three Door Wardrobe with Mirror very use full in Bedroom Furniture as a Storage Cabinet. Material: Wood finish. Dimensions: Size...","SERIL 3 DOOR CUPBOARD - WARDROBE","Details and specifications; Highlights; Construction; Related Products; Visit the store","Approximately 52 product-specific words plus shared template copy","SERIL 3 DOOR CUPBOARD - WARDROBE","Client-rendered Product + Offer + Breadcrumb + global FurnitureStore","Breadcrumb to Wardrobes; related products; WhatsApp; phone; map","Raw HTML is homepage shell/canonical until JS; thin unique product content (~52 words); availability claim requires update ownership; Product/Offer and global FurnitureStore schema are client-only and may contain unsupported fields","Verify source/rights/facts; apply product quality gate; prerender; add unique dimensions, room fit, material, care, delivery/access and image metadata; condition Offer","P1 quality review"
"https://luckyinteriorsfurniture.com/products/sina-warddrob","product","Indexable after JS; raw HTML canonical points to homepage; quality approval recommended","200","https://luckyinteriorsfurniture.com/products/sina-warddrob","SINA - WARDROBE | Lucky Interiors Furniture","This is Very Economical wardrobe / two door Cupboard mainly use full as storage cabinet. Material: Ask for material details. Dimensions: Size : - 36′′ X 21...","SINA - WARDROBE","Details and specifications; Highlights; Construction; Related Products; Visit the store","Approximately 49 product-specific words plus shared template copy","SINA - WARDROBE","Client-rendered Product + Offer + Breadcrumb + global FurnitureStore","Breadcrumb to Wardrobes; related products; WhatsApp; phone; map","Raw HTML is homepage shell/canonical until JS; thin unique product content (~49 words); material requires verification; availability claim requires update ownership; Product/Offer and global FurnitureStore schema are client-only and may contain unsupported fields","Verify source/rights/facts; apply product quality gate; prerender; add unique dimensions, room fit, material, care, delivery/access and image metadata; condition Offer","P1 quality review"
"https://luckyinteriorsfurniture.com/products/texa-sliding-cupboard-wardrobe","product","Indexable after JS; raw HTML canonical points to homepage; quality approval recommended","200","https://luckyinteriorsfurniture.com/products/texa-sliding-cupboard-wardrobe","Texa Sliding Cupboard - Wardrobe | Lucky Interiors Furniture","Texa is Sliding Cupboard, Two door Sliding Wardrobe. It is Indian made Customize Sliding Wardrobe, use in Bed room Furniture, as a Storage Cupboard also. M...","Texa Sliding Cupboard - Wardrobe","Details and specifications; Highlights; Construction; Related Products; Visit the store","Approximately 61 product-specific words plus shared template copy","Texa Sliding Cupboard - Wardrobe","Client-rendered Product + Offer + Breadcrumb + global FurnitureStore","Breadcrumb to Wardrobes; related products; WhatsApp; phone; map","Raw HTML is homepage shell/canonical until JS; thin unique product content (~61 words); material requires verification; availability claim requires update ownership; Product/Offer and global FurnitureStore schema are client-only and may contain unsupported fields","Verify source/rights/facts; apply product quality gate; prerender; add unique dimensions, room fit, material, care, delivery/access and image metadata; condition Offer","P1 quality review"
"https://luckyinteriorsfurniture.com/products/truzo-sliding-cupboard-wardrobe","product","Indexable after JS; raw HTML canonical points to homepage; quality approval recommended","200","https://luckyinteriorsfurniture.com/products/truzo-sliding-cupboard-wardrobe","Truzo Sliding Cupboard - Wardrobe | Lucky Interiors Furniture","Truzo is Sliding Cupboard, Two door Sliding Wardrobe. It is Indian made Customize Sliding Wardrobe, use in Bed room Furniture. Material: Ask for material d...","Truzo Sliding Cupboard - Wardrobe","Details and specifications; Highlights; Construction; Related Products; Visit the store","Approximately 56 product-specific words plus shared template copy","Truzo Sliding Cupboard - Wardrobe","Client-rendered Product + Offer + Breadcrumb + global FurnitureStore","Breadcrumb to Wardrobes; related products; WhatsApp; phone; map","Raw HTML is homepage shell/canonical until JS; long title (61 chars); thin unique product content (~56 words); material requires verification; availability claim requires update ownership; Product/Offer and global FurnitureStore schema are client-only and may contain unsupported fields","Verify source/rights/facts; apply product quality gate; prerender; add unique dimensions, room fit, material, care, delivery/access and image metadata; condition Offer","P1 quality review"
"https://luckyinteriorsfurniture.com/products/stellar-luxury-upholstered-storage-bed-with-side-tables","product","Indexable after JS; raw HTML canonical points to homepage; quality approval recommended","200","https://luckyinteriorsfurniture.com/products/stellar-luxury-upholstered-storage-bed-with-side-tables","Stellar Luxury Upholstered Storage Bed with Side Tables | Lucky Interiors Furniture","Premium Stellar bed with upholstered headboard, storage base, and attached side tables. Perfect for modern luxury bedrooms. Material: Engineered wood with...","Stellar Luxury Upholstered Storage Bed with Side Tables","Details and specifications; Highlights; Construction; Related Products; Visit the store","Approximately 38 product-specific words plus shared template copy","Stellar Luxury Upholstered Storage Bed with Side Tables","Client-rendered Product + Offer + Breadcrumb + global FurnitureStore","Breadcrumb to Beds; related products; WhatsApp; phone; map","Raw HTML is homepage shell/canonical until JS; long title (83 chars); thin unique product content (~38 words); availability claim requires update ownership; Product/Offer and global FurnitureStore schema are client-only and may contain unsupported fields","Verify source/rights/facts; apply product quality gate; prerender; add unique dimensions, room fit, material, care, delivery/access and image metadata; condition Offer","P1 quality review"
"https://luckyinteriorsfurniture.com/products/kingdom-luxury-bedroom-set-with-upholstered-king-bed-4-door-wardrobe","product","Indexable after JS; raw HTML canonical points to homepage; quality approval recommended","200","https://luckyinteriorsfurniture.com/products/kingdom-luxury-bedroom-set-with-upholstered-king-bed-4-door-wardrobe","Kingdom Luxury Bedroom Set with Upholstered King Bed & 4 Door Wardrobe | Lucky Interiors Furniture","Premium Kingdom bedroom set with upholstered king size bed and spacious 4-door wardrobe in elegant white finish. Ideal for modern homes. Material: Engineer...","Kingdom Luxury Bedroom Set with Upholstered King Bed & 4 Door Wardrobe","Details and specifications; Highlights; Construction; Related Products; Visit the store","Approximately 62 product-specific words plus shared template copy","Kingdom Luxury Bedroom Set with Upholstered King Bed & 4 Door Wardrobe","Client-rendered Product + Offer + Breadcrumb + global FurnitureStore","Breadcrumb to Bedroom Sets; related products; WhatsApp; phone; map","Raw HTML is homepage shell/canonical until JS; long title (98 chars); thin unique product content (~62 words); availability claim requires update ownership; Product/Offer and global FurnitureStore schema are client-only and may contain unsupported fields","Verify source/rights/facts; apply product quality gate; prerender; add unique dimensions, room fit, material, care, delivery/access and image metadata; condition Offer","P1 quality review"
"https://luckyinteriorsfurniture.com/products/king-luxury-bedroom-set-with-upholstered-bed-sliding-wardrobe","product","Indexable after JS; raw HTML canonical points to homepage; quality approval recommended","200","https://luckyinteriorsfurniture.com/products/king-luxury-bedroom-set-with-upholstered-bed-sliding-wardrobe","King Luxury Bedroom Set with Upholstered Bed & Sliding Wardrobe | Lucky Interiors Furniture","Elegant King bedroom set with upholstered storage bed and sliding wardrobe in white and beige finish. Perfect for modern homes. Material: Ask for material...","King Luxury Bedroom Set with Upholstered Bed & Sliding Wardrobe","Details and specifications; Highlights; Construction; Related Products; Visit the store","Approximately 44 product-specific words plus shared template copy","King Luxury Bedroom Set with Upholstered Bed & Sliding Wardrobe","Client-rendered Product + Offer + Breadcrumb + global FurnitureStore","Breadcrumb to Bedroom Sets; related products; WhatsApp; phone; map","Raw HTML is homepage shell/canonical until JS; long title (91 chars); thin unique product content (~44 words); material requires verification; availability claim requires update ownership; Product/Offer and global FurnitureStore schema are client-only and may contain unsupported fields","Verify source/rights/facts; apply product quality gate; prerender; add unique dimensions, room fit, material, care, delivery/access and image metadata; condition Offer","P1 quality review"
"https://luckyinteriorsfurniture.com/products/alwin-designer-bedroom-set-with-sliding-wardrobe-storage-bed","product","Indexable after JS; raw HTML canonical points to homepage; quality approval recommended","200","https://luckyinteriorsfurniture.com/products/alwin-designer-bedroom-set-with-sliding-wardrobe-storage-bed","Alwin Designer Bedroom Set with Sliding Wardrobe & Storage Bed | Lucky Interiors Furniture","Stylish Alwin bedroom set featuring a modern storage bed and sliding wardrobe with elegant panel design. Perfect for premium homes. double bed queen size 6...","Alwin Designer Bedroom Set with Sliding Wardrobe & Storage Bed","Details and specifications; Highlights; Construction; Related Products; Visit the store","Approximately 55 product-specific words plus shared template copy","Alwin Designer Bedroom Set with Sliding Wardrobe & Storage Bed","Client-rendered Product + Offer + Breadcrumb + global FurnitureStore","Breadcrumb to Bedroom Sets; related products; WhatsApp; phone; map","Raw HTML is homepage shell/canonical until JS; long title (90 chars); thin unique product content (~55 words); material requires verification; availability claim requires update ownership; Product/Offer and global FurnitureStore schema are client-only and may contain unsupported fields","Verify source/rights/facts; apply product quality gate; prerender; add unique dimensions, room fit, material, care, delivery/access and image metadata; condition Offer","P1 quality review"
"https://luckyinteriorsfurniture.com/products/v-stripe-modern-bedroom-set-with-sliding-wardrobe-storage-bed","product","Indexable after JS; raw HTML canonical points to homepage; quality approval recommended","200","https://luckyinteriorsfurniture.com/products/v-stripe-modern-bedroom-set-with-sliding-wardrobe-storage-bed","V-Stripe Modern Bedroom Set with Sliding Wardrobe & Storage Bed | Lucky Interiors Furniture","Stylish V-Stripe bedroom set featuring a modern storage bed and sliding wardrobe in white and wood finish. Perfect for contemporary homes. double bed queen...","V-Stripe Modern Bedroom Set with Sliding Wardrobe & Storage Bed","Details and specifications; Highlights; Construction; Related Products; Visit the store","Approximately 61 product-specific words plus shared template copy","V-Stripe Modern Bedroom Set with Sliding Wardrobe & Storage Bed","Client-rendered Product + Offer + Breadcrumb + global FurnitureStore","Breadcrumb to Bedroom Sets; related products; WhatsApp; phone; map","Raw HTML is homepage shell/canonical until JS; long title (91 chars); thin unique product content (~61 words); availability claim requires update ownership; Product/Offer and global FurnitureStore schema are client-only and may contain unsupported fields","Verify source/rights/facts; apply product quality gate; prerender; add unique dimensions, room fit, material, care, delivery/access and image metadata; condition Offer","P1 quality review"
"https://luckyinteriorsfurniture.com/products/modern-wooden-bedroom-set-with-sliding-wardrobe-storage-bed","product","Indexable after JS; raw HTML canonical points to homepage; quality approval recommended","200","https://luckyinteriorsfurniture.com/products/modern-wooden-bedroom-set-with-sliding-wardrobe-storage-bed","Modern Wooden Bedroom Set with Sliding Wardrobe & Storage Bed | Lucky Interiors Furniture","Stylish wooden bedroom set with storage bed, sliding wardrobe, and side tables. Perfect for modern homes. Material: Engineered wood. Lucky Interiors Furnit...","Modern Wooden Bedroom Set with Sliding Wardrobe & Storage Bed","Details and specifications; Highlights; Construction; Related Products; Visit the store","Approximately 36 product-specific words plus shared template copy","Modern Wooden Bedroom Set with Sliding Wardrobe & Storage Bed","Client-rendered Product + Offer + Breadcrumb + global FurnitureStore","Breadcrumb to Bedroom Sets; related products; WhatsApp; phone; map","Raw HTML is homepage shell/canonical until JS; long title (89 chars); thin unique product content (~36 words); availability claim requires update ownership; Product/Offer and global FurnitureStore schema are client-only and may contain unsupported fields","Verify source/rights/facts; apply product quality gate; prerender; add unique dimensions, room fit, material, care, delivery/access and image metadata; condition Offer","P1 quality review"
"https://luckyinteriorsfurniture.com/products/classic-wooden-bedroom-set-with-dressing-table-3-door-wardrobe","product","Indexable after JS; raw HTML canonical points to homepage; quality approval recommended","200","https://luckyinteriorsfurniture.com/products/classic-wooden-bedroom-set-with-dressing-table-3-door-wardrobe","Classic Wooden Bedroom Set with Dressing Table & 3 Door Wardrobe | Lucky Interiors Furniture","Elegant wooden bedroom set with storage bed, 3-door wardrobe, and dressing table with mirror. Perfect for modern homes. Material: Engineered wood. Lucky In...","Classic Wooden Bedroom Set with Dressing Table & 3 Door Wardrobe","Details and specifications; Highlights; Construction; Related Products; Visit the store","Approximately 39 product-specific words plus shared template copy","Classic Wooden Bedroom Set with Dressing Table & 3 Door Wardrobe","Client-rendered Product + Offer + Breadcrumb + global FurnitureStore","Breadcrumb to Bedroom Sets; related products; WhatsApp; phone; map","Raw HTML is homepage shell/canonical until JS; long title (92 chars); thin unique product content (~39 words); availability claim requires update ownership; Product/Offer and global FurnitureStore schema are client-only and may contain unsupported fields","Verify source/rights/facts; apply product quality gate; prerender; add unique dimensions, room fit, material, care, delivery/access and image metadata; condition Offer","P1 quality review"
"https://luckyinteriorsfurniture.com/products/modern-wood-black-bedroom-set-with-dressing-table-3-door-wardrobe","product","Indexable after JS; raw HTML canonical points to homepage; quality approval recommended","200","https://luckyinteriorsfurniture.com/products/modern-wood-black-bedroom-set-with-dressing-table-3-door-wardrobe","Modern Wood & Black Bedroom Set with Dressing Table & 3 Door Wardrobe | Lucky Interiors Furniture","Stylish wood and black bedroom set with storage bed, 3-door wardrobe, and dressing table. Perfect for modern homes. Material: Engineered wood. Lucky Interi...","Modern Wood & Black Bedroom Set with Dressing Table & 3 Door Wardrobe","Details and specifications; Highlights; Construction; Related Products; Visit the store","Approximately 41 product-specific words plus shared template copy","Modern Wood & Black Bedroom Set with Dressing Table & 3 Door Wardrobe","Client-rendered Product + Offer + Breadcrumb + global FurnitureStore","Breadcrumb to Bedroom Sets; related products; WhatsApp; phone; map","Raw HTML is homepage shell/canonical until JS; long title (97 chars); thin unique product content (~41 words); availability claim requires update ownership; Product/Offer and global FurnitureStore schema are client-only and may contain unsupported fields","Verify source/rights/facts; apply product quality gate; prerender; add unique dimensions, room fit, material, care, delivery/access and image metadata; condition Offer","P1 quality review"
"https://luckyinteriorsfurniture.com/products/premium-wood-black-bedroom-set-with-4-door-wardrobe-dressing-unit","product","Indexable after JS; raw HTML canonical points to homepage; quality approval recommended","200","https://luckyinteriorsfurniture.com/products/premium-wood-black-bedroom-set-with-4-door-wardrobe-dressing-unit","Premium Wood & Black Bedroom Set with 4 Door Wardrobe & Dressing Unit | Lucky Interiors Furniture","Modern wood and black bedroom set with storage bed, 4-door wardrobe, and dressing unit. Ideal for stylish homes. Material: Engineered wood. Lucky Interiors...","Premium Wood & Black Bedroom Set with 4 Door Wardrobe & Dressing Unit","Details and specifications; Highlights; Construction; Related Products; Visit the store","Approximately 41 product-specific words plus shared template copy","Premium Wood & Black Bedroom Set with 4 Door Wardrobe & Dressing Unit","Client-rendered Product + Offer + Breadcrumb + global FurnitureStore","Breadcrumb to Bedroom Sets; related products; WhatsApp; phone; map","Raw HTML is homepage shell/canonical until JS; long title (97 chars); thin unique product content (~41 words); availability claim requires update ownership; Product/Offer and global FurnitureStore schema are client-only and may contain unsupported fields","Verify source/rights/facts; apply product quality gate; prerender; add unique dimensions, room fit, material, care, delivery/access and image metadata; condition Offer","P1 quality review"
"https://luckyinteriorsfurniture.com/products/modern-white-wood-bedroom-set-with-4-door-wardrobe-dressing-table","product","Indexable after JS; raw HTML canonical points to homepage; quality approval recommended","200","https://luckyinteriorsfurniture.com/products/modern-white-wood-bedroom-set-with-4-door-wardrobe-dressing-table","Modern White & Wood Bedroom Set with 4 Door Wardrobe & Dressing Table | Lucky Interiors Furniture","Elegant white and wood bedroom set with storage bed, 4-door wardrobe, and dressing table. Perfect for modern homes. Material: Engineered wood. Dimensions:...","Modern White & Wood Bedroom Set with 4 Door Wardrobe & Dressing Table","Details and specifications; Highlights; Construction; Related Products; Visit the store","Approximately 80 product-specific words plus shared template copy","Modern White & Wood Bedroom Set with 4 Door Wardrobe & Dressing Table","Client-rendered Product + Offer + Breadcrumb + global FurnitureStore","Breadcrumb to Bedroom Sets; related products; WhatsApp; phone; map","Raw HTML is homepage shell/canonical until JS; long title (97 chars); thin unique product content (~80 words); availability claim requires update ownership; Product/Offer and global FurnitureStore schema are client-only and may contain unsupported fields","Verify source/rights/facts; apply product quality gate; prerender; add unique dimensions, room fit, material, care, delivery/access and image metadata; condition Offer","P1 quality review"
"https://luckyinteriorsfurniture.com/products/modern-wooden-bedroom-set-with-sliding-wardrobe-dressing-unit","product","Indexable after JS; raw HTML canonical points to homepage; quality approval recommended","200","https://luckyinteriorsfurniture.com/products/modern-wooden-bedroom-set-with-sliding-wardrobe-dressing-unit","Modern Wooden Bedroom Set with Sliding Wardrobe & Dressing Unit | Lucky Interiors Furniture","Stylish wooden bedroom set with storage bed, sliding wardrobe, and dressing unit. Perfect for modern homes. Material: Engineered wood. Dimensions: The dres...","Modern Wooden Bedroom Set with Sliding Wardrobe & Dressing Unit","Details and specifications; Highlights; Construction; Related Products; Visit the store","Approximately 79 product-specific words plus shared template copy","Modern Wooden Bedroom Set with Sliding Wardrobe & Dressing Unit","Client-rendered Product + Offer + Breadcrumb + global FurnitureStore","Breadcrumb to Bedroom Sets; related products; WhatsApp; phone; map","Raw HTML is homepage shell/canonical until JS; long title (91 chars); thin unique product content (~79 words); availability claim requires update ownership; Product/Offer and global FurnitureStore schema are client-only and may contain unsupported fields","Verify source/rights/facts; apply product quality gate; prerender; add unique dimensions, room fit, material, care, delivery/access and image metadata; condition Offer","P1 quality review"
"https://luckyinteriorsfurniture.com/products/premium-imported-executive-office-table-with-led-panel-side-storage","product","Indexable after JS; raw HTML canonical points to homepage; quality approval recommended","200","https://luckyinteriorsfurniture.com/products/premium-imported-executive-office-table-with-led-panel-side-storage","Premium Imported Executive Office Table with LED Panel & Side Storage | Lucky Interiors Furniture","Stylish imported office table with LED panel design and side storage, available in 1.6m and 1.8m sizes. Ideal for modern offices. Material: Wood finish. Lu...","Premium Imported Executive Office Table with LED Panel & Side Storage","Details and specifications; Highlights; Construction; Related Products; Visit the store","Approximately 42 product-specific words plus shared template copy","Premium Imported Executive Office Table with LED Panel & Side Storage","Client-rendered Product + Offer + Breadcrumb + global FurnitureStore","Breadcrumb to Office Furniture; related products; WhatsApp; phone; map","Raw HTML is homepage shell/canonical until JS; long title (97 chars); thin unique product content (~42 words); availability claim requires update ownership; Product/Offer and global FurnitureStore schema are client-only and may contain unsupported fields","Verify source/rights/facts; apply product quality gate; prerender; add unique dimensions, room fit, material, care, delivery/access and image metadata; condition Offer","P1 quality review"
"https://luckyinteriorsfurniture.com/products/classic-wood-white-bedroom-set-with-3-door-wardrobe-dressing-table","product","Indexable after JS; raw HTML canonical points to homepage; quality approval recommended","200","https://luckyinteriorsfurniture.com/products/classic-wood-white-bedroom-set-with-3-door-wardrobe-dressing-table","Classic Wood & White Bedroom Set with 3 Door Wardrobe & Dressing Table | Lucky Interiors Furniture","Elegant wood and white bedroom set with storage bed, 3-door wardrobe, and dressing table. Perfect for modern homes. Material: Engineered wood. Lucky Interi...","Classic Wood & White Bedroom Set with 3 Door Wardrobe & Dressing Table","Details and specifications; Highlights; Construction; Related Products; Visit the store","Approximately 41 product-specific words plus shared template copy","Classic Wood & White Bedroom Set with 3 Door Wardrobe & Dressing Table","Client-rendered Product + Offer + Breadcrumb + global FurnitureStore","Breadcrumb to Bedroom Sets; related products; WhatsApp; phone; map","Raw HTML is homepage shell/canonical until JS; long title (98 chars); thin unique product content (~41 words); availability claim requires update ownership; Product/Offer and global FurnitureStore schema are client-only and may contain unsupported fields","Verify source/rights/facts; apply product quality gate; prerender; add unique dimensions, room fit, material, care, delivery/access and image metadata; condition Offer","P1 quality review"
"https://luckyinteriorsfurniture.com/products/premium-wooden-bedroom-set-with-glossy-wardrobe-upholstered-bed","product","Indexable after JS; raw HTML canonical points to homepage; quality approval recommended","200","https://luckyinteriorsfurniture.com/products/premium-wooden-bedroom-set-with-glossy-wardrobe-upholstered-bed","Premium Wooden Bedroom Set with Glossy Wardrobe & Upholstered Bed | Lucky Interiors Furniture","Luxury wooden bedroom set with upholstered bed and glossy wardrobe. Perfect for modern and premium homes. Material: Engineered wood with upholstery. Lucky...","Premium Wooden Bedroom Set with Glossy Wardrobe & Upholstered Bed","Details and specifications; Highlights; Construction; Related Products; Visit the store","Approximately 40 product-specific words plus shared template copy","Premium Wooden Bedroom Set with Glossy Wardrobe & Upholstered Bed","Client-rendered Product + Offer + Breadcrumb + global FurnitureStore","Breadcrumb to Bedroom Sets; related products; WhatsApp; phone; map","Raw HTML is homepage shell/canonical until JS; long title (93 chars); thin unique product content (~40 words); availability claim requires update ownership; Product/Offer and global FurnitureStore schema are client-only and may contain unsupported fields","Verify source/rights/facts; apply product quality gate; prerender; add unique dimensions, room fit, material, care, delivery/access and image metadata; condition Offer","P1 quality review"
"https://luckyinteriorsfurniture.com/products/premium-grey-bedroom-set-with-upholstered-bed-sliding-wardrobe-dressing-unit","product","Indexable after JS; raw HTML canonical points to homepage; quality approval recommended","200","https://luckyinteriorsfurniture.com/products/premium-grey-bedroom-set-with-upholstered-bed-sliding-wardrobe-dressing-unit","Premium Grey Bedroom Set with Upholstered Bed, Sliding Wardrobe & Dressing Unit | Lucky Interiors Furniture","Modern grey bedroom set with upholstered storage bed, sliding wardrobe, and dressing unit. Perfect for stylish homes. Material: Engineered wood with uphols...","Premium Grey Bedroom Set with Upholstered Bed, Sliding Wardrobe & Dressing Unit","Details and specifications; Highlights; Construction; Related Products; Visit the store","Approximately 43 product-specific words plus shared template copy","Premium Grey Bedroom Set with Upholstered Bed, Sliding Wardrobe & Dressing Unit","Client-rendered Product + Offer + Breadcrumb + global FurnitureStore","Breadcrumb to Bedroom Sets; related products; WhatsApp; phone; map","Raw HTML is homepage shell/canonical until JS; long title (107 chars); thin unique product content (~43 words); availability claim requires update ownership; Product/Offer and global FurnitureStore schema are client-only and may contain unsupported fields","Verify source/rights/facts; apply product quality gate; prerender; add unique dimensions, room fit, material, care, delivery/access and image metadata; condition Offer","P1 quality review"
"https://luckyinteriorsfurniture.com/products/premium-wooden-bedroom-set-with-v-design-upholstered-bed-sliding-wardrobe","product","Indexable after JS; raw HTML canonical points to homepage; quality approval recommended","200","https://luckyinteriorsfurniture.com/products/premium-wooden-bedroom-set-with-v-design-upholstered-bed-sliding-wardrobe","Premium Wooden Bedroom Set with V-Design Upholstered Bed & Sliding Wardrobe | Lucky Interiors Furniture","Elegant wooden bedroom set with V-design upholstered bed, sliding wardrobe, and dressing unit. Perfect for modern homes. Material: Engineered wood with uph...","Premium Wooden Bedroom Set with V-Design Upholstered Bed & Sliding Wardrobe","Details and specifications; Highlights; Construction; Related Products; Visit the store","Approximately 42 product-specific words plus shared template copy","Premium Wooden Bedroom Set with V-Design Upholstered Bed & Sliding Wardrobe","Client-rendered Product + Offer + Breadcrumb + global FurnitureStore","Breadcrumb to Bedroom Sets; related products; WhatsApp; phone; map","Raw HTML is homepage shell/canonical until JS; long title (103 chars); thin unique product content (~42 words); availability claim requires update ownership; Product/Offer and global FurnitureStore schema are client-only and may contain unsupported fields","Verify source/rights/facts; apply product quality gate; prerender; add unique dimensions, room fit, material, care, delivery/access and image metadata; condition Offer","P1 quality review"
"https://luckyinteriorsfurniture.com/products/modern-wood-white-bedroom-set-with-sliding-wardrobe-dressing-unit","product","Indexable after JS; raw HTML canonical points to homepage; quality approval recommended","200","https://luckyinteriorsfurniture.com/products/modern-wood-white-bedroom-set-with-sliding-wardrobe-dressing-unit","Modern Wood & White Bedroom Set with Sliding Wardrobe & Dressing Unit | Lucky Interiors Furniture","Elegant wood and white bedroom set with storage bed, sliding wardrobe, and dressing unit. Ideal for modern homes. Material: Engineered wood. Lucky Interior...","Modern Wood & White Bedroom Set with Sliding Wardrobe & Dressing Unit","Details and specifications; Highlights; Construction; Related Products; Visit the store","Approximately 40 product-specific words plus shared template copy","Modern Wood & White Bedroom Set with Sliding Wardrobe & Dressing Unit","Client-rendered Product + Offer + Breadcrumb + global FurnitureStore","Breadcrumb to Bedroom Sets; related products; WhatsApp; phone; map","Raw HTML is homepage shell/canonical until JS; long title (97 chars); thin unique product content (~40 words); availability claim requires update ownership; Product/Offer and global FurnitureStore schema are client-only and may contain unsupported fields","Verify source/rights/facts; apply product quality gate; prerender; add unique dimensions, room fit, material, care, delivery/access and image metadata; condition Offer","P1 quality review"
"https://luckyinteriorsfurniture.com/products/designer-wooden-bedroom-set-with-sliding-wardrobe-upholstered-bed","product","Indexable after JS; raw HTML canonical points to homepage; quality approval recommended","200","https://luckyinteriorsfurniture.com/products/designer-wooden-bedroom-set-with-sliding-wardrobe-upholstered-bed","Designer Wooden Bedroom Set with Sliding Wardrobe & Upholstered Bed | Lucky Interiors Furniture","Modern wooden bedroom set with upholstered bed, sliding wardrobe, and dressing unit. Ideal for stylish homes. Material: Wood finish. Lucky Interiors Furnit...","Designer Wooden Bedroom Set with Sliding Wardrobe & Upholstered Bed","Details and specifications; Highlights; Construction; Related Products; Visit the store","Approximately 36 product-specific words plus shared template copy","Designer Wooden Bedroom Set with Sliding Wardrobe & Upholstered Bed","Client-rendered Product + Offer + Breadcrumb + global FurnitureStore","Breadcrumb to Bedroom Sets; related products; WhatsApp; phone; map","Raw HTML is homepage shell/canonical until JS; long title (95 chars); thin unique product content (~36 words); availability claim requires update ownership; Product/Offer and global FurnitureStore schema are client-only and may contain unsupported fields","Verify source/rights/facts; apply product quality gate; prerender; add unique dimensions, room fit, material, care, delivery/access and image metadata; condition Offer","P1 quality review"
"https://luckyinteriorsfurniture.com/products/luxury-cream-gloss-bedroom-set-with-designer-wardrobe-upholstered-bed","product","Indexable after JS; raw HTML canonical points to homepage; quality approval recommended","200","https://luckyinteriorsfurniture.com/products/luxury-cream-gloss-bedroom-set-with-designer-wardrobe-upholstered-bed","Luxury Cream Gloss Bedroom Set with Designer Wardrobe & Upholstered Bed | Lucky Interiors Furniture","Premium cream gloss bedroom set with upholstered bed, designer wardrobe with open shelves, and dressing unit. Ideal for luxury homes. Material: Engineered...","Luxury Cream Gloss Bedroom Set with Designer Wardrobe & Upholstered Bed","Details and specifications; Highlights; Construction; Related Products; Visit the store","Approximately 45 product-specific words plus shared template copy","Luxury Cream Gloss Bedroom Set with Designer Wardrobe & Upholstered Bed","Client-rendered Product + Offer + Breadcrumb + global FurnitureStore","Breadcrumb to Bedroom Sets; related products; WhatsApp; phone; map","Raw HTML is homepage shell/canonical until JS; long title (99 chars); thin unique product content (~45 words); availability claim requires update ownership; Product/Offer and global FurnitureStore schema are client-only and may contain unsupported fields","Verify source/rights/facts; apply product quality gate; prerender; add unique dimensions, room fit, material, care, delivery/access and image metadata; condition Offer","P1 quality review"
"https://luckyinteriorsfurniture.com/products/modern-teal-green-bedroom-set-with-designer-wardrobe-dressing-unit","product","Indexable after JS; raw HTML canonical points to homepage; quality approval recommended","200","https://luckyinteriorsfurniture.com/products/modern-teal-green-bedroom-set-with-designer-wardrobe-dressing-unit","Modern Teal Green Bedroom Set with Designer Wardrobe & Dressing Unit | Lucky Interiors Furniture","Stylish teal green bedroom set with storage bed, designer wardrobe, and dressing unit. Perfect for modern homes. Material: Engineered wood. Lucky Interiors...","Modern Teal Green Bedroom Set with Designer Wardrobe & Dressing Unit","Details and specifications; Highlights; Construction; Related Products; Visit the store","Approximately 38 product-specific words plus shared template copy","Modern Teal Green Bedroom Set with Designer Wardrobe & Dressing Unit","Client-rendered Product + Offer + Breadcrumb + global FurnitureStore","Breadcrumb to Bedroom Sets; related products; WhatsApp; phone; map","Raw HTML is homepage shell/canonical until JS; long title (96 chars); thin unique product content (~38 words); availability claim requires update ownership; Product/Offer and global FurnitureStore schema are client-only and may contain unsupported fields","Verify source/rights/facts; apply product quality gate; prerender; add unique dimensions, room fit, material, care, delivery/access and image metadata; condition Offer","P1 quality review"
"https://luckyinteriorsfurniture.com/products/classic-wooden-bedroom-set-with-mirror-wardrobe-dressing-table","product","Indexable after JS; raw HTML canonical points to homepage; quality approval recommended","200","https://luckyinteriorsfurniture.com/products/classic-wooden-bedroom-set-with-mirror-wardrobe-dressing-table","Classic Wooden Bedroom Set with Mirror Wardrobe & Dressing Table | Lucky Interiors Furniture","Elegant wooden bedroom set with storage bed, mirror wardrobe, dressing unit, and chest of drawers. Ideal for modern homes. Material: Engineered wood. Lucky...","Classic Wooden Bedroom Set with Mirror Wardrobe & Dressing Table","Details and specifications; Highlights; Construction; Related Products; Visit the store","Approximately 39 product-specific words plus shared template copy","Classic Wooden Bedroom Set with Mirror Wardrobe & Dressing Table","Client-rendered Product + Offer + Breadcrumb + global FurnitureStore","Breadcrumb to Bedroom Sets; related products; WhatsApp; phone; map","Raw HTML is homepage shell/canonical until JS; long title (92 chars); thin unique product content (~39 words); availability claim requires update ownership; Product/Offer and global FurnitureStore schema are client-only and may contain unsupported fields","Verify source/rights/facts; apply product quality gate; prerender; add unique dimensions, room fit, material, care, delivery/access and image metadata; condition Offer","P1 quality review"
"https://luckyinteriorsfurniture.com/products/luxury-imported-executive-office-table-with-dual-side-storage","product","Indexable after JS; raw HTML canonical points to homepage; quality approval recommended","200","https://luckyinteriorsfurniture.com/products/luxury-imported-executive-office-table-with-dual-side-storage","Luxury Imported Executive Office Table with Dual Side Storage | Lucky Interiors Furniture","Premium imported executive office table with dual side storage, available in 1.6m, 1.8m, 2.2m, and 2.4m sizes. Perfect for modern offices. Material: Wood f...","Luxury Imported Executive Office Table with Dual Side Storage","Details and specifications; Highlights; Construction; Related Products; Visit the store","Approximately 85 product-specific words plus shared template copy","Luxury Imported Executive Office Table with Dual Side Storage","Client-rendered Product + Offer + Breadcrumb + global FurnitureStore","Breadcrumb to Office Furniture; related products; WhatsApp; phone; map","Raw HTML is homepage shell/canonical until JS; long title (89 chars); thin unique product content (~85 words); availability claim requires update ownership; Product/Offer and global FurnitureStore schema are client-only and may contain unsupported fields","Verify source/rights/facts; apply product quality gate; prerender; add unique dimensions, room fit, material, care, delivery/access and image metadata; condition Offer","P1 quality review"
"https://luckyinteriorsfurniture.com/products/modern-imported-executive-office-table-with-side-cabinet","product","Indexable after JS; raw HTML canonical points to homepage; quality approval recommended","200","https://luckyinteriorsfurniture.com/products/modern-imported-executive-office-table-with-side-cabinet","Modern Imported Executive Office Table with Side Cabinet | Lucky Interiors Furniture","Premium imported office table with sleek design and side cabinet, available in 1.6m, 1.8m, 2.0m, and 2.2m sizes. Ideal for modern offices. Material: Wood f...","Modern Imported Executive Office Table with Side Cabinet","Details and specifications; Highlights; Construction; Related Products; Visit the store","Approximately 40 product-specific words plus shared template copy","Modern Imported Executive Office Table with Side Cabinet","Client-rendered Product + Offer + Breadcrumb + global FurnitureStore","Breadcrumb to Office Furniture; related products; WhatsApp; phone; map","Raw HTML is homepage shell/canonical until JS; long title (84 chars); thin unique product content (~40 words); availability claim requires update ownership; Product/Offer and global FurnitureStore schema are client-only and may contain unsupported fields","Verify source/rights/facts; apply product quality gate; prerender; add unique dimensions, room fit, material, care, delivery/access and image metadata; condition Offer","P1 quality review"
"https://luckyinteriorsfurniture.com/products/premium-imported-executive-office-table-with-side-storage-unit","product","Indexable after JS; raw HTML canonical points to homepage; quality approval recommended","200","https://luckyinteriorsfurniture.com/products/premium-imported-executive-office-table-with-side-storage-unit","Premium Imported Executive Office Table with Side Storage Unit | Lucky Interiors Furniture","Modern imported executive office table with side storage unit, available in 1.8m and 2.0m sizes. Perfect for premium offices. Material: Wood finish. Lucky...","Premium Imported Executive Office Table with Side Storage Unit","Details and specifications; Highlights; Construction; Related Products; Visit the store","Approximately 38 product-specific words plus shared template copy","Premium Imported Executive Office Table with Side Storage Unit","Client-rendered Product + Offer + Breadcrumb + global FurnitureStore","Breadcrumb to Office Furniture; related products; WhatsApp; phone; map","Raw HTML is homepage shell/canonical until JS; long title (90 chars); thin unique product content (~38 words); availability claim requires update ownership; Product/Offer and global FurnitureStore schema are client-only and may contain unsupported fields","Verify source/rights/facts; apply product quality gate; prerender; add unique dimensions, room fit, material, care, delivery/access and image metadata; condition Offer","P1 quality review"
"https://luckyinteriorsfurniture.com/products/ultra-premium-imported-executive-office-table-with-curved-design","product","Indexable after JS; raw HTML canonical points to homepage; quality approval recommended","200","https://luckyinteriorsfurniture.com/products/ultra-premium-imported-executive-office-table-with-curved-design","Ultra Premium Imported Executive Office Table with Curved Design | Lucky Interiors Furniture","Luxury imported office table with sleek curved design and modern finish, available in 2.2m and 2.4m sizes. Perfect for premium offices. Material: Ask for m...","Ultra Premium Imported Executive Office Table with Curved Design","Details and specifications; Highlights; Construction; Related Products; Visit the store","Approximately 44 product-specific words plus shared template copy","Ultra Premium Imported Executive Office Table with Curved Design","Client-rendered Product + Offer + Breadcrumb + global FurnitureStore","Breadcrumb to Office Furniture; related products; WhatsApp; phone; map","Raw HTML is homepage shell/canonical until JS; long title (92 chars); thin unique product content (~44 words); material requires verification; availability claim requires update ownership; Product/Offer and global FurnitureStore schema are client-only and may contain unsupported fields","Verify source/rights/facts; apply product quality gate; prerender; add unique dimensions, room fit, material, care, delivery/access and image metadata; condition Offer","P1 quality review"
"https://luckyinteriorsfurniture.com/products/premium-imported-executive-office-table-with-designer-panel-side-cabinet","product","Indexable after JS; raw HTML canonical points to homepage; quality approval recommended","200","https://luckyinteriorsfurniture.com/products/premium-imported-executive-office-table-with-designer-panel-side-cabinet","Premium Imported Executive Office Table with Designer Panel & Side Cabinet | Lucky Interiors Furniture","Stylish imported executive office table with designer panel front and side cabinet, available in 1.8m size. Perfect for modern offices. Material: Wood fini...","Premium Imported Executive Office Table with Designer Panel & Side Cabinet","Details and specifications; Highlights; Construction; Related Products; Visit the store","Approximately 80 product-specific words plus shared template copy","Premium Imported Executive Office Table with Designer Panel & Side Cabinet","Client-rendered Product + Offer + Breadcrumb + global FurnitureStore","Breadcrumb to Office Furniture; related products; WhatsApp; phone; map","Raw HTML is homepage shell/canonical until JS; long title (102 chars); thin unique product content (~80 words); availability claim requires update ownership; Product/Offer and global FurnitureStore schema are client-only and may contain unsupported fields","Verify source/rights/facts; apply product quality gate; prerender; add unique dimensions, room fit, material, care, delivery/access and image metadata; condition Offer","P1 quality review"
"https://luckyinteriorsfurniture.com/products/premium-imported-conference-table-modern-boardroom-meeting-table","product","Indexable after JS; raw HTML canonical points to homepage; quality approval recommended","200","https://luckyinteriorsfurniture.com/products/premium-imported-conference-table-modern-boardroom-meeting-table","Premium Imported Conference Table – Modern Boardroom Meeting Table | Lucky Interiors Furniture","Spacious and modern conference table available in 3.2m and 6m sizes. Perfect for boardrooms and corporate offices. Material: Ask for material details. Luck...","Premium Imported Conference Table – Modern Boardroom Meeting Table","Details and specifications; Highlights; Construction; Related Products; Visit the store","Approximately 40 product-specific words plus shared template copy","Premium Imported Conference Table – Modern Boardroom Meeting Table","Client-rendered Product + Offer + Breadcrumb + global FurnitureStore","Breadcrumb to Office Furniture; related products; WhatsApp; phone; map","Raw HTML is homepage shell/canonical until JS; long title (94 chars); thin unique product content (~40 words); material requires verification; availability claim requires update ownership; Product/Offer and global FurnitureStore schema are client-only and may contain unsupported fields","Verify source/rights/facts; apply product quality gate; prerender; add unique dimensions, room fit, material, care, delivery/access and image metadata; condition Offer","P1 quality review"
"https://luckyinteriorsfurniture.com/products/premium-2-4m-conference-table-modern-meeting-room-table","product","Indexable after JS; raw HTML canonical points to homepage; quality approval recommended","200","https://luckyinteriorsfurniture.com/products/premium-2-4m-conference-table-modern-meeting-room-table","Premium 2.4m Conference Table – Modern Meeting Room Table | Lucky Interiors Furniture","Compact and stylish 2.4m conference table designed for modern offices and meeting rooms. Material: Wood finish. Dimensions: Size: 2.4 meters. Lucky Interio...","Premium 2.4m Conference Table – Modern Meeting Room Table","Details and specifications; Highlights; Construction; Related Products; Visit the store","Approximately 39 product-specific words plus shared template copy","Premium 2.4m Conference Table – Modern Meeting Room Table","Client-rendered Product + Offer + Breadcrumb + global FurnitureStore","Breadcrumb to Office Furniture; related products; WhatsApp; phone; map","Raw HTML is homepage shell/canonical until JS; long title (85 chars); thin unique product content (~39 words); availability claim requires update ownership; Product/Offer and global FurnitureStore schema are client-only and may contain unsupported fields","Verify source/rights/facts; apply product quality gate; prerender; add unique dimensions, room fit, material, care, delivery/access and image metadata; condition Offer","P1 quality review"
"https://luckyinteriorsfurniture.com/products/premium-3-2m-executive-conference-table-modern-boardroom-table","product","Indexable after JS; raw HTML canonical points to homepage; quality approval recommended","200","https://luckyinteriorsfurniture.com/products/premium-3-2m-executive-conference-table-modern-boardroom-table","Premium 3.2m Executive Conference Table – Modern Boardroom Table | Lucky Interiors Furniture","Stylish 3.2m executive conference table with modern design, ideal for boardrooms and corporate offices. Material: Ask for material details. Dimensions: Siz...","Premium 3.2m Executive Conference Table – Modern Boardroom Table","Details and specifications; Highlights; Construction; Related Products; Visit the store","Approximately 44 product-specific words plus shared template copy","Premium 3.2m Executive Conference Table – Modern Boardroom Table","Client-rendered Product + Offer + Breadcrumb + global FurnitureStore","Breadcrumb to Office Furniture; related products; WhatsApp; phone; map","Raw HTML is homepage shell/canonical until JS; long title (92 chars); thin unique product content (~44 words); material requires verification; availability claim requires update ownership; Product/Offer and global FurnitureStore schema are client-only and may contain unsupported fields","Verify source/rights/facts; apply product quality gate; prerender; add unique dimensions, room fit, material, care, delivery/access and image metadata; condition Offer","P1 quality review"
"https://luckyinteriorsfurniture.com/products/modern-wood-white-bedroom-set-with-diamond-design-wardrobe-upholstered-bed","product","Indexable after JS; raw HTML canonical points to homepage; quality approval recommended","200","https://luckyinteriorsfurniture.com/products/modern-wood-white-bedroom-set-with-diamond-design-wardrobe-upholstered-bed","Modern Wood & White Bedroom Set with Diamond Design Wardrobe & Upholstered Bed | Lucky Interiors Furniture","Stylish wood and white bedroom set with upholstered bed, sliding wardrobe, and dressing unit. Perfect for modern homes. Material: Engineered wood with upho...","Modern Wood & White Bedroom Set with Diamond Design Wardrobe & Upholstered Bed","Details and specifications; Highlights; Construction; Related Products; Visit the store","Approximately 45 product-specific words plus shared template copy","Modern Wood & White Bedroom Set with Diamond Design Wardrobe & Upholstered Bed","Client-rendered Product + Offer + Breadcrumb + global FurnitureStore","Breadcrumb to Bedroom Sets; related products; WhatsApp; phone; map","Raw HTML is homepage shell/canonical until JS; long title (106 chars); thin unique product content (~45 words); availability claim requires update ownership; Product/Offer and global FurnitureStore schema are client-only and may contain unsupported fields","Verify source/rights/facts; apply product quality gate; prerender; add unique dimensions, room fit, material, care, delivery/access and image metadata; condition Offer","P1 quality review"
"https://luckyinteriorsfurniture.com/products/premium-grey-wood-bedroom-set-with-4-door-wardrobe-dressing-table","product","Indexable after JS; raw HTML canonical points to homepage; quality approval recommended","200","https://luckyinteriorsfurniture.com/products/premium-grey-wood-bedroom-set-with-4-door-wardrobe-dressing-table","Premium Grey & Wood Bedroom Set with 4 Door Wardrobe & Dressing Table | Lucky Interiors Furniture","Stylish grey and wood bedroom set with storage bed, 4-door wardrobe, and dressing table. Ideal for modern homes. Material: Engineered wood. Lucky Interiors...","Premium Grey & Wood Bedroom Set with 4 Door Wardrobe & Dressing Table","Details and specifications; Highlights; Construction; Related Products; Visit the store","Approximately 41 product-specific words plus shared template copy","Premium Grey & Wood Bedroom Set with 4 Door Wardrobe & Dressing Table","Client-rendered Product + Offer + Breadcrumb + global FurnitureStore","Breadcrumb to Bedroom Sets; related products; WhatsApp; phone; map","Raw HTML is homepage shell/canonical until JS; long title (97 chars); thin unique product content (~41 words); availability claim requires update ownership; Product/Offer and global FurnitureStore schema are client-only and may contain unsupported fields","Verify source/rights/facts; apply product quality gate; prerender; add unique dimensions, room fit, material, care, delivery/access and image metadata; condition Offer","P1 quality review"
"https://luckyinteriorsfurniture.com/products/glam-plastic-chair-set-of-4-steel-pearl-white","product","Indexable after JS; raw HTML canonical points to homepage; quality approval recommended","200","https://luckyinteriorsfurniture.com/products/glam-plastic-chair-set-of-4-steel-pearl-white","Glam Plastic Chair Set of 4 – Steel Pearl White | Lucky Interiors Furniture","A set of 4 Glam plastic chairs in Steel Pearl White color, designed with a sleek premium finish, durable structure, and comfortable seating, perfect for ho...","Glam Plastic Chair Set of 4 – Steel Pearl White","Details and specifications; Highlights; Construction; Related Products; Visit the store","Approximately 49 product-specific words plus shared template copy","Glam Plastic Chair Set of 4 – Steel Pearl White","Client-rendered Product + Offer + Breadcrumb + global FurnitureStore","Breadcrumb to Chairs; related products; WhatsApp; phone; map","Raw HTML is homepage shell/canonical until JS; long title (75 chars); thin unique product content (~49 words); availability claim requires update ownership; Product/Offer and global FurnitureStore schema are client-only and may contain unsupported fields","Verify source/rights/facts; apply product quality gate; prerender; add unique dimensions, room fit, material, care, delivery/access and image metadata; condition Offer","P1 quality review"
"https://luckyinteriorsfurniture.com/products/wooden-3-seater-sofa-premium-fabric-sofa-set","product","Indexable after JS; raw HTML canonical points to homepage; quality approval recommended","200","https://luckyinteriorsfurniture.com/products/wooden-3-seater-sofa-premium-fabric-sofa-set","Outdoor 3 Seater Sofa – Fabric Sofa Set | Lucky Interiors Furniture","Stylish wooden 3 seater sofa with soft fabric cushioning, perfect for living rooms and modern homes. Material: Wood with fabric upholstery. Lucky Interiors...","Outdoor 3 Seater Sofa – Fabric Sofa Set","Details and specifications; Highlights; Construction; Related Products; Visit the store","Approximately 37 product-specific words plus shared template copy","Outdoor 3 Seater Sofa – Fabric Sofa Set","Client-rendered Product + Offer + Breadcrumb + global FurnitureStore","Breadcrumb to Sofas; related products; WhatsApp; phone; map","Raw HTML is homepage shell/canonical until JS; long title (67 chars); thin unique product content (~37 words); availability claim requires update ownership; Product/Offer and global FurnitureStore schema are client-only and may contain unsupported fields","Verify source/rights/facts; apply product quality gate; prerender; add unique dimensions, room fit, material, care, delivery/access and image metadata; condition Offer","P1 quality review"
"https://luckyinteriorsfurniture.com/products/carlton-2-seater-manual-recliner-sofa-light-brown-leatherette-reclining-sofa","product","Indexable after JS; raw HTML canonical points to homepage; quality approval recommended","200","https://luckyinteriorsfurniture.com/products/carlton-2-seater-manual-recliner-sofa-light-brown-leatherette-reclining-sofa","Carlton 2 Seater Manual Recliner Sofa (Light Brown) – Leatherette Reclining Sofa | Lucky Interiors Furniture","Comfortable 2 seater manual recliner sofa in light brown leatherette, perfect for modern living rooms. Material: Leatherette upholstery. Lucky Interiors Fu...","Carlton 2 Seater Manual Recliner Sofa (Light Brown) – Leatherette Reclining Sofa","Details and specifications; Highlights; Construction; Related Products; Visit the store","Approximately 36 product-specific words plus shared template copy","Carlton 2 Seater Manual Recliner Sofa (Light Brown) – Leatherette Reclining Sofa","Client-rendered Product + Offer + Breadcrumb + global FurnitureStore","Breadcrumb to Recliners; related products; WhatsApp; phone; map","Raw HTML is homepage shell/canonical until JS; long title (108 chars); thin unique product content (~36 words); availability claim requires update ownership; Product/Offer and global FurnitureStore schema are client-only and may contain unsupported fields","Verify source/rights/facts; apply product quality gate; prerender; add unique dimensions, room fit, material, care, delivery/access and image metadata; condition Offer","P1 quality review"
"https://luckyinteriorsfurniture.com/products/carlton-2-seater-sofa-light-brown-premium-leatherette-sofa","product","Indexable after JS; raw HTML canonical points to homepage; quality approval recommended","200","https://luckyinteriorsfurniture.com/products/carlton-2-seater-sofa-light-brown-premium-leatherette-sofa","Carlton 2 Seater Sofa (Light Brown) – Premium Leatherette Sofa | Lucky Interiors Furniture","Stylish 2 seater sofa in light brown leatherette finish, perfect for modern and elegant living spaces. Material: Leatherette upholstery. Lucky Interiors Fu...","Carlton 2 Seater Sofa (Light Brown) – Premium Leatherette Sofa","Details and specifications; Highlights; Construction; Related Products; Visit the store","Approximately 35 product-specific words plus shared template copy","Carlton 2 Seater Sofa (Light Brown) – Premium Leatherette Sofa","Client-rendered Product + Offer + Breadcrumb + global FurnitureStore","Breadcrumb to Recliners; related products; WhatsApp; phone; map","Raw HTML is homepage shell/canonical until JS; long title (90 chars); thin unique product content (~35 words); availability claim requires update ownership; Product/Offer and global FurnitureStore schema are client-only and may contain unsupported fields","Verify source/rights/facts; apply product quality gate; prerender; add unique dimensions, room fit, material, care, delivery/access and image metadata; condition Offer","P1 quality review"
"https://luckyinteriorsfurniture.com/products/3-seater-recliner-sofa-premium-leatherette-reclining-sofa","product","Indexable after JS; raw HTML canonical points to homepage; quality approval recommended","200","https://luckyinteriorsfurniture.com/products/3-seater-recliner-sofa-premium-leatherette-reclining-sofa","3 Seater Recliner Sofa – Premium Leatherette Reclining Sofa | Lucky Interiors Furniture","Elegant 3 seater recliner sofa in premium leatherette finish, designed for luxurious comfort and modern living spaces. Material: Leatherette upholstery. Lu...","3 Seater Recliner Sofa – Premium Leatherette Reclining Sofa","Details and specifications; Highlights; Construction; Related Products; Visit the store","Approximately 35 product-specific words plus shared template copy","3 Seater Recliner Sofa – Premium Leatherette Reclining Sofa","Client-rendered Product + Offer + Breadcrumb + global FurnitureStore","Breadcrumb to Recliners; related products; WhatsApp; phone; map","Raw HTML is homepage shell/canonical until JS; long title (87 chars); thin unique product content (~35 words); availability claim requires update ownership; Product/Offer and global FurnitureStore schema are client-only and may contain unsupported fields","Verify source/rights/facts; apply product quality gate; prerender; add unique dimensions, room fit, material, care, delivery/access and image metadata; condition Offer","P1 quality review"
"https://luckyinteriorsfurniture.com/products/single-seater-recliner-chair-premium-leatherette-recliner-sofa","product","Indexable after JS; raw HTML canonical points to homepage; quality approval recommended","200","https://luckyinteriorsfurniture.com/products/single-seater-recliner-chair-premium-leatherette-recliner-sofa","Single Seater Recliner Chair – Premium Leatherette Recliner Sofa | Lucky Interiors Furniture","Elegant single seater recliner chair in premium leatherette finish, designed for comfort and modern living. Key Features - Smooth manual reclining function...","Single Seater Recliner Chair – Premium Leatherette Recliner Sofa","Details and specifications; Highlights; Construction; Related Products; Visit the store","Approximately 67 product-specific words plus shared template copy","Single Seater Recliner Chair – Premium Leatherette Recliner Sofa","Client-rendered Product + Offer + Breadcrumb + global FurnitureStore","Breadcrumb to Recliners; related products; WhatsApp; phone; map","Raw HTML is homepage shell/canonical until JS; long title (92 chars); thin unique product content (~67 words); availability claim requires update ownership; Product/Offer and global FurnitureStore schema are client-only and may contain unsupported fields","Verify source/rights/facts; apply product quality gate; prerender; add unique dimensions, room fit, material, care, delivery/access and image metadata; condition Offer","P1 quality review"
"https://luckyinteriorsfurniture.com/products/plastic-arm-chair-set-of-4-marble-beige-chairs-4","product","Indexable after JS; raw HTML canonical points to homepage; quality approval recommended","200","https://luckyinteriorsfurniture.com/products/plastic-arm-chair-set-of-4-marble-beige-chairs-4","Plastic Arm Chair Set of 4 – Marble Beige Chairs | Lucky Interiors Furniture","A set of 4 plastic arm chairs in Marble Beige color, designed with a modern look, comfortable arm support, and durable structure, perfect for homes, balcon...","Plastic Arm Chair Set of 4 – Marble Beige Chairs","Details and specifications; Highlights; Construction; Related Products; Visit the store","Approximately 48 product-specific words plus shared template copy","Plastic Arm Chair Set of 4 – Marble Beige Chairs","Client-rendered Product + Offer + Breadcrumb + global FurnitureStore","Breadcrumb to Chairs; related products; WhatsApp; phone; map","Raw HTML is homepage shell/canonical until JS; long title (76 chars); duplicate title across 2 URLs; duplicate rendered meta description across 2 URLs; thin unique product content (~48 words); availability claim requires update ownership; Product/Offer and global FurnitureStore schema are client-only and may contain unsupported fields","Verify source/rights/facts; apply product quality gate; prerender; add unique dimensions, room fit, material, care, delivery/access and image metadata; condition Offer","P1 quality review"
"https://luckyinteriorsfurniture.com/products/plastic-armless-chair-set-of-4-weather-brown-chairs-2","product","Indexable after JS; raw HTML canonical points to homepage; quality approval recommended","200","https://luckyinteriorsfurniture.com/products/plastic-armless-chair-set-of-4-weather-brown-chairs-2","Plastic Armless Chair Set of 4 – Weather Brown Chairs | Lucky Interiors Furniture","A set of 4 plastic armless chairs in Weather Brown color, designed with a simple modern structure and lightweight durable build, perfect for homes, dining...","Plastic Armless Chair Set of 4 – Weather Brown Chairs","Details and specifications; Highlights; Construction; Related Products; Visit the store","Approximately 49 product-specific words plus shared template copy","Plastic Armless Chair Set of 4 – Weather Brown Chairs","Client-rendered Product + Offer + Breadcrumb + global FurnitureStore","Breadcrumb to Chairs; related products; WhatsApp; phone; map","Raw HTML is homepage shell/canonical until JS; long title (81 chars); thin unique product content (~49 words); availability claim requires update ownership; Product/Offer and global FurnitureStore schema are client-only and may contain unsupported fields","Verify source/rights/facts; apply product quality gate; prerender; add unique dimensions, room fit, material, care, delivery/access and image metadata; condition Offer","P1 quality review"
"https://luckyinteriorsfurniture.com/products/plastic-arm-chair-set-of-4-marble-beige-chairs-3","product","Indexable after JS; raw HTML canonical points to homepage; quality approval recommended","200","https://luckyinteriorsfurniture.com/products/plastic-arm-chair-set-of-4-marble-beige-chairs-3","Plastic Arm Chair Set of 4 – Marble Beige Chairs | Lucky Interiors Furniture","A set of 4 plastic arm chairs in Marble Beige color, designed with a modern look, comfortable arm support, and durable structure, perfect for homes, balcon...","Plastic Arm Chair Set of 4 – Marble Beige Chairs","Details and specifications; Highlights; Construction; Related Products; Visit the store","Approximately 48 product-specific words plus shared template copy","Plastic Arm Chair Set of 4 – Marble Beige Chairs","Client-rendered Product + Offer + Breadcrumb + global FurnitureStore","Breadcrumb to Chairs; related products; WhatsApp; phone; map","Raw HTML is homepage shell/canonical until JS; long title (76 chars); duplicate title across 2 URLs; duplicate rendered meta description across 2 URLs; thin unique product content (~48 words); availability claim requires update ownership; Product/Offer and global FurnitureStore schema are client-only and may contain unsupported fields","Verify source/rights/facts; apply product quality gate; prerender; add unique dimensions, room fit, material, care, delivery/access and image metadata; condition Offer","P1 quality review"
"https://luckyinteriorsfurniture.com/products/plastic-arm-chair-set-of-4-pear-wood-chair","product","Indexable after JS; raw HTML canonical points to homepage; quality approval recommended","200","https://luckyinteriorsfurniture.com/products/plastic-arm-chair-set-of-4-pear-wood-chair","Plastic Arm Chair Set of 4 – Pear Wood Chair | Lucky Interiors Furniture","A set of 4 plastic arm chairs in Pear Wood color, designed with a natural wood-style finish, comfortable arm support, and durable structure, perfect for ho...","Plastic Arm Chair Set of 4 – Pear Wood Chair","Details and specifications; Highlights; Construction; Related Products; Visit the store","Approximately 50 product-specific words plus shared template copy","Plastic Arm Chair Set of 4 – Pear Wood Chair","Client-rendered Product + Offer + Breadcrumb + global FurnitureStore","Breadcrumb to Chairs; related products; WhatsApp; phone; map","Raw HTML is homepage shell/canonical until JS; long title (72 chars); thin unique product content (~50 words); availability claim requires update ownership; Product/Offer and global FurnitureStore schema are client-only and may contain unsupported fields","Verify source/rights/facts; apply product quality gate; prerender; add unique dimensions, room fit, material, care, delivery/access and image metadata; condition Offer","P1 quality review"
"https://luckyinteriorsfurniture.com/products/plastic-arm-chair-set-of-4-milky-white-chairs","product","Indexable after JS; raw HTML canonical points to homepage; quality approval recommended","200","https://luckyinteriorsfurniture.com/products/plastic-arm-chair-set-of-4-milky-white-chairs","Plastic Arm Chair Set of 4 – Milky White Chairs | Lucky Interiors Furniture","A set of 4 plastic arm chairs in Milky White color, designed with a clean modern look, comfortable arm support, and durable structure, perfect for homes, b...","Plastic Arm Chair Set of 4 – Milky White Chairs","Details and specifications; Highlights; Construction; Related Products; Visit the store","Approximately 49 product-specific words plus shared template copy","Plastic Arm Chair Set of 4 – Milky White Chairs","Client-rendered Product + Offer + Breadcrumb + global FurnitureStore","Breadcrumb to Chairs; related products; WhatsApp; phone; map","Raw HTML is homepage shell/canonical until JS; long title (75 chars); thin unique product content (~49 words); availability claim requires update ownership; Product/Offer and global FurnitureStore schema are client-only and may contain unsupported fields","Verify source/rights/facts; apply product quality gate; prerender; add unique dimensions, room fit, material, care, delivery/access and image metadata; condition Offer","P1 quality review"
"https://luckyinteriorsfurniture.com/products/mystique-plastic-arm-chair-set-of-4-rattan-dark-beige-chairs","product","Indexable after JS; raw HTML canonical points to homepage; quality approval recommended","200","https://luckyinteriorsfurniture.com/products/mystique-plastic-arm-chair-set-of-4-rattan-dark-beige-chairs","Mystique Plastic Arm Chair Set of 4 – Rattan Dark Beige Chairs | Lucky Interiors Furniture","A set of 4 Mystique plastic arm chairs in Rattan Dark Beige color, designed with a stylish rattan texture and comfortable arm support, perfect for homes, b...","Mystique Plastic Arm Chair Set of 4 – Rattan Dark Beige Chairs","Details and specifications; Highlights; Construction; Related Products; Visit the store","Approximately 52 product-specific words plus shared template copy","Mystique Plastic Arm Chair Set of 4 – Rattan Dark Beige Chairs","Client-rendered Product + Offer + Breadcrumb + global FurnitureStore","Breadcrumb to Chairs; related products; WhatsApp; phone; map","Raw HTML is homepage shell/canonical until JS; long title (90 chars); thin unique product content (~52 words); availability claim requires update ownership; Product/Offer and global FurnitureStore schema are client-only and may contain unsupported fields","Verify source/rights/facts; apply product quality gate; prerender; add unique dimensions, room fit, material, care, delivery/access and image metadata; condition Offer","P1 quality review"
"https://luckyinteriorsfurniture.com/products/novella-07-plastic-armless-chair-set-of-4-iron-black-chairs","product","Indexable after JS; raw HTML canonical points to homepage; quality approval recommended","200","https://luckyinteriorsfurniture.com/products/novella-07-plastic-armless-chair-set-of-4-iron-black-chairs","Novella 07 Plastic Armless Chair Set of 4 – Iron Black Chairs | Lucky Interiors Furniture","A set of 4 Novella 07 plastic armless chairs in Iron Black color, designed with a modern backrest and durable structure, perfect for homes, dining areas, b...","Novella 07 Plastic Armless Chair Set of 4 – Iron Black Chairs","Details and specifications; Highlights; Construction; Related Products; Visit the store","Approximately 51 product-specific words plus shared template copy","Novella 07 Plastic Armless Chair Set of 4 – Iron Black Chairs","Client-rendered Product + Offer + Breadcrumb + global FurnitureStore","Breadcrumb to Chairs; related products; WhatsApp; phone; map","Raw HTML is homepage shell/canonical until JS; long title (89 chars); thin unique product content (~51 words); availability claim requires update ownership; Product/Offer and global FurnitureStore schema are client-only and may contain unsupported fields","Verify source/rights/facts; apply product quality gate; prerender; add unique dimensions, room fit, material, care, delivery/access and image metadata; condition Offer","P1 quality review"
"https://luckyinteriorsfurniture.com/products/2-seater-recliner-sofa-comfortable-reclining-sofa-set","product","Indexable after JS; raw HTML canonical points to homepage; quality approval recommended","200","https://luckyinteriorsfurniture.com/products/2-seater-recliner-sofa-comfortable-reclining-sofa-set","2 Seater Recliner Sofa – Comfortable Reclining Sofa Set | Lucky Interiors Furniture","Stylish 2 seater recliner sofa with cushioned comfort, perfect for modern homes. Material: Ask for material details. Lucky Interiors Furniture, Mumbai.","2 Seater Recliner Sofa – Comfortable Reclining Sofa Set","Details and specifications; Highlights; Construction; Related Products; Visit the store","Approximately 34 product-specific words plus shared template copy","2 Seater Recliner Sofa – Comfortable Reclining Sofa Set","Client-rendered Product + Offer + Breadcrumb + global FurnitureStore","Breadcrumb to Recliners; related products; WhatsApp; phone; map","Raw HTML is homepage shell/canonical until JS; long title (83 chars); thin unique product content (~34 words); material requires verification; availability claim requires update ownership; Product/Offer and global FurnitureStore schema are client-only and may contain unsupported fields","Verify source/rights/facts; apply product quality gate; prerender; add unique dimensions, room fit, material, care, delivery/access and image metadata; condition Offer","P1 quality review"
"https://luckyinteriorsfurniture.com/products/grey-recliner-chair-single-seater-comfort-sofa-recliner","product","Indexable after JS; raw HTML canonical points to homepage; quality approval recommended","200","https://luckyinteriorsfurniture.com/products/grey-recliner-chair-single-seater-comfort-sofa-recliner","Grey Recliner Chair – Single Seater Comfort Sofa Recliner | Lucky Interiors Furniture","Modern grey recliner chair with footrest and cushioned comfort, ideal for homes. Material: Ask for material details. Lucky Interiors Furniture, Mumbai.","Grey Recliner Chair – Single Seater Comfort Sofa Recliner","Details and specifications; Highlights; Construction; Related Products; Visit the store","Approximately 34 product-specific words plus shared template copy","Grey Recliner Chair – Single Seater Comfort Sofa Recliner","Client-rendered Product + Offer + Breadcrumb + global FurnitureStore","Breadcrumb to Recliners; related products; WhatsApp; phone; map","Raw HTML is homepage shell/canonical until JS; long title (85 chars); thin unique product content (~34 words); material requires verification; availability claim requires update ownership; Product/Offer and global FurnitureStore schema are client-only and may contain unsupported fields","Verify source/rights/facts; apply product quality gate; prerender; add unique dimensions, room fit, material, care, delivery/access and image metadata; condition Offer","P1 quality review"
"https://luckyinteriorsfurniture.com/products/single-seater-recliner-chair-comfort-reclining-sofa-chair","product","Indexable after JS; raw HTML canonical points to homepage; quality approval recommended","200","https://luckyinteriorsfurniture.com/products/single-seater-recliner-chair-comfort-reclining-sofa-chair","Single Seater Recliner Chair – Comfort Reclining Sofa Chair | Lucky Interiors Furniture","Comfortable single seater recliner chair with footrest, perfect for relaxing homes. Material: Ask for material details. Lucky Interiors Furniture, Mumbai.","Single Seater Recliner Chair – Comfort Reclining Sofa Chair","Details and specifications; Highlights; Construction; Related Products; Visit the store","Approximately 33 product-specific words plus shared template copy","Single Seater Recliner Chair – Comfort Reclining Sofa Chair","Client-rendered Product + Offer + Breadcrumb + global FurnitureStore","Breadcrumb to Recliners; related products; WhatsApp; phone; map","Raw HTML is homepage shell/canonical until JS; long title (87 chars); thin unique product content (~33 words); material requires verification; availability claim requires update ownership; Product/Offer and global FurnitureStore schema are client-only and may contain unsupported fields","Verify source/rights/facts; apply product quality gate; prerender; add unique dimensions, room fit, material, care, delivery/access and image metadata; condition Offer","P1 quality review"
"https://luckyinteriorsfurniture.com/products/3-seater-recliner-sofa-luxury-comfort-reclining-sofa","product","Indexable after JS; raw HTML canonical points to homepage; quality approval recommended","200","https://luckyinteriorsfurniture.com/products/3-seater-recliner-sofa-luxury-comfort-reclining-sofa","3 Seater Recliner Sofa – Luxury Comfort Reclining Sofa | Lucky Interiors Furniture","Premium 3 seater recliner sofa with cushioned comfort, perfect for modern living rooms. Material: Ask for material details. Lucky Interiors Furniture, Mumbai.","3 Seater Recliner Sofa – Luxury Comfort Reclining Sofa","Details and specifications; Highlights; Construction; Related Products; Visit the store","Approximately 35 product-specific words plus shared template copy","3 Seater Recliner Sofa – Luxury Comfort Reclining Sofa","Client-rendered Product + Offer + Breadcrumb + global FurnitureStore","Breadcrumb to Recliners; related products; WhatsApp; phone; map","Raw HTML is homepage shell/canonical until JS; long title (82 chars); thin unique product content (~35 words); material requires verification; availability claim requires update ownership; Product/Offer and global FurnitureStore schema are client-only and may contain unsupported fields","Verify source/rights/facts; apply product quality gate; prerender; add unique dimensions, room fit, material, care, delivery/access and image metadata; condition Offer","P1 quality review"
"https://luckyinteriorsfurniture.com/products/brown-recliner-chair-premium-comfort-sofa-recliner","product","Indexable after JS; raw HTML canonical points to homepage; quality approval recommended","200","https://luckyinteriorsfurniture.com/products/brown-recliner-chair-premium-comfort-sofa-recliner","Brown Recliner Chair – Premium Comfort Sofa Recliner | Lucky Interiors Furniture","Comfortable brown recliner chair with soft cushioning, perfect for relaxing in modern homes. Material: Ask for material details. Lucky Interiors Furniture,...","Brown Recliner Chair – Premium Comfort Sofa Recliner","Details and specifications; Highlights; Construction; Related Products; Visit the store","Approximately 34 product-specific words plus shared template copy","Brown Recliner Chair – Premium Comfort Sofa Recliner","Client-rendered Product + Offer + Breadcrumb + global FurnitureStore","Breadcrumb to Recliners; related products; WhatsApp; phone; map","Raw HTML is homepage shell/canonical until JS; long title (80 chars); thin unique product content (~34 words); material requires verification; availability claim requires update ownership; Product/Offer and global FurnitureStore schema are client-only and may contain unsupported fields","Verify source/rights/facts; apply product quality gate; prerender; add unique dimensions, room fit, material, care, delivery/access and image metadata; condition Offer","P1 quality review"
"https://luckyinteriorsfurniture.com/products/blue-recliner-chair-comfortable-sofa-recliner-for-living-room","product","Indexable after JS; raw HTML canonical points to homepage; quality approval recommended","200","https://luckyinteriorsfurniture.com/products/blue-recliner-chair-comfortable-sofa-recliner-for-living-room","Blue Recliner Chair – Comfortable Sofa Recliner for Living Room | Lucky Interiors Furniture","Stylish blue recliner chair with Manual mechanism, cushioned comfort, perfect for modern homes. Material: Ask for material details. Lucky Interiors Furnitu...","Blue Recliner Chair – Comfortable Sofa Recliner for Living Room","Details and specifications; Highlights; Construction; Related Products; Visit the store","Approximately 36 product-specific words plus shared template copy","Blue Recliner Chair – Comfortable Sofa Recliner for Living Room","Client-rendered Product + Offer + Breadcrumb + global FurnitureStore","Breadcrumb to Recliners; related products; WhatsApp; phone; map","Raw HTML is homepage shell/canonical until JS; long title (91 chars); thin unique product content (~36 words); material requires verification; availability claim requires update ownership; Product/Offer and global FurnitureStore schema are client-only and may contain unsupported fields","Verify source/rights/facts; apply product quality gate; prerender; add unique dimensions, room fit, material, care, delivery/access and image metadata; condition Offer","P1 quality review"
"https://luckyinteriorsfurniture.com/products/luxury-recliner-chair-premium-comfort-sofa-chair","product","Indexable after JS; raw HTML canonical points to homepage; quality approval recommended","200","https://luckyinteriorsfurniture.com/products/luxury-recliner-chair-premium-comfort-sofa-chair","Luxury Recliner Chair – Premium Comfort Sofa Chair | Lucky Interiors Furniture","Comfortable recliner chair with cushioned support, perfect for relaxing in modern homes. This is manual reclinear sofa chair. Delivery time 20 to 25 days....","Luxury Recliner Chair – Premium Comfort Sofa Chair","Details and specifications; Highlights; Construction; Related Products; Visit the store","Approximately 48 product-specific words plus shared template copy","Luxury Recliner Chair – Premium Comfort Sofa Chair","Client-rendered Product + Offer + Breadcrumb + global FurnitureStore","Breadcrumb to Recliners; related products; WhatsApp; phone; map","Raw HTML is homepage shell/canonical until JS; long title (78 chars); thin unique product content (~48 words); material requires verification; availability claim requires update ownership; Product/Offer and global FurnitureStore schema are client-only and may contain unsupported fields","Verify source/rights/facts; apply product quality gate; prerender; add unique dimensions, room fit, material, care, delivery/access and image metadata; condition Offer","P1 quality review"
"https://luckyinteriorsfurniture.com/products/plastic-arm-chair-set-of-4-pear-wood-finish-chairs","product","Indexable after JS; raw HTML canonical points to homepage; quality approval recommended","200","https://luckyinteriorsfurniture.com/products/plastic-arm-chair-set-of-4-pear-wood-finish-chairs","Plastic Arm Chair Set of 4 – Pear Wood Finish Chairs | Lucky Interiors Furniture","A set of 4 plastic arm chairs in Pear Wood finish, designed with a comfortable backrest and sturdy arm support, perfect for homes, balconies, gardens, and...","Plastic Arm Chair Set of 4 – Pear Wood Finish Chairs","Details and specifications; Highlights; Construction; Related Products; Visit the store","Approximately 48 product-specific words plus shared template copy","Plastic Arm Chair Set of 4 – Pear Wood Finish Chairs","Client-rendered Product + Offer + Breadcrumb + global FurnitureStore","Breadcrumb to Chairs; related products; WhatsApp; phone; map","Raw HTML is homepage shell/canonical until JS; long title (80 chars); thin unique product content (~48 words); availability claim requires update ownership; Product/Offer and global FurnitureStore schema are client-only and may contain unsupported fields","Verify source/rights/facts; apply product quality gate; prerender; add unique dimensions, room fit, material, care, delivery/access and image metadata; condition Offer","P1 quality review"
"https://luckyinteriorsfurniture.com/products/4-seater-outdoor-garden-table-and-chair-set-rattan-balcony-furniture","product","Indexable after JS; raw HTML canonical points to homepage; quality approval recommended","200","https://luckyinteriorsfurniture.com/products/4-seater-outdoor-garden-table-and-chair-set-rattan-balcony-furniture","4 Seater Outdoor Garden Table and Chair Set – Rattan Balcony Furniture | Lucky Interiors Furniture","Upgrade your outdoor space with a 4 seater garden table and chair set featuring a stylish rattan design and glass top table. Perfect for balconies, patios,...","4 Seater Outdoor Garden Table and Chair Set – Rattan Balcony Furniture","Details and specifications; Highlights; Construction; Related Products; Visit the store","Approximately 64 product-specific words plus shared template copy","4 Seater Outdoor Garden Table and Chair Set – Rattan Balcony Furniture","Client-rendered Product + Offer + Breadcrumb + global FurnitureStore","Breadcrumb to Outdoor Furniture; related products; WhatsApp; phone; map","Raw HTML is homepage shell/canonical until JS; long title (98 chars); thin unique product content (~64 words); material requires verification; availability claim requires update ownership; Product/Offer and global FurnitureStore schema are client-only and may contain unsupported fields","Verify source/rights/facts; apply product quality gate; prerender; add unique dimensions, room fit, material, care, delivery/access and image metadata; condition Offer","P1 quality review"
"https://luckyinteriorsfurniture.com/products/2-seater-outdoor-balcony-table-and-chair-set-white-garden-furniture","product","Indexable after JS; raw HTML canonical points to homepage; quality approval recommended","200","https://luckyinteriorsfurniture.com/products/2-seater-outdoor-balcony-table-and-chair-set-white-garden-furniture","2 Seater Outdoor Balcony Table and Chair Set – White Garden Furniture | Lucky Interiors Furniture","Create a cozy outdoor space with a 2 seater balcony table and chair set featuring stylish white rattan design and comfortable cushions. Perfect for balconi...","2 Seater Outdoor Balcony Table and Chair Set – White Garden Furniture","Details and specifications; Highlights; Construction; Related Products; Visit the store","Approximately 55 product-specific words plus shared template copy","2 Seater Outdoor Balcony Table and Chair Set – White Garden Furniture","Client-rendered Product + Offer + Breadcrumb + global FurnitureStore","Breadcrumb to Outdoor Furniture; related products; WhatsApp; phone; map","Raw HTML is homepage shell/canonical until JS; long title (97 chars); thin unique product content (~55 words); material requires verification; availability claim requires update ownership; Product/Offer and global FurnitureStore schema are client-only and may contain unsupported fields","Verify source/rights/facts; apply product quality gate; prerender; add unique dimensions, room fit, material, care, delivery/access and image metadata; condition Offer","P1 quality review"
"https://luckyinteriorsfurniture.com/products/outdoor-garden-sofa-set-with-coffee-table-5-seater-garden-furniture-set","product","Indexable after JS; raw HTML canonical points to homepage; quality approval recommended","200","https://luckyinteriorsfurniture.com/products/outdoor-garden-sofa-set-with-coffee-table-5-seater-garden-furniture-set","Outdoor Garden Sofa Set with Coffee Table – 5 Seater Garden Furniture Set | Lucky Interiors Furniture","Upgrade your outdoor space with a stylish 5-seater garden sofa set with coffee table, perfect for patios, balconies, gardens, and outdoor seating areas. Th...","Outdoor Garden Sofa Set with Coffee Table – 5 Seater Garden Furniture Set","Details and specifications; Highlights; Construction; Related Products; Visit the store","Approximately 75 product-specific words plus shared template copy","Outdoor Garden Sofa Set with Coffee Table – 5 Seater Garden Furniture Set","Client-rendered Product + Offer + Breadcrumb + global FurnitureStore","Breadcrumb to Outdoor Furniture; related products; WhatsApp; phone; map","Raw HTML is homepage shell/canonical until JS; long title (101 chars); thin unique product content (~75 words); material requires verification; availability claim requires update ownership; Product/Offer and global FurnitureStore schema are client-only and may contain unsupported fields","Verify source/rights/facts; apply product quality gate; prerender; add unique dimensions, room fit, material, care, delivery/access and image metadata; condition Offer","P1 quality review"
"https://luckyinteriorsfurniture.com/products/modern-round-solid-wood-center-table-with-storage-shelf","product","Indexable after JS; raw HTML canonical points to homepage; quality approval recommended","200","https://luckyinteriorsfurniture.com/products/modern-round-solid-wood-center-table-with-storage-shelf","Modern Round Solid Wood Center Table with Storage Shelf | Lucky Interiors Furniture","Enhance your living room with this modern round solid wood center table featuring a stylish design and practical storage shelf. Perfect for contemporary ho...","Modern Round Solid Wood Center Table with Storage Shelf","Details and specifications; Highlights; Construction; Related Products; Visit the store","Approximately 57 product-specific words plus shared template copy","Modern Round Solid Wood Center Table with Storage Shelf","Client-rendered Product + Offer + Breadcrumb + global FurnitureStore","Breadcrumb to Centre Tables; related products; WhatsApp; phone; map","Raw HTML is homepage shell/canonical until JS; long title (83 chars); thin unique product content (~57 words); availability claim requires update ownership; Product/Offer and global FurnitureStore schema are client-only and may contain unsupported fields","Verify source/rights/facts; apply product quality gate; prerender; add unique dimensions, room fit, material, care, delivery/access and image metadata; condition Offer","P1 quality review"
"https://luckyinteriorsfurniture.com/products/outdoor-rope-chair-set-with-center-table","product","Indexable after JS; raw HTML canonical points to homepage; quality approval recommended","200","https://luckyinteriorsfurniture.com/products/outdoor-rope-chair-set-with-center-table","Outdoor Rope Chair Set with Center Table | Lucky Interiors Furniture","A stylish outdoor rope chair set with soft cushions and a matching center table, designed for modern balcony, garden, and patio seating spaces. Material: M...","Outdoor Rope Chair Set with Center Table","Details and specifications; Highlights; Construction; Related Products; Visit the store","Approximately 38 product-specific words plus shared template copy","Outdoor Rope Chair Set with Center Table","Client-rendered Product + Offer + Breadcrumb + global FurnitureStore","Breadcrumb to Outdoor Furniture; related products; WhatsApp; phone; map","Raw HTML is homepage shell/canonical until JS; long title (68 chars); thin unique product content (~38 words); availability claim requires update ownership; Product/Offer and global FurnitureStore schema are client-only and may contain unsupported fields","Verify source/rights/facts; apply product quality gate; prerender; add unique dimensions, room fit, material, care, delivery/access and image metadata; condition Offer","P1 quality review"
"https://luckyinteriorsfurniture.com/products/luxury-outdoor-sofa-set-with-glass-center-table","product","Indexable after JS; raw HTML canonical points to homepage; quality approval recommended","200","https://luckyinteriorsfurniture.com/products/luxury-outdoor-sofa-set-with-glass-center-table","Luxury Outdoor Sofa Set with Glass Center Table | Lucky Interiors Furniture","Modern outdoor sofa set with premium cushioned seating, stylish rope design, and glass center table — perfect for balcony, patio, garden, and outdoor loung...","Luxury Outdoor Sofa Set with Glass Center Table","Details and specifications; Highlights; Construction; Related Products; Visit the store","Approximately 61 product-specific words plus shared template copy","Luxury Outdoor Sofa Set with Glass Center Table","Client-rendered Product + Offer + Breadcrumb + global FurnitureStore","Breadcrumb to Outdoor Furniture; related products; WhatsApp; phone; map","Raw HTML is homepage shell/canonical until JS; long title (75 chars); thin unique product content (~61 words); availability claim requires update ownership; Product/Offer and global FurnitureStore schema are client-only and may contain unsupported fields","Verify source/rights/facts; apply product quality gate; prerender; add unique dimensions, room fit, material, care, delivery/access and image metadata; condition Offer","P1 quality review"
"https://luckyinteriorsfurniture.com/products/modern-4-seater-dining-table-set-with-upholstered-chairs","product","Indexable after JS; raw HTML canonical points to homepage; quality approval recommended","200","https://luckyinteriorsfurniture.com/products/modern-4-seater-dining-table-set-with-upholstered-chairs","Modern 4 Seater Dining Table Set with Upholstered Chairs | Lucky Interiors Furniture","Elegant 4 seater dining table set with premium upholstered chairs and modern design, perfect for dining rooms, apartments, and contemporary homes. Material...","Modern 4 Seater Dining Table Set with Upholstered Chairs","Details and specifications; Highlights; Construction; Related Products; Visit the store","Approximately 44 product-specific words plus shared template copy","Modern 4 Seater Dining Table Set with Upholstered Chairs","Client-rendered Product + Offer + Breadcrumb + global FurnitureStore","Breadcrumb to Dining Sets; related products; WhatsApp; phone; map","Raw HTML is homepage shell/canonical until JS; long title (84 chars); thin unique product content (~44 words); material requires verification; availability claim requires update ownership; Product/Offer and global FurnitureStore schema are client-only and may contain unsupported fields","Verify source/rights/facts; apply product quality gate; prerender; add unique dimensions, room fit, material, care, delivery/access and image metadata; condition Offer","P1 quality review"
"https://luckyinteriorsfurniture.com/products/premium-6-seater-dining-table-set-with-upholstered-chairs","product","Indexable after JS; raw HTML canonical points to homepage; quality approval recommended","200","https://luckyinteriorsfurniture.com/products/premium-6-seater-dining-table-set-with-upholstered-chairs","Premium 6 Seater Dining Table Set with Upholstered Chairs | Lucky Interiors Furniture","Elegant 6 seater dining table set with comfortable upholstered chairs and modern design, ideal for family dining spaces and contemporary interiors. Materia...","Premium 6 Seater Dining Table Set with Upholstered Chairs","Details and specifications; Highlights; Construction; Related Products; Visit the store","Approximately 40 product-specific words plus shared template copy","Premium 6 Seater Dining Table Set with Upholstered Chairs","Client-rendered Product + Offer + Breadcrumb + global FurnitureStore","Breadcrumb to Dining Sets; related products; WhatsApp; phone; map","Raw HTML is homepage shell/canonical until JS; long title (85 chars); thin unique product content (~40 words); availability claim requires update ownership; Product/Offer and global FurnitureStore schema are client-only and may contain unsupported fields","Verify source/rights/facts; apply product quality gate; prerender; add unique dimensions, room fit, material, care, delivery/access and image metadata; condition Offer","P1 quality review"
"https://luckyinteriorsfurniture.com/products/premium-carved-solid-wood-6-seater-dining-table-set","product","Indexable after JS; raw HTML canonical points to homepage; quality approval recommended","200","https://luckyinteriorsfurniture.com/products/premium-carved-solid-wood-6-seater-dining-table-set","Premium Carved Solid Wood 6-Seater Dining Table Set | Lucky Interiors Furniture","Enhance your dining space with this premium solid wood 6-seater dining table set featuring beautifully carved chairs and cushioned seating. Perfect for ele...","Premium Carved Solid Wood 6-Seater Dining Table Set","Details and specifications; Highlights; Construction; Related Products; Visit the store","Approximately 42 product-specific words plus shared template copy","Premium Carved Solid Wood 6-Seater Dining Table Set","Client-rendered Product + Offer + Breadcrumb + global FurnitureStore","Breadcrumb to Dining Sets; related products; WhatsApp; phone; map","Raw HTML is homepage shell/canonical until JS; long title (79 chars); thin unique product content (~42 words); availability claim requires update ownership; Product/Offer and global FurnitureStore schema are client-only and may contain unsupported fields","Verify source/rights/facts; apply product quality gate; prerender; add unique dimensions, room fit, material, care, delivery/access and image metadata; condition Offer","P1 quality review"
"https://luckyinteriorsfurniture.com/products/luxury-6-seater-dining-table-set-with-designer-upholstered-chairs","product","Indexable after JS; raw HTML canonical points to homepage; quality approval recommended","200","https://luckyinteriorsfurniture.com/products/luxury-6-seater-dining-table-set-with-designer-upholstered-chairs","Luxury 6 Seater Dining Table Set with Designer Upholstered Chairs | Lucky Interiors Furniture","Premium 6 seater dining table set with designer upholstered chairs and elegant modern finish, perfect for luxury dining spaces and contemporary interiors....","Luxury 6 Seater Dining Table Set with Designer Upholstered Chairs","Details and specifications; Highlights; Construction; Related Products; Visit the store","Approximately 46 product-specific words plus shared template copy","Luxury 6 Seater Dining Table Set with Designer Upholstered Chairs","Client-rendered Product + Offer + Breadcrumb + global FurnitureStore","Breadcrumb to Dining Sets; related products; WhatsApp; phone; map","Raw HTML is homepage shell/canonical until JS; long title (93 chars); thin unique product content (~46 words); material requires verification; availability claim requires update ownership; Product/Offer and global FurnitureStore schema are client-only and may contain unsupported fields","Verify source/rights/facts; apply product quality gate; prerender; add unique dimensions, room fit, material, care, delivery/access and image metadata; condition Offer","P1 quality review"
"https://luckyinteriorsfurniture.com/products/modern-outdoor-lounge-chair-set-2-seater","product","Indexable after JS; raw HTML canonical points to homepage; quality approval recommended","200","https://luckyinteriorsfurniture.com/products/modern-outdoor-lounge-chair-set-2-seater","Modern Outdoor Lounge Chair Set (2 Seater) | Lucky Interiors Furniture","Stylish outdoor lounge chair set with soft cushioned seating and sturdy metal frame, perfect for balcony, patio, garden, and relaxation spaces. Material: M...","Modern Outdoor Lounge Chair Set (2 Seater)","Details and specifications; Highlights; Construction; Related Products; Visit the store","Approximately 36 product-specific words plus shared template copy","Modern Outdoor Lounge Chair Set (2 Seater)","Client-rendered Product + Offer + Breadcrumb + global FurnitureStore","Breadcrumb to Outdoor Furniture; related products; WhatsApp; phone; map","Raw HTML is homepage shell/canonical until JS; long title (70 chars); thin unique product content (~36 words); availability claim requires update ownership; Product/Offer and global FurnitureStore schema are client-only and may contain unsupported fields","Verify source/rights/facts; apply product quality gate; prerender; add unique dimensions, room fit, material, care, delivery/access and image metadata; condition Offer","P1 quality review"
"https://luckyinteriorsfurniture.com/products/modern-6-seater-dining-table-set-with-quilted-upholstered-chairs","product","Indexable after JS; raw HTML canonical points to homepage; quality approval recommended","200","https://luckyinteriorsfurniture.com/products/modern-6-seater-dining-table-set-with-quilted-upholstered-chairs","Modern 6 Seater Dining Table Set with Quilted Upholstered Chairs | Lucky Interiors Furniture","Stylish 6 seater dining table set with quilted upholstered chairs and modern design, perfect for contemporary dining spaces and elegant home interiors. Thi...","Modern 6 Seater Dining Table Set with Quilted Upholstered Chairs","Details and specifications; Highlights; Construction; Related Products; Visit the store","Approximately 74 product-specific words plus shared template copy","Modern 6 Seater Dining Table Set with Quilted Upholstered Chairs","Client-rendered Product + Offer + Breadcrumb + global FurnitureStore","Breadcrumb to Dining Sets; related products; WhatsApp; phone; map","Raw HTML is homepage shell/canonical until JS; long title (92 chars); thin unique product content (~74 words); availability claim requires update ownership; Product/Offer and global FurnitureStore schema are client-only and may contain unsupported fields","Verify source/rights/facts; apply product quality gate; prerender; add unique dimensions, room fit, material, care, delivery/access and image metadata; condition Offer","P1 quality review"
"https://luckyinteriorsfurniture.com/products/space-saving-solid-wood-dining-table-set-with-compact-chairs-4-seater","product","Indexable after JS; raw HTML canonical points to homepage; quality approval recommended","200","https://luckyinteriorsfurniture.com/products/space-saving-solid-wood-dining-table-set-with-compact-chairs-4-seater","Space-Saving Solid Wood Dining Table Set with Compact Chairs (4 Seater) | Lucky Interiors Furniture","Upgrade your dining area with this smart space-saving solid wood dining table set featuring compact chairs that fit neatly under the table. Perfect for mod...","Space-Saving Solid Wood Dining Table Set with Compact Chairs (4 Seater)","Details and specifications; Highlights; Construction; Related Products; Visit the store","Approximately 47 product-specific words plus shared template copy","Space-Saving Solid Wood Dining Table Set with Compact Chairs (4 Seater)","Client-rendered Product + Offer + Breadcrumb + global FurnitureStore","Breadcrumb to Dining Sets; related products; WhatsApp; phone; map","Raw HTML is homepage shell/canonical until JS; long title (99 chars); thin unique product content (~47 words); availability claim requires update ownership; Product/Offer and global FurnitureStore schema are client-only and may contain unsupported fields","Verify source/rights/facts; apply product quality gate; prerender; add unique dimensions, room fit, material, care, delivery/access and image metadata; condition Offer","P1 quality review"
"https://luckyinteriorsfurniture.com/products/classic-solid-wood-rocking-chair-with-curved-armrests","product","Indexable after JS; raw HTML canonical points to homepage; quality approval recommended","200","https://luckyinteriorsfurniture.com/products/classic-solid-wood-rocking-chair-with-curved-armrests","Classic Solid Wood Rocking Chair with Curved Armrests | Lucky Interiors Furniture","Relax in style with this classic solid wood rocking chair featuring a smooth rocking motion and elegant curved armrests. Perfect for comfortable seating in...","Classic Solid Wood Rocking Chair with Curved Armrests","Details and specifications; Highlights; Construction; Related Products; Visit the store","Approximately 44 product-specific words plus shared template copy","Classic Solid Wood Rocking Chair with Curved Armrests","Client-rendered Product + Offer + Breadcrumb + global FurnitureStore","Breadcrumb to Chairs; related products; WhatsApp; phone; map","Raw HTML is homepage shell/canonical until JS; long title (81 chars); thin unique product content (~44 words); availability claim requires update ownership; Product/Offer and global FurnitureStore schema are client-only and may contain unsupported fields","Verify source/rights/facts; apply product quality gate; prerender; add unique dimensions, room fit, material, care, delivery/access and image metadata; condition Offer","P1 quality review"
"https://luckyinteriorsfurniture.com/products/modern-solid-wood-3-seater-sofa-with-cushioned-seating","product","Indexable after JS; raw HTML canonical points to homepage; quality approval recommended","200","https://luckyinteriorsfurniture.com/products/modern-solid-wood-3-seater-sofa-with-cushioned-seating","Modern Solid Wood 3-Seater Sofa with Cushioned Seating | Lucky Interiors Furniture","Upgrade your living room with this modern solid wood 3-seater sofa featuring comfortable cushions and a stylish wooden frame. Perfect for elegant homes. Ma...","Modern Solid Wood 3-Seater Sofa with Cushioned Seating","Details and specifications; Highlights; Construction; Related Products; Visit the store","Approximately 40 product-specific words plus shared template copy","Modern Solid Wood 3-Seater Sofa with Cushioned Seating","Client-rendered Product + Offer + Breadcrumb + global FurnitureStore","Breadcrumb to Sofas; related products; WhatsApp; phone; map","Raw HTML is homepage shell/canonical until JS; long title (82 chars); thin unique product content (~40 words); availability claim requires update ownership; Product/Offer and global FurnitureStore schema are client-only and may contain unsupported fields","Verify source/rights/facts; apply product quality gate; prerender; add unique dimensions, room fit, material, care, delivery/access and image metadata; condition Offer","P1 quality review"
"https://luckyinteriorsfurniture.com/products/modern-round-wooden-coffee-table-with-storage-shelf","product","Indexable after JS; raw HTML canonical points to homepage; quality approval recommended","200","https://luckyinteriorsfurniture.com/products/modern-round-wooden-coffee-table-with-storage-shelf","Modern Round Wooden Coffee Table with Storage Shelf | Lucky Interiors Furniture","Enhance your living room with this modern round wooden coffee table featuring a stylish design and practical storage shelf. Perfect for contemporary homes....","Modern Round Wooden Coffee Table with Storage Shelf","Details and specifications; Highlights; Construction; Related Products; Visit the store","Approximately 49 product-specific words plus shared template copy","Modern Round Wooden Coffee Table with Storage Shelf","Client-rendered Product + Offer + Breadcrumb + global FurnitureStore","Breadcrumb to Centre Tables; related products; WhatsApp; phone; map","Raw HTML is homepage shell/canonical until JS; long title (79 chars); thin unique product content (~49 words); availability claim requires update ownership; Product/Offer and global FurnitureStore schema are client-only and may contain unsupported fields","Verify source/rights/facts; apply product quality gate; prerender; add unique dimensions, room fit, material, care, delivery/access and image metadata; condition Offer","P1 quality review"
"https://luckyinteriorsfurniture.com/products/modern-solid-wood-sofa-set-3211-seater-with-cushions","product","Indexable after JS; raw HTML canonical points to homepage; quality approval recommended","200","https://luckyinteriorsfurniture.com/products/modern-solid-wood-sofa-set-3211-seater-with-cushions","Modern Solid Wood Sofa Set (3+2+1+1 Seater) with Cushions | Lucky Interiors Furniture","Upgrade your living room with this modern solid wood sofa set featuring comfortable cushions and a stylish design. Perfect for elegant and spacious homes....","Modern Solid Wood Sofa Set (3+2+1+1 Seater) with Cushions","Details and specifications; Highlights; Construction; Related Products; Visit the store","Approximately 42 product-specific words plus shared template copy","Modern Solid Wood Sofa Set (3+2+1+1 Seater) with Cushions","Client-rendered Product + Offer + Breadcrumb + global FurnitureStore","Breadcrumb to Sofas; related products; WhatsApp; phone; map","Raw HTML is homepage shell/canonical until JS; long title (85 chars); thin unique product content (~42 words); availability claim requires update ownership; Product/Offer and global FurnitureStore schema are client-only and may contain unsupported fields","Verify source/rights/facts; apply product quality gate; prerender; add unique dimensions, room fit, material, care, delivery/access and image metadata; condition Offer","P1 quality review"
"https://luckyinteriorsfurniture.com/products/designer-wooden-center-table-with-glass-top-cushioned-stools","product","Indexable after JS; raw HTML canonical points to homepage; quality approval recommended","200","https://luckyinteriorsfurniture.com/products/designer-wooden-center-table-with-glass-top-cushioned-stools","Designer Wooden Center Table with Glass Top & Cushioned Stools | Lucky Interiors Furniture","Upgrade your living room with this designer wooden center table featuring a premium glass top and matching cushioned stools. Perfect for modern and elegant...","Designer Wooden Center Table with Glass Top & Cushioned Stools","Details and specifications; Highlights; Construction; Related Products; Visit the store","Approximately 45 product-specific words plus shared template copy","Designer Wooden Center Table with Glass Top & Cushioned Stools","Client-rendered Product + Offer + Breadcrumb + global FurnitureStore","Breadcrumb to Centre Tables; related products; WhatsApp; phone; map","Raw HTML is homepage shell/canonical until JS; long title (90 chars); thin unique product content (~45 words); availability claim requires update ownership; Product/Offer and global FurnitureStore schema are client-only and may contain unsupported fields","Verify source/rights/facts; apply product quality gate; prerender; add unique dimensions, room fit, material, care, delivery/access and image metadata; condition Offer","P1 quality review"
"https://luckyinteriorsfurniture.com/products/designer-solid-wood-double-bed-with-side-tables","product","Indexable after JS; raw HTML canonical points to homepage; quality approval recommended","200","https://luckyinteriorsfurniture.com/products/designer-solid-wood-double-bed-with-side-tables","Designer Solid Wood Double Bed with Side Tables | Lucky Interiors Furniture","Upgrade your bedroom with this designer solid wood double bed featuring an artistic headboard and matching side tables. Perfect for modern and luxury homes...","Designer Solid Wood Double Bed with Side Tables","Details and specifications; Highlights; Construction; Related Products; Visit the store","Approximately 41 product-specific words plus shared template copy","Designer Solid Wood Double Bed with Side Tables","Client-rendered Product + Offer + Breadcrumb + global FurnitureStore","Breadcrumb to Beds; related products; WhatsApp; phone; map","Raw HTML is homepage shell/canonical until JS; long title (75 chars); thin unique product content (~41 words); availability claim requires update ownership; Product/Offer and global FurnitureStore schema are client-only and may contain unsupported fields","Verify source/rights/facts; apply product quality gate; prerender; add unique dimensions, room fit, material, care, delivery/access and image metadata; condition Offer","P1 quality review"
"https://luckyinteriorsfurniture.com/products/modern-solid-wood-6-seater-dining-table-set-with-cushioned-chairs","product","Indexable after JS; raw HTML canonical points to homepage; quality approval recommended","200","https://luckyinteriorsfurniture.com/products/modern-solid-wood-6-seater-dining-table-set-with-cushioned-chairs","Modern Solid Wood 6-Seater Dining Table Set with Cushioned Chairs | Lucky Interiors Furniture","Upgrade your dining space with this elegant solid wood 6-seater dining table set featuring cushioned chairs and a premium finish. Perfect for modern homes...","Modern Solid Wood 6-Seater Dining Table Set with Cushioned Chairs","Details and specifications; Highlights; Construction; Related Products; Visit the store","Approximately 47 product-specific words plus shared template copy","Modern Solid Wood 6-Seater Dining Table Set with Cushioned Chairs","Client-rendered Product + Offer + Breadcrumb + global FurnitureStore","Breadcrumb to Dining Sets; related products; WhatsApp; phone; map","Raw HTML is homepage shell/canonical until JS; long title (93 chars); thin unique product content (~47 words); availability claim requires update ownership; Product/Offer and global FurnitureStore schema are client-only and may contain unsupported fields","Verify source/rights/facts; apply product quality gate; prerender; add unique dimensions, room fit, material, care, delivery/access and image metadata; condition Offer","P1 quality review"
"https://luckyinteriorsfurniture.com/products/designer-wooden-daybed-sofa-with-decorative-tile-work","product","Indexable after JS; raw HTML canonical points to homepage; quality approval recommended","200","https://luckyinteriorsfurniture.com/products/designer-wooden-daybed-sofa-with-decorative-tile-work","Designer Wooden Daybed Sofa with Decorative Tile Work | Lucky Interiors Furniture","Add a traditional yet stylish touch to your living space with this designer wooden daybed sofa featuring colorful decorative tile work and comfortable seat...","Designer Wooden Daybed Sofa with Decorative Tile Work","Details and specifications; Highlights; Construction; Related Products; Visit the store","Approximately 56 product-specific words plus shared template copy","Designer Wooden Daybed Sofa with Decorative Tile Work","Client-rendered Product + Offer + Breadcrumb + global FurnitureStore","Breadcrumb to Sofas; related products; WhatsApp; phone; map","Raw HTML is homepage shell/canonical until JS; long title (81 chars); thin unique product content (~56 words); availability claim requires update ownership; Product/Offer and global FurnitureStore schema are client-only and may contain unsupported fields","Verify source/rights/facts; apply product quality gate; prerender; add unique dimensions, room fit, material, care, delivery/access and image metadata; condition Offer","P1 quality review"
"https://luckyinteriorsfurniture.com/products/modern-wooden-center-table-with-hidden-cushioned-stools","product","Indexable after JS; raw HTML canonical points to homepage; quality approval recommended","200","https://luckyinteriorsfurniture.com/products/modern-wooden-center-table-with-hidden-cushioned-stools","Modern Wooden Center Table with Hidden Cushioned Stools | Lucky Interiors Furniture","Upgrade your living room with this modern wooden center table featuring hidden cushioned stools and a smart space-saving design. Perfect for stylish homes....","Modern Wooden Center Table with Hidden Cushioned Stools","Details and specifications; Highlights; Construction; Related Products; Visit the store","Approximately 41 product-specific words plus shared template copy","Modern Wooden Center Table with Hidden Cushioned Stools","Client-rendered Product + Offer + Breadcrumb + global FurnitureStore","Breadcrumb to Centre Tables; related products; WhatsApp; phone; map","Raw HTML is homepage shell/canonical until JS; long title (83 chars); thin unique product content (~41 words); availability claim requires update ownership; Product/Offer and global FurnitureStore schema are client-only and may contain unsupported fields","Verify source/rights/facts; apply product quality gate; prerender; add unique dimensions, room fit, material, care, delivery/access and image metadata; condition Offer","P1 quality review"
"https://luckyinteriorsfurniture.com/products/premium-solid-wood-double-bed-with-modern-headboard","product","Indexable after JS; raw HTML canonical points to homepage; quality approval recommended","200","https://luckyinteriorsfurniture.com/products/premium-solid-wood-double-bed-with-modern-headboard","Premium Solid Wood Double Bed with Modern Headboard | Lucky Interiors Furniture","Add elegance and durability to your bedroom with this premium solid wood double bed featuring a modern headboard design and strong wooden frame. Perfect fo...","Premium Solid Wood Double Bed with Modern Headboard","Details and specifications; Highlights; Construction; Related Products; Visit the store","Approximately 51 product-specific words plus shared template copy","Premium Solid Wood Double Bed with Modern Headboard","Client-rendered Product + Offer + Breadcrumb + global FurnitureStore","Breadcrumb to Beds; related products; WhatsApp; phone; map","Raw HTML is homepage shell/canonical until JS; long title (79 chars); thin unique product content (~51 words); availability claim requires update ownership; Product/Offer and global FurnitureStore schema are client-only and may contain unsupported fields","Verify source/rights/facts; apply product quality gate; prerender; add unique dimensions, room fit, material, care, delivery/access and image metadata; condition Offer","P1 quality review"
"https://luckyinteriorsfurniture.com/products/plastic-arm-chair-marble-beige","product","Indexable after JS; raw HTML canonical points to homepage; quality approval recommended","200","https://luckyinteriorsfurniture.com/products/plastic-arm-chair-marble-beige","Plastic Arm Chair (Marble Beige) | Lucky Interiors Furniture","The Plastic Arm Chair (Marble Beige) offers stylish design, comfortable seating, and durable quality, making it perfect for homes, offices, and outdoor spa...","Plastic Arm Chair (Marble Beige)","Details and specifications; Highlights; Construction; Related Products; Visit the store","Approximately 52 product-specific words plus shared template copy","Plastic Arm Chair (Marble Beige)","Client-rendered Product + Offer + Breadcrumb + global FurnitureStore","Breadcrumb to Chairs; related products; WhatsApp; phone; map","Raw HTML is homepage shell/canonical until JS; thin unique product content (~52 words); availability claim requires update ownership; Product/Offer and global FurnitureStore schema are client-only and may contain unsupported fields","Verify source/rights/facts; apply product quality gate; prerender; add unique dimensions, room fit, material, care, delivery/access and image metadata; condition Offer","P1 quality review"
"https://luckyinteriorsfurniture.com/products/solid-wood-antique-dining-table-set-6-seater","product","Indexable after JS; raw HTML canonical points to homepage; quality approval recommended","200","https://luckyinteriorsfurniture.com/products/solid-wood-antique-dining-table-set-6-seater","Solid Wood Antique Dining Table Set – 6 Seater | Lucky Interiors Furniture","Enhance your dining space with this elegant 6 Seater Antique Dining Table Set, crafted from premium solid wood with cushioned chairs. A perfect choice for...","Solid Wood Antique Dining Table Set – 6 Seater","Details and specifications; Highlights; Construction; Related Products; Visit the store","Approximately 50 product-specific words plus shared template copy","Solid Wood Antique Dining Table Set – 6 Seater","Client-rendered Product + Offer + Breadcrumb + global FurnitureStore","Breadcrumb to Dining Sets; related products; WhatsApp; phone; map","Raw HTML is homepage shell/canonical until JS; long title (74 chars); thin unique product content (~50 words); availability claim requires update ownership; Product/Offer and global FurnitureStore schema are client-only and may contain unsupported fields","Verify source/rights/facts; apply product quality gate; prerender; add unique dimensions, room fit, material, care, delivery/access and image metadata; condition Offer","P1 quality review"
"https://luckyinteriorsfurniture.com/products/solid-wood-antique-glass-top-dining-table-set-6-seater","product","Indexable after JS; raw HTML canonical points to homepage; quality approval recommended","200","https://luckyinteriorsfurniture.com/products/solid-wood-antique-glass-top-dining-table-set-6-seater","Solid Wood Antique Glass Top Dining Table Set – 6 Seater | Lucky Interiors Furniture","Upgrade your dining space with this premium Antique Glass Top Dining Table Set – 6 Seater, crafted from solid wood with elegant detailing. A perfect blend...","Solid Wood Antique Glass Top Dining Table Set – 6 Seater","Details and specifications; Highlights; Construction; Related Products; Visit the store","Approximately 53 product-specific words plus shared template copy","Solid Wood Antique Glass Top Dining Table Set – 6 Seater","Client-rendered Product + Offer + Breadcrumb + global FurnitureStore","Breadcrumb to Dining Sets; related products; WhatsApp; phone; map","Raw HTML is homepage shell/canonical until JS; long title (84 chars); thin unique product content (~53 words); availability claim requires update ownership; Product/Offer and global FurnitureStore schema are client-only and may contain unsupported fields","Verify source/rights/facts; apply product quality gate; prerender; add unique dimensions, room fit, material, care, delivery/access and image metadata; condition Offer","P1 quality review"
"https://luckyinteriorsfurniture.com/products/handcrafted-antique-wooden-dining-table-set-4-seater","product","Indexable after JS; raw HTML canonical points to homepage; quality approval recommended","200","https://luckyinteriorsfurniture.com/products/handcrafted-antique-wooden-dining-table-set-4-seater","Handcrafted Antique Wooden Dining Table Set – 4 Seater | Lucky Interiors Furniture","Bring home elegance with this beautifully carved Antique Wooden 4 Seater Dining Table Set, crafted from solid wood. A perfect choice for premium Antique Fu...","Handcrafted Antique Wooden Dining Table Set – 4 Seater","Details and specifications; Highlights; Construction; Related Products; Visit the store","Approximately 47 product-specific words plus shared template copy","Handcrafted Antique Wooden Dining Table Set – 4 Seater","Client-rendered Product + Offer + Breadcrumb + global FurnitureStore","Breadcrumb to Dining Sets; related products; WhatsApp; phone; map","Raw HTML is homepage shell/canonical until JS; long title (82 chars); thin unique product content (~47 words); availability claim requires update ownership; Product/Offer and global FurnitureStore schema are client-only and may contain unsupported fields","Verify source/rights/facts; apply product quality gate; prerender; add unique dimensions, room fit, material, care, delivery/access and image metadata; condition Offer","P1 quality review"
"https://luckyinteriorsfurniture.com/products/antique-solid-wood-6-seater-dining-table-set","product","Indexable after JS; raw HTML canonical points to homepage; quality approval recommended","200","https://luckyinteriorsfurniture.com/products/antique-solid-wood-6-seater-dining-table-set","Antique Solid Wood 6 Seater Dining Table Set | Lucky Interiors Furniture","Upgrade your dining space with this elegant Antique Solid Wood 6 Seater Dining Table Set, featuring a premium glass top and classic carved legs. Perfect ch...","Antique Solid Wood 6 Seater Dining Table Set","Details and specifications; Highlights; Construction; Related Products; Visit the store","Approximately 51 product-specific words plus shared template copy","Antique Solid Wood 6 Seater Dining Table Set","Client-rendered Product + Offer + Breadcrumb + global FurnitureStore","Breadcrumb to Dining Sets; related products; WhatsApp; phone; map","Raw HTML is homepage shell/canonical until JS; long title (72 chars); thin unique product content (~51 words); availability claim requires update ownership; Product/Offer and global FurnitureStore schema are client-only and may contain unsupported fields","Verify source/rights/facts; apply product quality gate; prerender; add unique dimensions, room fit, material, care, delivery/access and image metadata; condition Offer","P1 quality review"
"https://luckyinteriorsfurniture.com/products/antique-wooden-center-table-with-4-stools-vintage-sheesham-furniture-set","product","Indexable after JS; raw HTML canonical points to homepage; quality approval recommended","200","https://luckyinteriorsfurniture.com/products/antique-wooden-center-table-with-4-stools-vintage-sheesham-furniture-set","Antique Wooden Center Table with 4 Stools – Vintage Sheesham Furniture Set | Lucky Interiors Furniture","Enhance your living space with this beautifully handcrafted Antique Wooden Center Table Set featuring 4 matching stools. Made from premium Sheesham wood wi...","Antique Wooden Center Table with 4 Stools – Vintage Sheesham Furniture Set","Details and specifications; Highlights; Construction; Related Products; Visit the store","Approximately 62 product-specific words plus shared template copy","Antique Wooden Center Table with 4 Stools – Vintage Sheesham Furniture Set","Client-rendered Product + Offer + Breadcrumb + global FurnitureStore","Breadcrumb to Centre Tables; related products; WhatsApp; phone; map","Raw HTML is homepage shell/canonical until JS; long title (102 chars); thin unique product content (~62 words); availability claim requires update ownership; Product/Offer and global FurnitureStore schema are client-only and may contain unsupported fields","Verify source/rights/facts; apply product quality gate; prerender; add unique dimensions, room fit, material, care, delivery/access and image metadata; condition Offer","P1 quality review"
"https://luckyinteriorsfurniture.com/products/antique-solid-wood-4-seater-dining-table-set-vintage-wooden-furniture","product","Indexable after JS; raw HTML canonical points to homepage; quality approval recommended","200","https://luckyinteriorsfurniture.com/products/antique-solid-wood-4-seater-dining-table-set-vintage-wooden-furniture","Antique Solid Wood 4 Seater Dining Table Set – Vintage Wooden Furniture | Lucky Interiors Furniture","Enhance your dining space with this elegant Antique Solid Wood 4 Seater Dining Table Set. Crafted with premium wood and a rich finish, this Vintage Furnitu...","Antique Solid Wood 4 Seater Dining Table Set – Vintage Wooden Furniture","Details and specifications; Highlights; Construction; Related Products; Visit the store","Approximately 56 product-specific words plus shared template copy","Antique Solid Wood 4 Seater Dining Table Set – Vintage Wooden Furniture","Client-rendered Product + Offer + Breadcrumb + global FurnitureStore","Breadcrumb to Dining Sets; related products; WhatsApp; phone; map","Raw HTML is homepage shell/canonical until JS; long title (99 chars); thin unique product content (~56 words); availability claim requires update ownership; Product/Offer and global FurnitureStore schema are client-only and may contain unsupported fields","Verify source/rights/facts; apply product quality gate; prerender; add unique dimensions, room fit, material, care, delivery/access and image metadata; condition Offer","P1 quality review"
"https://luckyinteriorsfurniture.com/products/antique-solid-wood-center-table-with-glass-top-vintage-coffee-table","product","Indexable after JS; raw HTML canonical points to homepage; quality approval recommended","200","https://luckyinteriorsfurniture.com/products/antique-solid-wood-center-table-with-glass-top-vintage-coffee-table","Antique Solid Wood Center Table with Glass Top – Vintage Coffee Table | Lucky Interiors Furniture","Enhance your living room with this elegant Antique Solid Wood Center Table featuring a stylish glass insert. A premium Vintage Furniture piece designed for...","Antique Solid Wood Center Table with Glass Top – Vintage Coffee Table","Details and specifications; Highlights; Construction; Related Products; Visit the store","Approximately 51 product-specific words plus shared template copy","Antique Solid Wood Center Table with Glass Top – Vintage Coffee Table","Client-rendered Product + Offer + Breadcrumb + global FurnitureStore","Breadcrumb to Centre Tables; related products; WhatsApp; phone; map","Raw HTML is homepage shell/canonical until JS; long title (97 chars); thin unique product content (~51 words); availability claim requires update ownership; Product/Offer and global FurnitureStore schema are client-only and may contain unsupported fields","Verify source/rights/facts; apply product quality gate; prerender; add unique dimensions, room fit, material, care, delivery/access and image metadata; condition Offer","P1 quality review"
"https://luckyinteriorsfurniture.com/products/antique-solid-wood-4-seater-dining-table-set-vintage-wooden-dining-set","product","Indexable after JS; raw HTML canonical points to homepage; quality approval recommended","200","https://luckyinteriorsfurniture.com/products/antique-solid-wood-4-seater-dining-table-set-vintage-wooden-dining-set","Antique Solid Wood 4 Seater Dining Table Set – Vintage Wooden Dining Set | Lucky Interiors Furniture","Upgrade your dining space with this premium Antique Solid Wood 4 Seater Dining Table Set. A durable and elegant Vintage Furniture piece designed for everyd...","Antique Solid Wood 4 Seater Dining Table Set – Vintage Wooden Dining Set","Details and specifications; Highlights; Construction; Related Products; Visit the store","Approximately 52 product-specific words plus shared template copy","Antique Solid Wood 4 Seater Dining Table Set – Vintage Wooden Dining Set","Client-rendered Product + Offer + Breadcrumb + global FurnitureStore","Breadcrumb to Dining Sets; related products; WhatsApp; phone; map","Raw HTML is homepage shell/canonical until JS; long title (100 chars); thin unique product content (~52 words); availability claim requires update ownership; Product/Offer and global FurnitureStore schema are client-only and may contain unsupported fields","Verify source/rights/facts; apply product quality gate; prerender; add unique dimensions, room fit, material, care, delivery/access and image metadata; condition Offer","P1 quality review"
"https://luckyinteriorsfurniture.com/products/antique-solid-wood-double-bed-vintage-wooden-bed","product","Indexable after JS; raw HTML canonical points to homepage; quality approval recommended","200","https://luckyinteriorsfurniture.com/products/antique-solid-wood-double-bed-vintage-wooden-bed","Antique Solid Wood Double Bed – Vintage Wooden Bed | Lucky Interiors Furniture","Enhance your bedroom with this elegant Antique Solid Wood Double Bed. A premium Vintage Furniture piece designed for durability, comfort, and timeless styl...","Antique Solid Wood Double Bed – Vintage Wooden Bed","Details and specifications; Highlights; Construction; Related Products; Visit the store","Approximately 50 product-specific words plus shared template copy","Antique Solid Wood Double Bed – Vintage Wooden Bed","Client-rendered Product + Offer + Breadcrumb + global FurnitureStore","Breadcrumb to Beds; related products; WhatsApp; phone; map","Raw HTML is homepage shell/canonical until JS; long title (78 chars); thin unique product content (~50 words); availability claim requires update ownership; Product/Offer and global FurnitureStore schema are client-only and may contain unsupported fields","Verify source/rights/facts; apply product quality gate; prerender; add unique dimensions, room fit, material, care, delivery/access and image metadata; condition Offer","P1 quality review"
"https://luckyinteriorsfurniture.com/products/premium-solid-wood-4-seater-dining-table-set","product","Indexable after JS; raw HTML canonical points to homepage; quality approval recommended","200","https://luckyinteriorsfurniture.com/products/premium-solid-wood-4-seater-dining-table-set","Premium Solid Wood 4-Seater Dining Table Set | Lucky Interiors Furniture","Upgrade your dining space with this elegant solid wood 4-seater dining table set. Designed with a modern striped wooden finish and high-back chairs, it add...","Premium Solid Wood 4-Seater Dining Table Set","Details and specifications; Highlights; Construction; Related Products; Visit the store","Approximately 48 product-specific words plus shared template copy","Premium Solid Wood 4-Seater Dining Table Set","Client-rendered Product + Offer + Breadcrumb + global FurnitureStore","Breadcrumb to Dining Sets; related products; WhatsApp; phone; map","Raw HTML is homepage shell/canonical until JS; long title (72 chars); thin unique product content (~48 words); availability claim requires update ownership; Product/Offer and global FurnitureStore schema are client-only and may contain unsupported fields","Verify source/rights/facts; apply product quality gate; prerender; add unique dimensions, room fit, material, care, delivery/access and image metadata; condition Offer","P1 quality review"
"https://luckyinteriorsfurniture.com/products/premium-wooden-rocking-chair-with-cushioned-seat","product","Indexable after JS; raw HTML canonical points to homepage; quality approval recommended","200","https://luckyinteriorsfurniture.com/products/premium-wooden-rocking-chair-with-cushioned-seat","Premium Wooden Rocking Chair with Cushioned Seat | Lucky Interiors Furniture","Relax in style with this premium wooden rocking chair featuring a soft cushioned seat and sturdy solid wood frame. Perfect for homes looking for comfort an...","Premium Wooden Rocking Chair with Cushioned Seat","Details and specifications; Highlights; Construction; Related Products; Visit the store","Approximately 43 product-specific words plus shared template copy","Premium Wooden Rocking Chair with Cushioned Seat","Client-rendered Product + Offer + Breadcrumb + global FurnitureStore","Breadcrumb to Chairs; related products; WhatsApp; phone; map","Raw HTML is homepage shell/canonical until JS; long title (76 chars); thin unique product content (~43 words); availability claim requires update ownership; Product/Offer and global FurnitureStore schema are client-only and may contain unsupported fields","Verify source/rights/facts; apply product quality gate; prerender; add unique dimensions, room fit, material, care, delivery/access and image metadata; condition Offer","P1 quality review"
"https://luckyinteriorsfurniture.com/products/premium-solid-wood-open-bookshelf-with-storage-cabinet","product","Indexable after JS; raw HTML canonical points to homepage; quality approval recommended","200","https://luckyinteriorsfurniture.com/products/premium-solid-wood-open-bookshelf-with-storage-cabinet","Premium Solid Wood Open Bookshelf with Storage Cabinet | Lucky Interiors Furniture","Organize your space with this elegant solid wood open bookshelf featuring multiple shelves and a bottom storage cabinet. Perfect for modern homes and offic...","Premium Solid Wood Open Bookshelf with Storage Cabinet","Details and specifications; Highlights; Construction; Related Products; Visit the store","Approximately 44 product-specific words plus shared template copy","Premium Solid Wood Open Bookshelf with Storage Cabinet","Client-rendered Product + Offer + Breadcrumb + global FurnitureStore","Breadcrumb to TV Unit & Cabinets; related products; WhatsApp; phone; map","Raw HTML is homepage shell/canonical until JS; long title (82 chars); thin unique product content (~44 words); availability claim requires update ownership; Product/Offer and global FurnitureStore schema are client-only and may contain unsupported fields","Verify source/rights/facts; apply product quality gate; prerender; add unique dimensions, room fit, material, care, delivery/access and image metadata; condition Offer","P1 quality review"
"https://luckyinteriorsfurniture.com/products/premium-solid-wood-dressing-table-with-mirror-storage-cabinet","product","Indexable after JS; raw HTML canonical points to homepage; quality approval recommended","200","https://luckyinteriorsfurniture.com/products/premium-solid-wood-dressing-table-with-mirror-storage-cabinet","Premium Solid Wood Dressing Table with Mirror & Storage Cabinet | Lucky Interiors Furniture","Enhance your bedroom with this elegant solid wood dressing table featuring a full-size mirror and spacious storage cabinet. Perfect for modern homes lookin...","Premium Solid Wood Dressing Table with Mirror & Storage Cabinet","Details and specifications; Highlights; Construction; Related Products; Visit the store","Approximately 60 product-specific words plus shared template copy","Premium Solid Wood Dressing Table with Mirror & Storage Cabinet","Client-rendered Product + Offer + Breadcrumb + global FurnitureStore","Breadcrumb to Dressing Tables; related products; WhatsApp; phone; map","Raw HTML is homepage shell/canonical until JS; long title (91 chars); thin unique product content (~60 words); availability claim requires update ownership; Product/Offer and global FurnitureStore schema are client-only and may contain unsupported fields","Verify source/rights/facts; apply product quality gate; prerender; add unique dimensions, room fit, material, care, delivery/access and image metadata; condition Offer","P1 quality review"
"https://luckyinteriorsfurniture.com/products/antique-solid-wood-four-poster-bed","product","Indexable after JS; raw HTML canonical points to homepage; quality approval recommended","200","https://luckyinteriorsfurniture.com/products/antique-solid-wood-four-poster-bed","Antique Solid Wood Four Poster Bed | Lucky Interiors Furniture","Enhance your bedroom with this majestic Antique Solid Wood Four Poster Bed, crafted with detailed panel work and classic pillar design. A perfect choice fo...","Antique Solid Wood Four Poster Bed","Details and specifications; Highlights; Construction; Related Products; Visit the store","Approximately 46 product-specific words plus shared template copy","Antique Solid Wood Four Poster Bed","Client-rendered Product + Offer + Breadcrumb + global FurnitureStore","Breadcrumb to Beds; related products; WhatsApp; phone; map","Raw HTML is homepage shell/canonical until JS; long title (62 chars); thin unique product content (~46 words); availability claim requires update ownership; Product/Offer and global FurnitureStore schema are client-only and may contain unsupported fields","Verify source/rights/facts; apply product quality gate; prerender; add unique dimensions, room fit, material, care, delivery/access and image metadata; condition Offer","P1 quality review"
"https://luckyinteriorsfurniture.com/products/antique-vintage-royal-carved-wooden-bed","product","Indexable after JS; raw HTML canonical points to homepage; quality approval recommended","200","https://luckyinteriorsfurniture.com/products/antique-vintage-royal-carved-wooden-bed","Antique Vintage Royal Carved Wooden Bed | Lucky Interiors Furniture","Enhance your bedroom with this antique vintage wooden bed featuring traditional carved detailing and premium solid wood construction. A perfect blend of an...","Antique Vintage Royal Carved Wooden Bed","Details and specifications; Highlights; Construction; Related Products; Visit the store","Approximately 47 product-specific words plus shared template copy","Antique Vintage Royal Carved Wooden Bed","Client-rendered Product + Offer + Breadcrumb + global FurnitureStore","Breadcrumb to Beds; related products; WhatsApp; phone; map","Raw HTML is homepage shell/canonical until JS; long title (67 chars); thin unique product content (~47 words); availability claim requires update ownership; Product/Offer and global FurnitureStore schema are client-only and may contain unsupported fields","Verify source/rights/facts; apply product quality gate; prerender; add unique dimensions, room fit, material, care, delivery/access and image metadata; condition Offer","P1 quality review"
"https://luckyinteriorsfurniture.com/products/antique-vintage-wooden-dining-table-set","product","Indexable after JS; raw HTML canonical points to homepage; quality approval recommended","200","https://luckyinteriorsfurniture.com/products/antique-vintage-wooden-dining-table-set","Antique Vintage Wooden Dining Table Set | Lucky Interiors Furniture","Enhance your dining space with this beautifully crafted Antique Vintage Wooden Dining Table Set. Designed with elegant carvings, premium wood finish, and c...","Antique Vintage Wooden Dining Table Set","Details and specifications; Highlights; Construction; Related Products; Visit the store","Approximately 70 product-specific words plus shared template copy","Antique Vintage Wooden Dining Table Set","Client-rendered Product + Offer + Breadcrumb + global FurnitureStore","Breadcrumb to Dining Sets; related products; WhatsApp; phone; map","Raw HTML is homepage shell/canonical until JS; long title (67 chars); thin unique product content (~70 words); availability claim requires update ownership; Product/Offer and global FurnitureStore schema are client-only and may contain unsupported fields","Verify source/rights/facts; apply product quality gate; prerender; add unique dimensions, room fit, material, care, delivery/access and image metadata; condition Offer","P1 quality review"
"https://luckyinteriorsfurniture.com/products/classic-wooden-4-seater-dining-table-set","product","Indexable after JS; raw HTML canonical points to homepage; quality approval recommended","200","https://luckyinteriorsfurniture.com/products/classic-wooden-4-seater-dining-table-set","Classic Wooden 4 Seater Dining Table Set | Lucky Interiors Furniture","Upgrade your dining space with this elegant Classic Wooden 4 Seater Dining Table Set. Designed with a strong solid wood structure and comfortable cushioned...","Classic Wooden 4 Seater Dining Table Set","Details and specifications; Highlights; Construction; Related Products; Visit the store","Approximately 68 product-specific words plus shared template copy","Classic Wooden 4 Seater Dining Table Set","Client-rendered Product + Offer + Breadcrumb + global FurnitureStore","Breadcrumb to Dining Sets; related products; WhatsApp; phone; map","Raw HTML is homepage shell/canonical until JS; long title (68 chars); thin unique product content (~68 words); availability claim requires update ownership; Product/Offer and global FurnitureStore schema are client-only and may contain unsupported fields","Verify source/rights/facts; apply product quality gate; prerender; add unique dimensions, room fit, material, care, delivery/access and image metadata; condition Offer","P1 quality review"
"https://luckyinteriorsfurniture.com/products/antique-vintage-solid-wood-dining-table-set-4-seater","product","Indexable after JS; raw HTML canonical points to homepage; quality approval recommended","200","https://luckyinteriorsfurniture.com/products/antique-vintage-solid-wood-dining-table-set-4-seater","Antique Vintage Solid Wood Dining Table Set (4 Seater) | Lucky Interiors Furniture","Upgrade your dining space with this antique vintage solid wood dining table set featuring elegant handcrafted detailing and comfortable seating. A premium...","Antique Vintage Solid Wood Dining Table Set (4 Seater)","Details and specifications; Highlights; Construction; Related Products; Visit the store","Approximately 48 product-specific words plus shared template copy","Antique Vintage Solid Wood Dining Table Set (4 Seater)","Client-rendered Product + Offer + Breadcrumb + global FurnitureStore","Breadcrumb to Dining Sets; related products; WhatsApp; phone; map","Raw HTML is homepage shell/canonical until JS; long title (82 chars); thin unique product content (~48 words); availability claim requires update ownership; Product/Offer and global FurnitureStore schema are client-only and may contain unsupported fields","Verify source/rights/facts; apply product quality gate; prerender; add unique dimensions, room fit, material, care, delivery/access and image metadata; condition Offer","P1 quality review"
"https://luckyinteriorsfurniture.com/products/prise-executive-office-chair","product","Indexable after JS; raw HTML canonical points to homepage; quality approval recommended","200","https://luckyinteriorsfurniture.com/products/prise-executive-office-chair","Prise Executive Office Chair | Lucky Interiors Furniture","Comfortable and stylish Prise executive chair with ergonomic design and premium cushioning—ideal for office cabins and home workspaces. Material: Ask for m...","Prise Executive Office Chair","Details and specifications; Highlights; Construction; Related Products; Visit the store","Approximately 36 product-specific words plus shared template copy","Prise Executive Office Chair","Client-rendered Product + Offer + Breadcrumb + global FurnitureStore","Breadcrumb to Office Furniture; related products; WhatsApp; phone; map","Raw HTML is homepage shell/canonical until JS; thin unique product content (~36 words); material requires verification; availability claim requires update ownership; Product/Offer and global FurnitureStore schema are client-only and may contain unsupported fields","Verify source/rights/facts; apply product quality gate; prerender; add unique dimensions, room fit, material, care, delivery/access and image metadata; condition Offer","P1 quality review"
"https://luckyinteriorsfurniture.com/products/diana-boss-executive-office-chair-imported-pc","product","Indexable after JS; raw HTML canonical points to homepage; quality approval recommended","200","https://luckyinteriorsfurniture.com/products/diana-boss-executive-office-chair-imported-pc","Diana Boss Executive Office Chair (Imported PC) | Lucky Interiors Furniture","Luxury Diana Boss chair with ergonomic high-back design and premium imported PC build—ideal for executive offices and home workspaces. Material: Ask for ma...","Diana Boss Executive Office Chair (Imported PC)","Details and specifications; Highlights; Construction; Related Products; Visit the store","Approximately 40 product-specific words plus shared template copy","Diana Boss Executive Office Chair (Imported PC)","Client-rendered Product + Offer + Breadcrumb + global FurnitureStore","Breadcrumb to Office Furniture; related products; WhatsApp; phone; map","Raw HTML is homepage shell/canonical until JS; long title (75 chars); thin unique product content (~40 words); material requires verification; availability claim requires update ownership; Product/Offer and global FurnitureStore schema are client-only and may contain unsupported fields","Verify source/rights/facts; apply product quality gate; prerender; add unique dimensions, room fit, material, care, delivery/access and image metadata; condition Offer","P1 quality review"
"https://luckyinteriorsfurniture.com/products/linea-boss-executive-office-chair-imported-pc","product","Indexable after JS; raw HTML canonical points to homepage; quality approval recommended","200","https://luckyinteriorsfurniture.com/products/linea-boss-executive-office-chair-imported-pc","Linea Boss Executive Office Chair (Imported PC) | Lucky Interiors Furniture","Luxury Linea Boss executive chair with premium cushioning and ergonomic design—ideal for offices, cabins, and home workspaces. Material: Ask for material d...","Linea Boss Executive Office Chair (Imported PC)","Details and specifications; Highlights; Construction; Related Products; Visit the store","Approximately 38 product-specific words plus shared template copy","Linea Boss Executive Office Chair (Imported PC)","Client-rendered Product + Offer + Breadcrumb + global FurnitureStore","Breadcrumb to Office Furniture; related products; WhatsApp; phone; map","Raw HTML is homepage shell/canonical until JS; long title (75 chars); thin unique product content (~38 words); material requires verification; availability claim requires update ownership; Product/Offer and global FurnitureStore schema are client-only and may contain unsupported fields","Verify source/rights/facts; apply product quality gate; prerender; add unique dimensions, room fit, material, care, delivery/access and image metadata; condition Offer","P1 quality review"
"https://luckyinteriorsfurniture.com/products/grevia-outdoor-garden-set-table-4-chairs","product","Indexable after JS; raw HTML canonical points to homepage; quality approval recommended","200","https://luckyinteriorsfurniture.com/products/grevia-outdoor-garden-set-table-4-chairs","Grevia Outdoor Garden Set (Table + 4 Chairs) | Lucky Interiors Furniture","Elegant Grevia outdoor garden set with table and 4 chairs, crafted from durable synthetic wicker—perfect for garden, balcony, terrace, and outdoor seating....","Grevia Outdoor Garden Set (Table + 4 Chairs)","Details and specifications; Highlights; Construction; Related Products; Visit the store","Approximately 44 product-specific words plus shared template copy","Grevia Outdoor Garden Set (Table + 4 Chairs)","Client-rendered Product + Offer + Breadcrumb + global FurnitureStore","Breadcrumb to Outdoor Furniture; related products; WhatsApp; phone; map","Raw HTML is homepage shell/canonical until JS; long title (72 chars); thin unique product content (~44 words); material requires verification; availability claim requires update ownership; Product/Offer and global FurnitureStore schema are client-only and may contain unsupported fields","Verify source/rights/facts; apply product quality gate; prerender; add unique dimensions, room fit, material, care, delivery/access and image metadata; condition Offer","P1 quality review"
"https://luckyinteriorsfurniture.com/products/imported-couple-hanging-swing-chair-5-ft-diameter","product","Indexable after JS; raw HTML canonical points to homepage; quality approval recommended","200","https://luckyinteriorsfurniture.com/products/imported-couple-hanging-swing-chair-5-ft-diameter","Imported Couple Hanging Swing Chair (5 ft Diameter) | Lucky Interiors Furniture","Luxury imported couple swing chair with spacious 5 ft diameter and plush cushions—perfect for balcony, garden, terrace, and relaxation spaces. Material: As...","Imported Couple Hanging Swing Chair (5 ft Diameter)","Details and specifications; Highlights; Construction; Related Products; Visit the store","Approximately 48 product-specific words plus shared template copy","Imported Couple Hanging Swing Chair (5 ft Diameter)","Client-rendered Product + Offer + Breadcrumb + global FurnitureStore","Breadcrumb to Swings; related products; WhatsApp; phone; map","Raw HTML is homepage shell/canonical until JS; long title (79 chars); thin unique product content (~48 words); material requires verification; availability claim requires update ownership; Product/Offer and global FurnitureStore schema are client-only and may contain unsupported fields","Verify source/rights/facts; apply product quality gate; prerender; add unique dimensions, room fit, material, care, delivery/access and image metadata; condition Offer","P1 quality review"
"https://luckyinteriorsfurniture.com/products/2-seater-ms-garden-swing-with-cushioned-seat","product","Indexable after JS; raw HTML canonical points to homepage; quality approval recommended","200","https://luckyinteriorsfurniture.com/products/2-seater-ms-garden-swing-with-cushioned-seat","2-Seater MS Garden Swing with Cushioned Seat | Lucky Interiors Furniture","Durable 2-seater MS garden swing with comfortable cushioned seating—perfect for home, balcony, terrace, and outdoor relaxation. Material: Ask for material...","2-Seater MS Garden Swing with Cushioned Seat","Details and specifications; Highlights; Construction; Related Products; Visit the store","Approximately 36 product-specific words plus shared template copy","2-Seater MS Garden Swing with Cushioned Seat","Client-rendered Product + Offer + Breadcrumb + global FurnitureStore","Breadcrumb to Swings; related products; WhatsApp; phone; map","Raw HTML is homepage shell/canonical until JS; long title (72 chars); thin unique product content (~36 words); material requires verification; availability claim requires update ownership; Product/Offer and global FurnitureStore schema are client-only and may contain unsupported fields","Verify source/rights/facts; apply product quality gate; prerender; add unique dimensions, room fit, material, care, delivery/access and image metadata; condition Offer","P1 quality review"
"https://luckyinteriorsfurniture.com/products/stanly-2-seater-stainless-steel-swing-made-in-india","product","Indexable after JS; raw HTML canonical points to homepage; quality approval recommended","200","https://luckyinteriorsfurniture.com/products/stanly-2-seater-stainless-steel-swing-made-in-india","Stanly 2-Seater Stainless Steel Swing (Made in India) | Lucky Interiors Furniture","Premium 2-seater stainless steel swing made from SS 304 / 316, offering superior strength, durability, and elegant design for indoor and outdoor use. Mater...","Stanly 2-Seater Stainless Steel Swing (Made in India)","Details and specifications; Highlights; Construction; Related Products; Visit the store","Approximately 44 product-specific words plus shared template copy","Stanly 2-Seater Stainless Steel Swing (Made in India)","Client-rendered Product + Offer + Breadcrumb + global FurnitureStore","Breadcrumb to Swings; related products; WhatsApp; phone; map","Raw HTML is homepage shell/canonical until JS; long title (81 chars); thin unique product content (~44 words); material requires verification; availability claim requires update ownership; Product/Offer and global FurnitureStore schema are client-only and may contain unsupported fields","Verify source/rights/facts; apply product quality gate; prerender; add unique dimensions, room fit, material, care, delivery/access and image metadata; condition Offer","P1 quality review"
"https://luckyinteriorsfurniture.com/products/greek-recliner-sofa-imported-motorized-rotating-chair","product","Indexable after JS; raw HTML canonical points to homepage; quality approval recommended","200","https://luckyinteriorsfurniture.com/products/greek-recliner-sofa-imported-motorized-rotating-chair","Greek Recliner Sofa – Imported Motorized Rotating Chair | Lucky Interiors Furniture","The Greek Recliner Sofa is a luxury imported motorized recliner with rechargeable operation and smooth rotating functionality, designed for ultimate comfor...","Greek Recliner Sofa – Imported Motorized Rotating Chair","Details and specifications; Highlights; Construction; Related Products; Visit the store","Approximately 45 product-specific words plus shared template copy","Greek Recliner Sofa – Imported Motorized Rotating Chair","Client-rendered Product + Offer + Breadcrumb + global FurnitureStore","Breadcrumb to Recliners; related products; WhatsApp; phone; map","Raw HTML is homepage shell/canonical until JS; long title (83 chars); thin unique product content (~45 words); material requires verification; availability claim requires update ownership; Product/Offer and global FurnitureStore schema are client-only and may contain unsupported fields","Verify source/rights/facts; apply product quality gate; prerender; add unique dimensions, room fit, material, care, delivery/access and image metadata; condition Offer","P1 quality review"
"https://luckyinteriorsfurniture.com/products/greza-garden-set-lightweight-outdoor-furniture-table-2-chairs","product","Indexable after JS; raw HTML canonical points to homepage; quality approval recommended","200","https://luckyinteriorsfurniture.com/products/greza-garden-set-lightweight-outdoor-furniture-table-2-chairs","Greza Garden Set – Lightweight Outdoor Furniture (Table + 2 Chairs) | Lucky Interiors Furniture","The Greza Garden Set is a lightweight and stylish outdoor furniture set with one table and two chairs, ideal for balconies, gardens, and patios. Material:...","Greza Garden Set – Lightweight Outdoor Furniture (Table + 2 Chairs)","Details and specifications; Highlights; Construction; Related Products; Visit the store","Approximately 49 product-specific words plus shared template copy","Greza Garden Set – Lightweight Outdoor Furniture (Table + 2 Chairs)","Client-rendered Product + Offer + Breadcrumb + global FurnitureStore","Breadcrumb to Outdoor Furniture; related products; WhatsApp; phone; map","Raw HTML is homepage shell/canonical until JS; long title (95 chars); thin unique product content (~49 words); material requires verification; availability claim requires update ownership; Product/Offer and global FurnitureStore schema are client-only and may contain unsupported fields","Verify source/rights/facts; apply product quality gate; prerender; add unique dimensions, room fit, material, care, delivery/access and image metadata; condition Offer","P1 quality review"
"https://luckyinteriorsfurniture.com/products/dixy-garden-set-synthetic-wicker-outdoor-furniture-table-2-chairs","product","Indexable after JS; raw HTML canonical points to homepage; quality approval recommended","200","https://luckyinteriorsfurniture.com/products/dixy-garden-set-synthetic-wicker-outdoor-furniture-table-2-chairs","Dixy Garden Set – Synthetic Wicker Outdoor Furniture (Table + 2 Chairs) | Lucky Interiors Furniture","The Dixy Garden Set features a stylish table with two chairs made from durable synthetic wicker. Perfect for gardens, balconies, and patios. Material: Ask...","Dixy Garden Set – Synthetic Wicker Outdoor Furniture (Table + 2 Chairs)","Details and specifications; Highlights; Construction; Related Products; Visit the store","Approximately 48 product-specific words plus shared template copy","Dixy Garden Set – Synthetic Wicker Outdoor Furniture (Table + 2 Chairs)","Client-rendered Product + Offer + Breadcrumb + global FurnitureStore","Breadcrumb to Outdoor Furniture; related products; WhatsApp; phone; map","Raw HTML is homepage shell/canonical until JS; long title (99 chars); thin unique product content (~48 words); material requires verification; availability claim requires update ownership; Product/Offer and global FurnitureStore schema are client-only and may contain unsupported fields","Verify source/rights/facts; apply product quality gate; prerender; add unique dimensions, room fit, material, care, delivery/access and image metadata; condition Offer","P1 quality review"
"https://luckyinteriorsfurniture.com/products/liza-garden-set-lightweight-outdoor-furniture-table-2-chairs","product","Indexable after JS; raw HTML canonical points to homepage; quality approval recommended","200","https://luckyinteriorsfurniture.com/products/liza-garden-set-lightweight-outdoor-furniture-table-2-chairs","Liza Garden Set – Lightweight Outdoor Furniture (Table + 2 Chairs) | Lucky Interiors Furniture","The Liza Garden Set is a lightweight and stylish outdoor furniture set with one table and two chairs, perfect for balconies, gardens, and patios. Material:...","Liza Garden Set – Lightweight Outdoor Furniture (Table + 2 Chairs)","Details and specifications; Highlights; Construction; Related Products; Visit the store","Approximately 49 product-specific words plus shared template copy","Liza Garden Set – Lightweight Outdoor Furniture (Table + 2 Chairs)","Client-rendered Product + Offer + Breadcrumb + global FurnitureStore","Breadcrumb to Outdoor Furniture; related products; WhatsApp; phone; map","Raw HTML is homepage shell/canonical until JS; long title (94 chars); thin unique product content (~49 words); material requires verification; availability claim requires update ownership; Product/Offer and global FurnitureStore schema are client-only and may contain unsupported fields","Verify source/rights/facts; apply product quality gate; prerender; add unique dimensions, room fit, material, care, delivery/access and image metadata; condition Offer","P1 quality review"
"https://luckyinteriorsfurniture.com/products/orion-garden-set-imported-synthetic-wicker-table-2-chairs","product","Indexable after JS; raw HTML canonical points to homepage; quality approval recommended","200","https://luckyinteriorsfurniture.com/products/orion-garden-set-imported-synthetic-wicker-table-2-chairs","Orion Garden Set – Imported Synthetic Wicker (Table + 2 Chairs) | Lucky Interiors Furniture","The Orion Garden Set is a premium imported synthetic wicker furniture set with one table and two chairs. Perfect for balconies, gardens, and patios, offeri...","Orion Garden Set – Imported Synthetic Wicker (Table + 2 Chairs)","Details and specifications; Highlights; Construction; Related Products; Visit the store","Approximately 55 product-specific words plus shared template copy","Orion Garden Set – Imported Synthetic Wicker (Table + 2 Chairs)","Client-rendered Product + Offer + Breadcrumb + global FurnitureStore","Breadcrumb to Outdoor Furniture; related products; WhatsApp; phone; map","Raw HTML is homepage shell/canonical until JS; long title (91 chars); thin unique product content (~55 words); material requires verification; availability claim requires update ownership; Product/Offer and global FurnitureStore schema are client-only and may contain unsupported fields","Verify source/rights/facts; apply product quality gate; prerender; add unique dimensions, room fit, material, care, delivery/access and image metadata; condition Offer","P1 quality review"
"https://luckyinteriorsfurniture.com/products/sydney-garden-set-imported-synthetic-wicker-table-2-chairs","product","Indexable after JS; raw HTML canonical points to homepage; quality approval recommended","200","https://luckyinteriorsfurniture.com/products/sydney-garden-set-imported-synthetic-wicker-table-2-chairs","Sydney Garden Set – Imported Synthetic Wicker (Table + 2 Chairs) | Lucky Interiors Furniture","The Sydney Garden Set is a stylish imported outdoor furniture set made from premium synthetic wicker. Includes a table and two chairs, perfect for gardens,...","Sydney Garden Set – Imported Synthetic Wicker (Table + 2 Chairs)","Details and specifications; Highlights; Construction; Related Products; Visit the store","Approximately 53 product-specific words plus shared template copy","Sydney Garden Set – Imported Synthetic Wicker (Table + 2 Chairs)","Client-rendered Product + Offer + Breadcrumb + global FurnitureStore","Breadcrumb to Outdoor Furniture; related products; WhatsApp; phone; map","Raw HTML is homepage shell/canonical until JS; long title (92 chars); thin unique product content (~53 words); material requires verification; availability claim requires update ownership; Product/Offer and global FurnitureStore schema are client-only and may contain unsupported fields","Verify source/rights/facts; apply product quality gate; prerender; add unique dimensions, room fit, material, care, delivery/access and image metadata; condition Offer","P1 quality review"
"https://luckyinteriorsfurniture.com/products/sigma-study-table-tall-storage-work-desk","product","Indexable after JS; raw HTML canonical points to homepage; quality approval recommended","200","https://luckyinteriorsfurniture.com/products/sigma-study-table-tall-storage-work-desk","Sigma Study Table – Tall Storage Work Desk | Lucky Interiors Furniture","The Sigma Study Table features a tall, space-efficient design made from durable pre-laminated particle board. Ideal for study or home office use, it offers...","Sigma Study Table – Tall Storage Work Desk","Details and specifications; Highlights; Construction; Related Products; Visit the store","Approximately 72 product-specific words plus shared template copy","Sigma Study Table – Tall Storage Work Desk","Client-rendered Product + Offer + Breadcrumb + global FurnitureStore","Breadcrumb to Study Tables; related products; WhatsApp; phone; map","Raw HTML is homepage shell/canonical until JS; long title (70 chars); thin unique product content (~72 words); material requires verification; availability claim requires update ownership; Product/Offer and global FurnitureStore schema are client-only and may contain unsupported fields","Verify source/rights/facts; apply product quality gate; prerender; add unique dimensions, room fit, material, care, delivery/access and image metadata; condition Offer","P1 quality review"
"https://luckyinteriorsfurniture.com/products/virgo-study-table-premium-laminated-work-desk","product","Indexable after JS; raw HTML canonical points to homepage; quality approval recommended","200","https://luckyinteriorsfurniture.com/products/virgo-study-table-premium-laminated-work-desk","Virgo Study Table – Premium Laminated Work Desk | Lucky Interiors Furniture","The Virgo Study Table is a sleek and durable workspace crafted with 18 mm thick laminated compressed board. Perfect for study or office use, it offers comf...","Virgo Study Table – Premium Laminated Work Desk","Details and specifications; Highlights; Construction; Related Products; Visit the store","Approximately 76 product-specific words plus shared template copy","Virgo Study Table – Premium Laminated Work Desk","Client-rendered Product + Offer + Breadcrumb + global FurnitureStore","Breadcrumb to Study Tables; related products; WhatsApp; phone; map","Raw HTML is homepage shell/canonical until JS; long title (75 chars); thin unique product content (~76 words); material requires verification; availability claim requires update ownership; Product/Offer and global FurnitureStore schema are client-only and may contain unsupported fields","Verify source/rights/facts; apply product quality gate; prerender; add unique dimensions, room fit, material, care, delivery/access and image metadata; condition Offer","P1 quality review"
"https://luckyinteriorsfurniture.com/products/foldable-wooden-working-desk-with-metal-frame","product","Indexable after JS; raw HTML canonical points to homepage; quality approval recommended","200","https://luckyinteriorsfurniture.com/products/foldable-wooden-working-desk-with-metal-frame","Foldable Wooden Working Desk with Metal Frame | Lucky Interiors Furniture","A smart, space-saving foldable working desk featuring a durable wooden top and strong MS metal legs. Ideal for home, office, or study use. Stylish, sturdy,...","Foldable Wooden Working Desk with Metal Frame","Details and specifications; Highlights; Construction; Related Products; Visit the store","Approximately 63 product-specific words plus shared template copy","Foldable Wooden Working Desk with Metal Frame","Client-rendered Product + Offer + Breadcrumb + global FurnitureStore","Breadcrumb to Study Tables; related products; WhatsApp; phone; map","Raw HTML is homepage shell/canonical until JS; long title (73 chars); thin unique product content (~63 words); availability claim requires update ownership; Product/Offer and global FurnitureStore schema are client-only and may contain unsupported fields","Verify source/rights/facts; apply product quality gate; prerender; add unique dimensions, room fit, material, care, delivery/access and image metadata; condition Offer","P1 quality review"
"https://luckyinteriorsfurniture.com/products/oreo-revolving-boss-chair","product","Indexable after JS; raw HTML canonical points to homepage; quality approval recommended","200","https://luckyinteriorsfurniture.com/products/oreo-revolving-boss-chair","OREO REVOLVING BOSS CHAIR | Lucky Interiors Furniture","Experience seamless comfort and modern aesthetics with the Oreo Revolving Boss Chair. This imported office staple features a smooth hydraulic lift and a sy...","OREO REVOLVING BOSS CHAIR","Details and specifications; Highlights; Construction; Related Products; Visit the store","Approximately 62 product-specific words plus shared template copy","OREO REVOLVING BOSS CHAIR","Client-rendered Product + Offer + Breadcrumb + global FurnitureStore","Breadcrumb to Office Furniture; related products; WhatsApp; phone; map","Raw HTML is homepage shell/canonical until JS; thin unique product content (~62 words); material requires verification; availability claim requires update ownership; Product/Offer and global FurnitureStore schema are client-only and may contain unsupported fields","Verify source/rights/facts; apply product quality gate; prerender; add unique dimensions, room fit, material, care, delivery/access and image metadata; condition Offer","P1 quality review"
"https://luckyinteriorsfurniture.com/products/elina-easy-chair","product","Indexable after JS; raw HTML canonical points to homepage; quality approval recommended","200","https://luckyinteriorsfurniture.com/products/elina-easy-chair","ELINA – EASY CHAIR | Lucky Interiors Furniture","This is Sliding and revolving Easy chair Material: Ask for material details. Lucky Interiors Furniture, Mumbai.","ELINA – EASY CHAIR","Details and specifications; Highlights; Construction; Related Products; Visit the store","Approximately 25 product-specific words plus shared template copy","ELINA – EASY CHAIR","Client-rendered Product + Offer + Breadcrumb + global FurnitureStore","Breadcrumb to Office Furniture; related products; WhatsApp; phone; map","Raw HTML is homepage shell/canonical until JS; thin unique product content (~25 words); material requires verification; availability claim requires update ownership; Product/Offer and global FurnitureStore schema are client-only and may contain unsupported fields","Verify source/rights/facts; apply product quality gate; prerender; add unique dimensions, room fit, material, care, delivery/access and image metadata; condition Offer","P1 quality review"
"https://luckyinteriorsfurniture.com/products/dawn-revolving-chair","product","Indexable after JS; raw HTML canonical points to homepage; quality approval recommended","200","https://luckyinteriorsfurniture.com/products/dawn-revolving-chair","DAWN – REVOLVING CHAIR | Lucky Interiors Furniture","Dawn is High back Hydraulic Revolving chair and works great as Boss chair and Executive chair too! Made from high quality P.U Rexine. Material: Ask for mat...","DAWN – REVOLVING CHAIR","Details and specifications; Highlights; Construction; Related Products; Visit the store","Approximately 41 product-specific words plus shared template copy","DAWN – REVOLVING CHAIR","Client-rendered Product + Offer + Breadcrumb + global FurnitureStore","Breadcrumb to Office Furniture; related products; WhatsApp; phone; map","Raw HTML is homepage shell/canonical until JS; thin unique product content (~41 words); material requires verification; availability claim requires update ownership; Product/Offer and global FurnitureStore schema are client-only and may contain unsupported fields","Verify source/rights/facts; apply product quality gate; prerender; add unique dimensions, room fit, material, care, delivery/access and image metadata; condition Offer","P1 quality review"
"https://luckyinteriorsfurniture.com/products/grace-revolving-chair-ofiice-revolving-chair","product","Indexable after JS; raw HTML canonical points to homepage; quality approval recommended","200","https://luckyinteriorsfurniture.com/products/grace-revolving-chair-ofiice-revolving-chair","GRACE – REVOLVING CHAIR | Lucky Interiors Furniture","Add grace to your office with this beautiful yet subtle grey high back revolving chair. Perfect as Boss chair and Executive chair too! Comes with hydraulic...","GRACE – REVOLVING CHAIR","Details and specifications; Highlights; Construction; Related Products; Visit the store","Approximately 46 product-specific words plus shared template copy","GRACE – REVOLVING CHAIR","Client-rendered Product + Offer + Breadcrumb + global FurnitureStore","Breadcrumb to Office Furniture; related products; WhatsApp; phone; map","Raw HTML is homepage shell/canonical until JS; thin unique product content (~46 words); material requires verification; availability claim requires update ownership; Product/Offer and global FurnitureStore schema are client-only and may contain unsupported fields","Verify source/rights/facts; apply product quality gate; prerender; add unique dimensions, room fit, material, care, delivery/access and image metadata; condition Offer","P1 quality review"
"https://luckyinteriorsfurniture.com/products/jean-revolving-chair","product","Indexable after JS; raw HTML canonical points to homepage; quality approval recommended","200","https://luckyinteriorsfurniture.com/products/jean-revolving-chair","JEAN – REVOLVING CHAIR | Lucky Interiors Furniture","Blue is the most calming colour, get this chair to add a sense of calm to your work space. A classy high back revolving chair with hydraulic synchro system...","JEAN – REVOLVING CHAIR","Details and specifications; Highlights; Construction; Related Products; Visit the store","Approximately 62 product-specific words plus shared template copy","JEAN – REVOLVING CHAIR","Client-rendered Product + Offer + Breadcrumb + global FurnitureStore","Breadcrumb to Office Furniture; related products; WhatsApp; phone; map","Raw HTML is homepage shell/canonical until JS; thin unique product content (~62 words); material requires verification; availability claim requires update ownership; Product/Offer and global FurnitureStore schema are client-only and may contain unsupported fields","Verify source/rights/facts; apply product quality gate; prerender; add unique dimensions, room fit, material, care, delivery/access and image metadata; condition Offer","P1 quality review"
"https://luckyinteriorsfurniture.com/products/ron-revolving-chair","product","Indexable after JS; raw HTML canonical points to homepage; quality approval recommended","200","https://luckyinteriorsfurniture.com/products/ron-revolving-chair","RON – REVOLVING CHAIR | Lucky Interiors Furniture","A statement chair for your office, with high back and a trendy colour to liven up your work space. This chair comes with hydraulic synchro system and comfo...","RON – REVOLVING CHAIR","Details and specifications; Highlights; Construction; Related Products; Visit the store","Approximately 50 product-specific words plus shared template copy","RON – REVOLVING CHAIR","Client-rendered Product + Offer + Breadcrumb + global FurnitureStore","Breadcrumb to Office Furniture; related products; WhatsApp; phone; map","Raw HTML is homepage shell/canonical until JS; thin unique product content (~50 words); material requires verification; availability claim requires update ownership; Product/Offer and global FurnitureStore schema are client-only and may contain unsupported fields","Verify source/rights/facts; apply product quality gate; prerender; add unique dimensions, room fit, material, care, delivery/access and image metadata; condition Offer","P1 quality review"
"https://luckyinteriorsfurniture.com/products/renee-revolving-chair","product","Indexable after JS; raw HTML canonical points to homepage; quality approval recommended","200","https://luckyinteriorsfurniture.com/products/renee-revolving-chair","RENEE – REVOLVING CHAIR | Lucky Interiors Furniture","Renaissance office chair is revolving with hydraulic synchro system. This high back chair with an extra soft cushion, makes it more rich looking and also m...","RENEE – REVOLVING CHAIR","Details and specifications; Highlights; Construction; Related Products; Visit the store","Approximately 45 product-specific words plus shared template copy","RENEE – REVOLVING CHAIR","Client-rendered Product + Offer + Breadcrumb + global FurnitureStore","Breadcrumb to Office Furniture; related products; WhatsApp; phone; map","Raw HTML is homepage shell/canonical until JS; thin unique product content (~45 words); material requires verification; availability claim requires update ownership; Product/Offer and global FurnitureStore schema are client-only and may contain unsupported fields","Verify source/rights/facts; apply product quality gate; prerender; add unique dimensions, room fit, material, care, delivery/access and image metadata; condition Offer","P1 quality review"
"https://luckyinteriorsfurniture.com/products/troy-revolving-chair","product","Indexable after JS; raw HTML canonical points to homepage; quality approval recommended","200","https://luckyinteriorsfurniture.com/products/troy-revolving-chair","TROY – REVOLVING CHAIR | Lucky Interiors Furniture","Troy is High back Hydraulic Revolving chair and works great as Boss chair and Executive chair too! Material: Ask for material details. Lucky Interiors Furn...","TROY – REVOLVING CHAIR","Details and specifications; Highlights; Construction; Related Products; Visit the store","Approximately 35 product-specific words plus shared template copy","TROY – REVOLVING CHAIR","Client-rendered Product + Offer + Breadcrumb + global FurnitureStore","Breadcrumb to Office Furniture; related products; WhatsApp; phone; map","Raw HTML is homepage shell/canonical until JS; thin unique product content (~35 words); material requires verification; availability claim requires update ownership; Product/Offer and global FurnitureStore schema are client-only and may contain unsupported fields","Verify source/rights/facts; apply product quality gate; prerender; add unique dimensions, room fit, material, care, delivery/access and image metadata; condition Offer","P1 quality review"
"https://luckyinteriorsfurniture.com/products/serene-garden-set","product","Indexable after JS; raw HTML canonical points to homepage; quality approval recommended","200","https://luckyinteriorsfurniture.com/products/serene-garden-set","SERENE – GARDEN SET | Lucky Interiors Furniture","Serene is made of synthetic wicker material. The item is known as lobby set or garden set. This product is more durable than compared to real cane furnitur...","SERENE – GARDEN SET","Details and specifications; Highlights; Construction; Related Products; Visit the store","Approximately 56 product-specific words plus shared template copy","SERENE – GARDEN SET","Client-rendered Product + Offer + Breadcrumb + global FurnitureStore","Breadcrumb to Outdoor Furniture; related products; WhatsApp; phone; map","Raw HTML is homepage shell/canonical until JS; thin unique product content (~56 words); material requires verification; availability claim requires update ownership; Product/Offer and global FurnitureStore schema are client-only and may contain unsupported fields","Verify source/rights/facts; apply product quality gate; prerender; add unique dimensions, room fit, material, care, delivery/access and image metadata; condition Offer","P1 quality review"
"https://luckyinteriorsfurniture.com/products/dream-garden-set","product","Indexable after JS; raw HTML canonical points to homepage; quality approval recommended","200","https://luckyinteriorsfurniture.com/products/dream-garden-set","Dream – Garden Set | Lucky Interiors Furniture","Get home this classy garden set, looks great indoor and outdoor too! Rust brown colour with cushioned chairs and sofa to provide the optimum comfort to you...","Dream – Garden Set","Details and specifications; Highlights; Construction; Related Products; Visit the store","Approximately 65 product-specific words plus shared template copy","Dream – Garden Set","Client-rendered Product + Offer + Breadcrumb + global FurnitureStore","Breadcrumb to Outdoor Furniture; related products; WhatsApp; phone; map","Raw HTML is homepage shell/canonical until JS; thin unique product content (~65 words); material requires verification; availability claim requires update ownership; Product/Offer and global FurnitureStore schema are client-only and may contain unsupported fields","Verify source/rights/facts; apply product quality gate; prerender; add unique dimensions, room fit, material, care, delivery/access and image metadata; condition Offer","P1 quality review"
"https://luckyinteriorsfurniture.com/products/oval-dining-table","product","Indexable after JS; raw HTML canonical points to homepage; quality approval recommended","200","https://luckyinteriorsfurniture.com/products/oval-dining-table","Oval – Dining table | Lucky Interiors Furniture","Oval is best Latest Designer Dining Table set for the modern look in the dining room with Imported Marble top Dining Table set. This is Exclusive Designer...","Oval – Dining table","Details and specifications; Highlights; Construction; Related Products; Visit the store","Approximately 106 product-specific words plus shared template copy","Oval – Dining table","Client-rendered Product + Offer + Breadcrumb + global FurnitureStore","Breadcrumb to Dining Sets; related products; WhatsApp; phone; map","Raw HTML is homepage shell/canonical until JS; material requires verification; availability claim requires update ownership; Product/Offer and global FurnitureStore schema are client-only and may contain unsupported fields","Verify source/rights/facts; apply product quality gate; prerender; add unique dimensions, room fit, material, care, delivery/access and image metadata; condition Offer","P2"
"https://luckyinteriorsfurniture.com/products/karabi-diningtable-set","product","Indexable after JS; raw HTML canonical points to homepage; quality approval recommended","200","https://luckyinteriorsfurniture.com/products/karabi-diningtable-set","KARABI – DININGTABLE SET | Lucky Interiors Furniture","Karabi is best Latest Designer Dining Table set for the modern look in the dining room with Imported Marble top Dining Table set. This is Exclusive Designe...","KARABI – DININGTABLE SET","Details and specifications; Highlights; Construction; Related Products; Visit the store","Approximately 102 product-specific words plus shared template copy","KARABI – DININGTABLE SET","Client-rendered Product + Offer + Breadcrumb + global FurnitureStore","Breadcrumb to Dining Sets; related products; WhatsApp; phone; map","Raw HTML is homepage shell/canonical until JS; material requires verification; availability claim requires update ownership; Product/Offer and global FurnitureStore schema are client-only and may contain unsupported fields","Verify source/rights/facts; apply product quality gate; prerender; add unique dimensions, room fit, material, care, delivery/access and image metadata; condition Offer","P2"
"https://luckyinteriorsfurniture.com/products/grace-diningtable-set","product","Indexable after JS; raw HTML canonical points to homepage; quality approval recommended","200","https://luckyinteriorsfurniture.com/products/grace-diningtable-set","GRACE – DININGTABLE SET | Lucky Interiors Furniture","Grace is best Latest Designer Dining Table set for the modern look in the dining room with Imported Marble top Dining Table set. This is Exclusive Designer...","GRACE – DININGTABLE SET","Details and specifications; Highlights; Construction; Related Products; Visit the store","Approximately 95 product-specific words plus shared template copy","GRACE – DININGTABLE SET","Client-rendered Product + Offer + Breadcrumb + global FurnitureStore","Breadcrumb to Dining Sets; related products; WhatsApp; phone; map","Raw HTML is homepage shell/canonical until JS; thin unique product content (~95 words); material requires verification; availability claim requires update ownership; Product/Offer and global FurnitureStore schema are client-only and may contain unsupported fields","Verify source/rights/facts; apply product quality gate; prerender; add unique dimensions, room fit, material, care, delivery/access and image metadata; condition Offer","P1 quality review"
"https://luckyinteriorsfurniture.com/products/harlee-garden-set","product","Indexable after JS; raw HTML canonical points to homepage; quality approval recommended","200","https://luckyinteriorsfurniture.com/products/harlee-garden-set","HARLEE – GARDEN SET | Lucky Interiors Furniture","Harlee is Imported furniture made of Synthetic Wicker material best designer set in Outdoor Furniture.. The item is known as Lobby Set or Garden Set or Wic...","HARLEE – GARDEN SET","Details and specifications; Highlights; Construction; Related Products; Visit the store","Approximately 66 product-specific words plus shared template copy","HARLEE – GARDEN SET","Client-rendered Product + Offer + Breadcrumb + global FurnitureStore","Breadcrumb to Outdoor Furniture; related products; WhatsApp; phone; map","Raw HTML is homepage shell/canonical until JS; thin unique product content (~66 words); material requires verification; availability claim requires update ownership; Product/Offer and global FurnitureStore schema are client-only and may contain unsupported fields","Verify source/rights/facts; apply product quality gate; prerender; add unique dimensions, room fit, material, care, delivery/access and image metadata; condition Offer","P1 quality review"
"https://luckyinteriorsfurniture.com/products/fern-office-table","product","Indexable after JS; raw HTML canonical points to homepage; quality approval recommended","200","https://luckyinteriorsfurniture.com/products/fern-office-table","FERN – OFFICE TABLE | Lucky Interiors Furniture","Fern is very unique style of Executive table mainly can be use in Boss cabin or Executive cabin. The main beauty is post forming top with given double thic...","FERN – OFFICE TABLE","Details and specifications; Highlights; Construction; Related Products; Visit the store","Approximately 128 product-specific words plus shared template copy","FERN – OFFICE TABLE","Client-rendered Product + Offer + Breadcrumb + global FurnitureStore","Breadcrumb to Office Furniture; related products; WhatsApp; phone; map","Raw HTML is homepage shell/canonical until JS; availability claim requires update ownership; Product/Offer and global FurnitureStore schema are client-only and may contain unsupported fields","Verify source/rights/facts; apply product quality gate; prerender; add unique dimensions, room fit, material, care, delivery/access and image metadata; condition Offer","P2"
"https://luckyinteriorsfurniture.com/products/willi-gardenset","product","Indexable after JS; raw HTML canonical points to homepage; quality approval recommended","200","https://luckyinteriorsfurniture.com/products/willi-gardenset","WILLI – GARDENSET | Lucky Interiors Furniture","Willi is Imported furniture made of Synthetic Wicker material best designer set in Outdoor Furniture.. The item is known as Lobby Set or Garden Set or Synt...","WILLI – GARDENSET","Details and specifications; Highlights; Construction; Related Products; Visit the store","Approximately 67 product-specific words plus shared template copy","WILLI – GARDENSET","Client-rendered Product + Offer + Breadcrumb + global FurnitureStore","Breadcrumb to Outdoor Furniture; related products; WhatsApp; phone; map","Raw HTML is homepage shell/canonical until JS; thin unique product content (~67 words); material requires verification; availability claim requires update ownership; Product/Offer and global FurnitureStore schema are client-only and may contain unsupported fields","Verify source/rights/facts; apply product quality gate; prerender; add unique dimensions, room fit, material, care, delivery/access and image metadata; condition Offer","P1 quality review"
"https://luckyinteriorsfurniture.com/products/relisa-t-v-unit","product","Indexable after JS; raw HTML canonical points to homepage; quality approval recommended","200","https://luckyinteriorsfurniture.com/products/relisa-t-v-unit","RELISA – T.V.UNIT | Lucky Interiors Furniture","Relisa is Imported T.V.Unit / L.C.D.Unit made of M.D.F. Material, with P.U.Polish , it is known as lower unit for t.v.unit. Material: Ask for material deta...","RELISA – T.V.UNIT","Details and specifications; Highlights; Construction; Related Products; Visit the store","Approximately 67 product-specific words plus shared template copy","RELISA – T.V.UNIT","Client-rendered Product + Offer + Breadcrumb + global FurnitureStore","Breadcrumb to TV Unit & Cabinets; related products; WhatsApp; phone; map","Raw HTML is homepage shell/canonical until JS; thin unique product content (~67 words); material requires verification; availability claim requires update ownership; Product/Offer and global FurnitureStore schema are client-only and may contain unsupported fields","Verify source/rights/facts; apply product quality gate; prerender; add unique dimensions, room fit, material, care, delivery/access and image metadata; condition Offer","P1 quality review"
"https://luckyinteriorsfurniture.com/products/crista-dining-table","product","Indexable after JS; raw HTML canonical points to homepage; quality approval recommended","200","https://luckyinteriorsfurniture.com/products/crista-dining-table","Crista – Dining Table | Lucky Interiors Furniture","Crista is best Latest Designer Dining Table set for the modern look in the dining room with Marble top Imported Dining Table set, also can say latest desig...","Crista – Dining Table","Details and specifications; Highlights; Construction; Related Products; Visit the store","Approximately 95 product-specific words plus shared template copy","Crista – Dining Table","Client-rendered Product + Offer + Breadcrumb + global FurnitureStore","Breadcrumb to Dining Sets; related products; WhatsApp; phone; map","Raw HTML is homepage shell/canonical until JS; thin unique product content (~95 words); material requires verification; availability claim requires update ownership; Product/Offer and global FurnitureStore schema are client-only and may contain unsupported fields","Verify source/rights/facts; apply product quality gate; prerender; add unique dimensions, room fit, material, care, delivery/access and image metadata; condition Offer","P1 quality review"
"https://luckyinteriorsfurniture.com/products/sinova-dining-table","product","Indexable after JS; raw HTML canonical points to homepage; quality approval recommended","200","https://luckyinteriorsfurniture.com/products/sinova-dining-table","Sinova – Dining Table | Lucky Interiors Furniture","Sinova is best Latest Designer Dining Table set for the modern look in the dining room with Imported Marble top Indian Dining Table set. This is Four Seate...","Sinova – Dining Table","Details and specifications; Highlights; Construction; Related Products; Visit the store","Approximately 83 product-specific words plus shared template copy","Sinova – Dining Table","Client-rendered Product + Offer + Breadcrumb + global FurnitureStore","Breadcrumb to Dining Sets; related products; WhatsApp; phone; map","Raw HTML is homepage shell/canonical until JS; thin unique product content (~83 words); availability claim requires update ownership; Product/Offer and global FurnitureStore schema are client-only and may contain unsupported fields","Verify source/rights/facts; apply product quality gate; prerender; add unique dimensions, room fit, material, care, delivery/access and image metadata; condition Offer","P1 quality review"
"https://luckyinteriorsfurniture.com/products/sebi-stool-cafe-furniture","product","Indexable after JS; raw HTML canonical points to homepage; quality approval recommended","200","https://luckyinteriorsfurniture.com/products/sebi-stool-cafe-furniture","SEBI STOOL – CAFE FURNITURE | Lucky Interiors Furniture","Sebi is Imported Hydraulic Bar Stool, Cafe Chair made of matel and cushion in racksine material,. Mainly use in Bar Counter, Reception Area, Restaurant Fur...","SEBI STOOL – CAFE FURNITURE","Details and specifications; Highlights; Construction; Related Products; Visit the store","Approximately 46 product-specific words plus shared template copy","SEBI STOOL – CAFE FURNITURE","Client-rendered Product + Offer + Breadcrumb + global FurnitureStore","Breadcrumb to Chairs; related products; WhatsApp; phone; map","Raw HTML is homepage shell/canonical until JS; thin unique product content (~46 words); material requires verification; availability claim requires update ownership; Product/Offer and global FurnitureStore schema are client-only and may contain unsupported fields","Verify source/rights/facts; apply product quality gate; prerender; add unique dimensions, room fit, material, care, delivery/access and image metadata; condition Offer","P1 quality review"
"https://luckyinteriorsfurniture.com/products/ameo-dining-table","product","Indexable after JS; raw HTML canonical points to homepage; quality approval recommended","200","https://luckyinteriorsfurniture.com/products/ameo-dining-table","Ameo – Dining Table | Lucky Interiors Furniture","‘-Ameo is best Rectangle Dining Table Set for the modern look in the dining room with Artificial Marble top Imported Dining Table set. This is six Seater I...","Ameo – Dining Table","Details and specifications; Highlights; Construction; Related Products; Visit the store","Approximately 98 product-specific words plus shared template copy","Ameo – Dining Table","Client-rendered Product + Offer + Breadcrumb + global FurnitureStore","Breadcrumb to Dining Sets; related products; WhatsApp; phone; map","Raw HTML is homepage shell/canonical until JS; thin unique product content (~98 words); material requires verification; availability claim requires update ownership; Product/Offer and global FurnitureStore schema are client-only and may contain unsupported fields","Verify source/rights/facts; apply product quality gate; prerender; add unique dimensions, room fit, material, care, delivery/access and image metadata; condition Offer","P1 quality review"
"https://luckyinteriorsfurniture.com/products/dazila-garden-set","product","Indexable after JS; raw HTML canonical points to homepage; quality approval recommended","200","https://luckyinteriorsfurniture.com/products/dazila-garden-set","DAZILA – GARDEN SET | Lucky Interiors Furniture","Dazila is Imported furniture made of Wicker material best designer set in Outdoor Furniture / Garden Set. The item is known as Lobby Set or Garden Set use...","DAZILA – GARDEN SET","Details and specifications; Highlights; Construction; Related Products; Visit the store","Approximately 63 product-specific words plus shared template copy","DAZILA – GARDEN SET","Client-rendered Product + Offer + Breadcrumb + global FurnitureStore","Breadcrumb to Outdoor Furniture; related products; WhatsApp; phone; map","Raw HTML is homepage shell/canonical until JS; thin unique product content (~63 words); material requires verification; availability claim requires update ownership; Product/Offer and global FurnitureStore schema are client-only and may contain unsupported fields","Verify source/rights/facts; apply product quality gate; prerender; add unique dimensions, room fit, material, care, delivery/access and image metadata; condition Offer","P1 quality review"
"https://luckyinteriorsfurniture.com/products/vico-revolving-chair","product","Indexable after JS; raw HTML canonical points to homepage; quality approval recommended","200","https://luckyinteriorsfurniture.com/products/vico-revolving-chair","VICO – REVOLVING CHAIR | Lucky Interiors Furniture","Vico is Medium back Hydraulic Revolving chair, with soft P. U. Racksine. This is one of the best range of Designer Office chair / Best Staff Chair / Design...","VICO – REVOLVING CHAIR","Details and specifications; Highlights; Construction; Related Products; Visit the store","Approximately 54 product-specific words plus shared template copy","VICO – REVOLVING CHAIR","Client-rendered Product + Offer + Breadcrumb + global FurnitureStore","Breadcrumb to Office Furniture; related products; WhatsApp; phone; map","Raw HTML is homepage shell/canonical until JS; thin unique product content (~54 words); material requires verification; availability claim requires update ownership; Product/Offer and global FurnitureStore schema are client-only and may contain unsupported fields","Verify source/rights/facts; apply product quality gate; prerender; add unique dimensions, room fit, material, care, delivery/access and image metadata; condition Offer","P1 quality review"
"https://luckyinteriorsfurniture.com/products/visco-revolving-chair","product","Indexable after JS; raw HTML canonical points to homepage; quality approval recommended","200","https://luckyinteriorsfurniture.com/products/visco-revolving-chair","VISCO – REVOLVING CHAIR | Lucky Interiors Furniture","Visco is High back Hydraulic Revolving chair, with soft P. U. Racksine. This is one of the best range of Designer Office chair / Best Boss Chair / Designer...","VISCO – REVOLVING CHAIR","Details and specifications; Highlights; Construction; Related Products; Visit the store","Approximately 54 product-specific words plus shared template copy","VISCO – REVOLVING CHAIR","Client-rendered Product + Offer + Breadcrumb + global FurnitureStore","Breadcrumb to Office Furniture; related products; WhatsApp; phone; map","Raw HTML is homepage shell/canonical until JS; thin unique product content (~54 words); material requires verification; availability claim requires update ownership; Product/Offer and global FurnitureStore schema are client-only and may contain unsupported fields","Verify source/rights/facts; apply product quality gate; prerender; add unique dimensions, room fit, material, care, delivery/access and image metadata; condition Offer","P1 quality review"
"https://luckyinteriorsfurniture.com/products/nivea-revolving-chair","product","Indexable after JS; raw HTML canonical points to homepage; quality approval recommended","200","https://luckyinteriorsfurniture.com/products/nivea-revolving-chair","NIVEA – REVOLVING CHAIR | Lucky Interiors Furniture","Nivea is High back Hydraulic Revolving chair, with soft P. U. Racksine. This is one of the best range of Designer Office chair / Best Boss Chair / Designer...","NIVEA – REVOLVING CHAIR","Details and specifications; Highlights; Construction; Related Products; Visit the store","Approximately 54 product-specific words plus shared template copy","NIVEA – REVOLVING CHAIR","Client-rendered Product + Offer + Breadcrumb + global FurnitureStore","Breadcrumb to Office Furniture; related products; WhatsApp; phone; map","Raw HTML is homepage shell/canonical until JS; thin unique product content (~54 words); material requires verification; availability claim requires update ownership; Product/Offer and global FurnitureStore schema are client-only and may contain unsupported fields","Verify source/rights/facts; apply product quality gate; prerender; add unique dimensions, room fit, material, care, delivery/access and image metadata; condition Offer","P1 quality review"
"https://luckyinteriorsfurniture.com/products/siana-revolving-chair","product","Indexable after JS; raw HTML canonical points to homepage; quality approval recommended","200","https://luckyinteriorsfurniture.com/products/siana-revolving-chair","SIANA – REVOLVING CHAIR | Lucky Interiors Furniture","Siana is high back Hydraulic Revolving chair, with soft P.U. Rexine. This is one of the best Designer Office chair and can also be used as Visitor chair or...","SIANA – REVOLVING CHAIR","Details and specifications; Highlights; Construction; Related Products; Visit the store","Approximately 50 product-specific words plus shared template copy","SIANA – REVOLVING CHAIR","Client-rendered Product + Offer + Breadcrumb + global FurnitureStore","Breadcrumb to Office Furniture; related products; WhatsApp; phone; map","Raw HTML is homepage shell/canonical until JS; thin unique product content (~50 words); material requires verification; availability claim requires update ownership; Product/Offer and global FurnitureStore schema are client-only and may contain unsupported fields","Verify source/rights/facts; apply product quality gate; prerender; add unique dimensions, room fit, material, care, delivery/access and image metadata; condition Offer","P1 quality review"
"https://luckyinteriorsfurniture.com/products/grossy-revolving-chair","product","Indexable after JS; raw HTML canonical points to homepage; quality approval recommended","200","https://luckyinteriorsfurniture.com/products/grossy-revolving-chair","Grossy – Revolving Chair | Lucky Interiors Furniture","Grossy is High back Hydraulic Revolving chair, with soft P. U. Racksine. This is one of the best range of Designer Office Chair / Best Boss Chair / Latest...","Grossy – Revolving Chair","Details and specifications; Highlights; Construction; Related Products; Visit the store","Approximately 55 product-specific words plus shared template copy","Grossy – Revolving Chair","Client-rendered Product + Offer + Breadcrumb + global FurnitureStore","Breadcrumb to Office Furniture; related products; WhatsApp; phone; map","Raw HTML is homepage shell/canonical until JS; thin unique product content (~55 words); material requires verification; availability claim requires update ownership; Product/Offer and global FurnitureStore schema are client-only and may contain unsupported fields","Verify source/rights/facts; apply product quality gate; prerender; add unique dimensions, room fit, material, care, delivery/access and image metadata; condition Offer","P1 quality review"
"https://luckyinteriorsfurniture.com/products/yeni-swing-zula","product","Indexable after JS; raw HTML canonical points to homepage; quality approval recommended","200","https://luckyinteriorsfurniture.com/products/yeni-swing-zula","YENI – SWING & ZULA | Lucky Interiors Furniture","Yeni is single seater Imported Swing / Zula made of synthetic wicker material use as Outdoor Furniture or Garden Furniture. The most stylish Designer Singl...","YENI – SWING & ZULA","Details and specifications; Highlights; Construction; Related Products; Visit the store","Approximately 60 product-specific words plus shared template copy","YENI – SWING & ZULA","Client-rendered Product + Offer + Breadcrumb + global FurnitureStore","Breadcrumb to Swings; related products; WhatsApp; phone; map","Raw HTML is homepage shell/canonical until JS; thin unique product content (~60 words); material requires verification; availability claim requires update ownership; Product/Offer and global FurnitureStore schema are client-only and may contain unsupported fields","Verify source/rights/facts; apply product quality gate; prerender; add unique dimensions, room fit, material, care, delivery/access and image metadata; condition Offer","P1 quality review"
"https://luckyinteriorsfurniture.com/products/urri-dining-table","product","Indexable after JS; raw HTML canonical points to homepage; quality approval recommended","200","https://luckyinteriorsfurniture.com/products/urri-dining-table","URRI – DINING TABLE | Lucky Interiors Furniture","‘-Urri is best Rectangle Dining Table for the modern look in the dining room with new stylish look of Designer Glass top Indian Dining set. This is Six Sea...","URRI – DINING TABLE","Details and specifications; Highlights; Construction; Related Products; Visit the store","Approximately 96 product-specific words plus shared template copy","URRI – DINING TABLE","Client-rendered Product + Offer + Breadcrumb + global FurnitureStore","Breadcrumb to Dining Sets; related products; WhatsApp; phone; map","Raw HTML is homepage shell/canonical until JS; thin unique product content (~96 words); availability claim requires update ownership; Product/Offer and global FurnitureStore schema are client-only and may contain unsupported fields","Verify source/rights/facts; apply product quality gate; prerender; add unique dimensions, room fit, material, care, delivery/access and image metadata; condition Offer","P1 quality review"
"https://luckyinteriorsfurniture.com/products/tunar-dining-table-set","product","Indexable after JS; raw HTML canonical points to homepage; quality approval recommended","200","https://luckyinteriorsfurniture.com/products/tunar-dining-table-set","TUNAR – DINING TABLE SET | Lucky Interiors Furniture","Tunar is best Latest Designer Dining Table set for the modern look in the dining room with Imported Marble top Indian Dining Table set. This is Four Seater...","TUNAR – DINING TABLE SET","Details and specifications; Highlights; Construction; Related Products; Visit the store","Approximately 89 product-specific words plus shared template copy","TUNAR – DINING TABLE SET","Client-rendered Product + Offer + Breadcrumb + global FurnitureStore","Breadcrumb to Dining Sets; related products; WhatsApp; phone; map","Raw HTML is homepage shell/canonical until JS; thin unique product content (~89 words); availability claim requires update ownership; Product/Offer and global FurnitureStore schema are client-only and may contain unsupported fields","Verify source/rights/facts; apply product quality gate; prerender; add unique dimensions, room fit, material, care, delivery/access and image metadata; condition Offer","P1 quality review"
"https://luckyinteriorsfurniture.com/products/jovis-lobby-set-garden-set","product","Indexable after JS; raw HTML canonical points to homepage; quality approval recommended","200","https://luckyinteriorsfurniture.com/products/jovis-lobby-set-garden-set","JOVIS LOBBY SET – GARDEN SET | Lucky Interiors Furniture","Jovis is Imported furniture made of Synthetic Wicker material best desiner set in Outdoor Furniture.. The item is known as Lobby Set or Garden Set or Wicke...","JOVIS LOBBY SET – GARDEN SET","Details and specifications; Highlights; Construction; Related Products; Visit the store","Approximately 69 product-specific words plus shared template copy","JOVIS LOBBY SET – GARDEN SET","Client-rendered Product + Offer + Breadcrumb + global FurnitureStore","Breadcrumb to Outdoor Furniture; related products; WhatsApp; phone; map","Raw HTML is homepage shell/canonical until JS; thin unique product content (~69 words); material requires verification; availability claim requires update ownership; Product/Offer and global FurnitureStore schema are client-only and may contain unsupported fields","Verify source/rights/facts; apply product quality gate; prerender; add unique dimensions, room fit, material, care, delivery/access and image metadata; condition Offer","P1 quality review"
"https://luckyinteriorsfurniture.com/products/bina-garden-set","product","Indexable after JS; raw HTML canonical points to homepage; quality approval recommended","200","https://luckyinteriorsfurniture.com/products/bina-garden-set","Bina – Garden Set | Lucky Interiors Furniture","Bina is Imported furniture made of Synthetic Wicker material. The item is known as Lobby Set or Garden Set or Wicker Furniture for Outdoor use or for garde...","Bina – Garden Set","Details and specifications; Highlights; Construction; Related Products; Visit the store","Approximately 61 product-specific words plus shared template copy","Bina – Garden Set","Client-rendered Product + Offer + Breadcrumb + global FurnitureStore","Breadcrumb to Outdoor Furniture; related products; WhatsApp; phone; map","Raw HTML is homepage shell/canonical until JS; thin unique product content (~61 words); material requires verification; availability claim requires update ownership; Product/Offer and global FurnitureStore schema are client-only and may contain unsupported fields","Verify source/rights/facts; apply product quality gate; prerender; add unique dimensions, room fit, material, care, delivery/access and image metadata; condition Offer","P1 quality review"
"https://luckyinteriorsfurniture.com/products/wista-conference-table-office-table","product","Indexable after JS; raw HTML canonical points to homepage; quality approval recommended","200","https://luckyinteriorsfurniture.com/products/wista-conference-table-office-table","WISTA CONFERENCE TABLE – OFFICE TABLE | Lucky Interiors Furniture","Wista is very unique style of Conference table mainly use for conference purpose in office/ school/ call center. Material: Ask for material details. Dimens...","WISTA CONFERENCE TABLE – OFFICE TABLE","Details and specifications; Highlights; Construction; Related Products; Visit the store","Approximately 63 product-specific words plus shared template copy","WISTA CONFERENCE TABLE – OFFICE TABLE","Client-rendered Product + Offer + Breadcrumb + global FurnitureStore","Breadcrumb to Office Furniture; related products; WhatsApp; phone; map","Raw HTML is homepage shell/canonical until JS; long title (65 chars); thin unique product content (~63 words); material requires verification; availability claim requires update ownership; Product/Offer and global FurnitureStore schema are client-only and may contain unsupported fields","Verify source/rights/facts; apply product quality gate; prerender; add unique dimensions, room fit, material, care, delivery/access and image metadata; condition Offer","P1 quality review"
"https://luckyinteriorsfurniture.com/products/elantra-dining-table","product","Indexable after JS; raw HTML canonical points to homepage; quality approval recommended","200","https://luckyinteriorsfurniture.com/products/elantra-dining-table","ELANTRA – DINING TABLE | Lucky Interiors Furniture","‘-Elantra is best Rectangle Dining Table set for the modern look in the dining room with Nano white Marble top Indian Dining Table set. This is Six Seater...","ELANTRA – DINING TABLE","Details and specifications; Highlights; Construction; Related Products; Visit the store","Approximately 109 product-specific words plus shared template copy","ELANTRA – DINING TABLE","Client-rendered Product + Offer + Breadcrumb + global FurnitureStore","Breadcrumb to Dining Sets; related products; WhatsApp; phone; map","Raw HTML is homepage shell/canonical until JS; availability claim requires update ownership; Product/Offer and global FurnitureStore schema are client-only and may contain unsupported fields","Verify source/rights/facts; apply product quality gate; prerender; add unique dimensions, room fit, material, care, delivery/access and image metadata; condition Offer","P2"
"https://luckyinteriorsfurniture.com/products/zora-dining-set","product","Indexable after JS; raw HTML canonical points to homepage; quality approval recommended","200","https://luckyinteriorsfurniture.com/products/zora-dining-set","ZORA – DINING SET | Lucky Interiors Furniture","‘-Zora is best Rectangle Dining Table Set for the modern look in the dining room with Artificial Marble top Imported Dining set. This is four Seater Import...","ZORA – DINING SET","Details and specifications; Highlights; Construction; Related Products; Visit the store","Approximately 97 product-specific words plus shared template copy","ZORA – DINING SET","Client-rendered Product + Offer + Breadcrumb + global FurnitureStore","Breadcrumb to Dining Sets; related products; WhatsApp; phone; map","Raw HTML is homepage shell/canonical until JS; thin unique product content (~97 words); material requires verification; availability claim requires update ownership; Product/Offer and global FurnitureStore schema are client-only and may contain unsupported fields","Verify source/rights/facts; apply product quality gate; prerender; add unique dimensions, room fit, material, care, delivery/access and image metadata; condition Offer","P1 quality review"
"https://luckyinteriorsfurniture.com/products/dolly-dining-table","product","Indexable after JS; raw HTML canonical points to homepage; quality approval recommended","200","https://luckyinteriorsfurniture.com/products/dolly-dining-table","DOLLY – DINING TABLE | Lucky Interiors Furniture","Perfect blend of style, design and quality behold you here with Dolly Four seater Full White Dining Table set!, Imported maletian Wood Four Seater Dining S...","DOLLY – DINING TABLE","Details and specifications; Highlights; Construction; Related Products; Visit the store","Approximately 81 product-specific words plus shared template copy","DOLLY – DINING TABLE","Client-rendered Product + Offer + Breadcrumb + global FurnitureStore","Breadcrumb to Dining Sets; related products; WhatsApp; phone; map","Raw HTML is homepage shell/canonical until JS; thin unique product content (~81 words); availability claim requires update ownership; Product/Offer and global FurnitureStore schema are client-only and may contain unsupported fields","Verify source/rights/facts; apply product quality gate; prerender; add unique dimensions, room fit, material, care, delivery/access and image metadata; condition Offer","P1 quality review"
"https://luckyinteriorsfurniture.com/products/nano-dining-table","product","Indexable after JS; raw HTML canonical points to homepage; quality approval recommended","200","https://luckyinteriorsfurniture.com/products/nano-dining-table","NANO – DINING TABLE | Lucky Interiors Furniture","Nano with Marble top Dining Table. This is six Seater Wooden and Marble Dining Set. The chairs are blush pink colour. Material: Wood finish. Dimensions: Di...","NANO – DINING TABLE","Details and specifications; Highlights; Construction; Related Products; Visit the store","Approximately 54 product-specific words plus shared template copy","NANO – DINING TABLE","Client-rendered Product + Offer + Breadcrumb + global FurnitureStore","Breadcrumb to Dining Sets; related products; WhatsApp; phone; map","Raw HTML is homepage shell/canonical until JS; thin unique product content (~54 words); availability claim requires update ownership; Product/Offer and global FurnitureStore schema are client-only and may contain unsupported fields","Verify source/rights/facts; apply product quality gate; prerender; add unique dimensions, room fit, material, care, delivery/access and image metadata; condition Offer","P1 quality review"
"https://luckyinteriorsfurniture.com/products/ciza-lobby-set-cafe-furniture","product","Indexable after JS; raw HTML canonical points to homepage; quality approval recommended","200","https://luckyinteriorsfurniture.com/products/ciza-lobby-set-cafe-furniture","Ciza Lobby Set – Cafe Furniture | Lucky Interiors Furniture","Ciza is Imported furniture made of Maletian wood. The item is known as Lobby Set or Tea table Set use as Indoor purpose. Also use in Cafe Furniture, Restau...","Ciza Lobby Set – Cafe Furniture","Details and specifications; Highlights; Construction; Related Products; Visit the store","Approximately 45 product-specific words plus shared template copy","Ciza Lobby Set – Cafe Furniture","Client-rendered Product + Offer + Breadcrumb + global FurnitureStore","Breadcrumb to Chairs; related products; WhatsApp; phone; map","Raw HTML is homepage shell/canonical until JS; thin unique product content (~45 words); availability claim requires update ownership; Product/Offer and global FurnitureStore schema are client-only and may contain unsupported fields","Verify source/rights/facts; apply product quality gate; prerender; add unique dimensions, room fit, material, care, delivery/access and image metadata; condition Offer","P1 quality review"
"https://luckyinteriorsfurniture.com/products/xora-dining-table","product","Indexable after JS; raw HTML canonical points to homepage; quality approval recommended","200","https://luckyinteriorsfurniture.com/products/xora-dining-table","XORA – DINING TABLE | Lucky Interiors Furniture","Xora is Latest Designer Dining Table, best Rectangle dining Table set for the modern look in the dining room with Wooden top Indian Dining Table set. This...","XORA – DINING TABLE","Details and specifications; Highlights; Construction; Related Products; Visit the store","Approximately 92 product-specific words plus shared template copy","XORA – DINING TABLE","Client-rendered Product + Offer + Breadcrumb + global FurnitureStore","Breadcrumb to Dining Sets; related products; WhatsApp; phone; map","Raw HTML is homepage shell/canonical until JS; thin unique product content (~92 words); availability claim requires update ownership; Product/Offer and global FurnitureStore schema are client-only and may contain unsupported fields","Verify source/rights/facts; apply product quality gate; prerender; add unique dimensions, room fit, material, care, delivery/access and image metadata; condition Offer","P1 quality review"
"https://luckyinteriorsfurniture.com/products/xenon-dining-table","product","Indexable after JS; raw HTML canonical points to homepage; quality approval recommended","200","https://luckyinteriorsfurniture.com/products/xenon-dining-table","XENON – DINING TABLE | Lucky Interiors Furniture","Xenon is Latest Designer Dining Table, best Rectangle dining Table set for the modern look in the dining room with Wooden top Indian Dining Table set. This...","XENON – DINING TABLE","Details and specifications; Highlights; Construction; Related Products; Visit the store","Approximately 92 product-specific words plus shared template copy","XENON – DINING TABLE","Client-rendered Product + Offer + Breadcrumb + global FurnitureStore","Breadcrumb to Dining Sets; related products; WhatsApp; phone; map","Raw HTML is homepage shell/canonical until JS; thin unique product content (~92 words); availability claim requires update ownership; Product/Offer and global FurnitureStore schema are client-only and may contain unsupported fields","Verify source/rights/facts; apply product quality gate; prerender; add unique dimensions, room fit, material, care, delivery/access and image metadata; condition Offer","P1 quality review"
"https://luckyinteriorsfurniture.com/products/wilcy-dining-table","product","Indexable after JS; raw HTML canonical points to homepage; quality approval recommended","200","https://luckyinteriorsfurniture.com/products/wilcy-dining-table","WILCY – DINING TABLE | Lucky Interiors Furniture","Wilcy is Latest Designer Dining Table, best Rectangle dining Table set for the modern look in the dining room with Wooden top Indian Dining Table set. This...","WILCY – DINING TABLE","Details and specifications; Highlights; Construction; Related Products; Visit the store","Approximately 94 product-specific words plus shared template copy","WILCY – DINING TABLE","Client-rendered Product + Offer + Breadcrumb + global FurnitureStore","Breadcrumb to Dining Sets; related products; WhatsApp; phone; map","Raw HTML is homepage shell/canonical until JS; thin unique product content (~94 words); availability claim requires update ownership; Product/Offer and global FurnitureStore schema are client-only and may contain unsupported fields","Verify source/rights/facts; apply product quality gate; prerender; add unique dimensions, room fit, material, care, delivery/access and image metadata; condition Offer","P1 quality review"
"https://luckyinteriorsfurniture.com/products/senorita-dining-table","product","Indexable after JS; raw HTML canonical points to homepage; quality approval recommended","200","https://luckyinteriorsfurniture.com/products/senorita-dining-table","SENORITA – DINING TABLE | Lucky Interiors Furniture","Senorita is Latest Designer Dining Table, best Rectangle dining Table set for the modern look in the dining room with Wooden top Indian Dining Table set. T...","SENORITA – DINING TABLE","Details and specifications; Highlights; Construction; Related Products; Visit the store","Approximately 94 product-specific words plus shared template copy","SENORITA – DINING TABLE","Client-rendered Product + Offer + Breadcrumb + global FurnitureStore","Breadcrumb to Dining Sets; related products; WhatsApp; phone; map","Raw HTML is homepage shell/canonical until JS; thin unique product content (~94 words); availability claim requires update ownership; Product/Offer and global FurnitureStore schema are client-only and may contain unsupported fields","Verify source/rights/facts; apply product quality gate; prerender; add unique dimensions, room fit, material, care, delivery/access and image metadata; condition Offer","P1 quality review"
"https://luckyinteriorsfurniture.com/products/noor-dining-table","product","Indexable after JS; raw HTML canonical points to homepage; quality approval recommended","200","https://luckyinteriorsfurniture.com/products/noor-dining-table","Noor – Dining Table | Lucky Interiors Furniture","Noor is Latest Designer Dining Table, best Rectangle dining Table set for the modern look in the dining room with Wooden top Indian Dining Table set. This...","Noor – Dining Table","Details and specifications; Highlights; Construction; Related Products; Visit the store","Approximately 94 product-specific words plus shared template copy","Noor – Dining Table","Client-rendered Product + Offer + Breadcrumb + global FurnitureStore","Breadcrumb to Dining Sets; related products; WhatsApp; phone; map","Raw HTML is homepage shell/canonical until JS; thin unique product content (~94 words); availability claim requires update ownership; Product/Offer and global FurnitureStore schema are client-only and may contain unsupported fields","Verify source/rights/facts; apply product quality gate; prerender; add unique dimensions, room fit, material, care, delivery/access and image metadata; condition Offer","P1 quality review"
"https://luckyinteriorsfurniture.com/products/jenish-dining-table","product","Indexable after JS; raw HTML canonical points to homepage; quality approval recommended","200","https://luckyinteriorsfurniture.com/products/jenish-dining-table","JENISH – DINING TABLE | Lucky Interiors Furniture","Jenish is Latest Designer Dining Table, best Rectangle dining Table set for the modern look in the dining room with Wooden top Indian Dining Table set. Thi...","JENISH – DINING TABLE","Details and specifications; Highlights; Construction; Related Products; Visit the store","Approximately 94 product-specific words plus shared template copy","JENISH – DINING TABLE","Client-rendered Product + Offer + Breadcrumb + global FurnitureStore","Breadcrumb to Dining Sets; related products; WhatsApp; phone; map","Raw HTML is homepage shell/canonical until JS; thin unique product content (~94 words); availability claim requires update ownership; Product/Offer and global FurnitureStore schema are client-only and may contain unsupported fields","Verify source/rights/facts; apply product quality gate; prerender; add unique dimensions, room fit, material, care, delivery/access and image metadata; condition Offer","P1 quality review"
"https://luckyinteriorsfurniture.com/products/zest-revolving-chair","product","Indexable after JS; raw HTML canonical points to homepage; quality approval recommended","200","https://luckyinteriorsfurniture.com/products/zest-revolving-chair","ZEST – REVOLVING CHAIR | Lucky Interiors Furniture","Zest is High back Hydraulic Revolving chair, with soft P. U. Racksine. This is one of the best range of Designer Office chair / Best Boss Chair / Designer...","ZEST – REVOLVING CHAIR","Details and specifications; Highlights; Construction; Related Products; Visit the store","Approximately 54 product-specific words plus shared template copy","ZEST – REVOLVING CHAIR","Client-rendered Product + Offer + Breadcrumb + global FurnitureStore","Breadcrumb to Office Furniture; related products; WhatsApp; phone; map","Raw HTML is homepage shell/canonical until JS; thin unique product content (~54 words); material requires verification; availability claim requires update ownership; Product/Offer and global FurnitureStore schema are client-only and may contain unsupported fields","Verify source/rights/facts; apply product quality gate; prerender; add unique dimensions, room fit, material, care, delivery/access and image metadata; condition Offer","P1 quality review"
"https://luckyinteriorsfurniture.com/products/zebra-revolving-chair","product","Indexable after JS; raw HTML canonical points to homepage; quality approval recommended","200","https://luckyinteriorsfurniture.com/products/zebra-revolving-chair","ZEBRA – REVOLVING CHAIR | Lucky Interiors Furniture","Zebra is High back Hydraulic Revolving chair, with soft P. U. Racksine. This is one of the best Economic range of Designer Office chair / Designer Revolvin...","ZEBRA – REVOLVING CHAIR","Details and specifications; Highlights; Construction; Related Products; Visit the store","Approximately 51 product-specific words plus shared template copy","ZEBRA – REVOLVING CHAIR","Client-rendered Product + Offer + Breadcrumb + global FurnitureStore","Breadcrumb to Office Furniture; related products; WhatsApp; phone; map","Raw HTML is homepage shell/canonical until JS; thin unique product content (~51 words); material requires verification; availability claim requires update ownership; Product/Offer and global FurnitureStore schema are client-only and may contain unsupported fields","Verify source/rights/facts; apply product quality gate; prerender; add unique dimensions, room fit, material, care, delivery/access and image metadata; condition Offer","P1 quality review"
"https://luckyinteriorsfurniture.com/products/creeza-revolving-chair","product","Indexable after JS; raw HTML canonical points to homepage; quality approval recommended","200","https://luckyinteriorsfurniture.com/products/creeza-revolving-chair","CREEZA – REVOLVING CHAIR | Lucky Interiors Furniture","Creeza is High back Hydraulic Revolving chair, with soft P. U. Racksine. This is one of the best Economic range of Designer Office chair / Designer Revolvi...","CREEZA – REVOLVING CHAIR","Details and specifications; Highlights; Construction; Related Products; Visit the store","Approximately 51 product-specific words plus shared template copy","CREEZA – REVOLVING CHAIR","Client-rendered Product + Offer + Breadcrumb + global FurnitureStore","Breadcrumb to Office Furniture; related products; WhatsApp; phone; map","Raw HTML is homepage shell/canonical until JS; thin unique product content (~51 words); material requires verification; availability claim requires update ownership; Product/Offer and global FurnitureStore schema are client-only and may contain unsupported fields","Verify source/rights/facts; apply product quality gate; prerender; add unique dimensions, room fit, material, care, delivery/access and image metadata; condition Offer","P1 quality review"
"https://luckyinteriorsfurniture.com/products/sizo-revolving-chair","product","Indexable after JS; raw HTML canonical points to homepage; quality approval recommended","200","https://luckyinteriorsfurniture.com/products/sizo-revolving-chair","SIZO – REVOLVING CHAIR | Lucky Interiors Furniture","Sizo is High back Hydraulic Revolving chair, with soft P. U. Racksine. This is one of the best Economic range of Designer Office chair / Designer Revolving...","SIZO – REVOLVING CHAIR","Details and specifications; Highlights; Construction; Related Products; Visit the store","Approximately 73 product-specific words plus shared template copy","SIZO – REVOLVING CHAIR","Client-rendered Product + Offer + Breadcrumb + global FurnitureStore","Breadcrumb to Office Furniture; related products; WhatsApp; phone; map","Raw HTML is homepage shell/canonical until JS; thin unique product content (~73 words); material requires verification; availability claim requires update ownership; Product/Offer and global FurnitureStore schema are client-only and may contain unsupported fields","Verify source/rights/facts; apply product quality gate; prerender; add unique dimensions, room fit, material, care, delivery/access and image metadata; condition Offer","P1 quality review"
"https://luckyinteriorsfurniture.com/products/myra-revolving-chair","product","Indexable after JS; raw HTML canonical points to homepage; quality approval recommended","200","https://luckyinteriorsfurniture.com/products/myra-revolving-chair","MYRA – REVOLVING CHAIR | Lucky Interiors Furniture","Myra is high back Hydraulic Revolving chair, with soft P.U. Rexine. This is one of the best Designer Office chair / Best Staff Chair. Myra is very useful a...","MYRA – REVOLVING CHAIR","Details and specifications; Highlights; Construction; Related Products; Visit the store","Approximately 65 product-specific words plus shared template copy","MYRA – REVOLVING CHAIR","Client-rendered Product + Offer + Breadcrumb + global FurnitureStore","Breadcrumb to Office Furniture; related products; WhatsApp; phone; map","Raw HTML is homepage shell/canonical until JS; thin unique product content (~65 words); material requires verification; availability claim requires update ownership; Product/Offer and global FurnitureStore schema are client-only and may contain unsupported fields","Verify source/rights/facts; apply product quality gate; prerender; add unique dimensions, room fit, material, care, delivery/access and image metadata; condition Offer","P1 quality review"
"https://luckyinteriorsfurniture.com/products/jarvis-dining-table-set","product","Indexable after JS; raw HTML canonical points to homepage; quality approval recommended","200","https://luckyinteriorsfurniture.com/products/jarvis-dining-table-set","JARVIS – DINING TABLE | Lucky Interiors Furniture","Perfect blend of style, design and quality behold you here with Jenish, Six seater Imported marble dining Table set! This is One of the best Designer Dinin...","JARVIS – DINING TABLE","Details and specifications; Highlights; Construction; Related Products; Visit the store","Approximately 102 product-specific words plus shared template copy","JARVIS – DINING TABLE","Client-rendered Product + Offer + Breadcrumb + global FurnitureStore","Breadcrumb to Dining Sets; related products; WhatsApp; phone; map","Raw HTML is homepage shell/canonical until JS; material requires verification; availability claim requires update ownership; Product/Offer and global FurnitureStore schema are client-only and may contain unsupported fields","Verify source/rights/facts; apply product quality gate; prerender; add unique dimensions, room fit, material, care, delivery/access and image metadata; condition Offer","P2"
"https://luckyinteriorsfurniture.com/products/lucky-88-dining-table","product","Indexable after JS; raw HTML canonical points to homepage; quality approval recommended","200","https://luckyinteriorsfurniture.com/products/lucky-88-dining-table","LUCKY 88 – DINING TABLE | Lucky Interiors Furniture","Perfect blend of style, design and quality behold you here with Lucky 88, Six seater Imported marble dining Table! This is One of the best Designer Dining...","LUCKY 88 – DINING TABLE","Details and specifications; Highlights; Construction; Related Products; Visit the store","Approximately 97 product-specific words plus shared template copy","LUCKY 88 – DINING TABLE","Client-rendered Product + Offer + Breadcrumb + global FurnitureStore","Breadcrumb to Dining Sets; related products; WhatsApp; phone; map","Raw HTML is homepage shell/canonical until JS; thin unique product content (~97 words); material requires verification; availability claim requires update ownership; Product/Offer and global FurnitureStore schema are client-only and may contain unsupported fields","Verify source/rights/facts; apply product quality gate; prerender; add unique dimensions, room fit, material, care, delivery/access and image metadata; condition Offer","P1 quality review"
"https://luckyinteriorsfurniture.com/products/ilsa-t-v-unit","product","Indexable after JS; raw HTML canonical points to homepage; quality approval recommended","200","https://luckyinteriorsfurniture.com/products/ilsa-t-v-unit","ILSA – T. V. UNIT | Lucky Interiors Furniture","Ilsa is Imported Furniture, T.V.Unit, L.C.D.Unit, T.v.cabinet, T.v.Trolley made of M.D.F. Material, with P.U.Polish. Material: Ask for material details. Di...","ILSA – T. V. UNIT","Details and specifications; Highlights; Construction; Related Products; Visit the store","Approximately 62 product-specific words plus shared template copy","ILSA – T. V. UNIT","Client-rendered Product + Offer + Breadcrumb + global FurnitureStore","Breadcrumb to TV Unit & Cabinets; related products; WhatsApp; phone; map","Raw HTML is homepage shell/canonical until JS; thin unique product content (~62 words); material requires verification; availability claim requires update ownership; Product/Offer and global FurnitureStore schema are client-only and may contain unsupported fields","Verify source/rights/facts; apply product quality gate; prerender; add unique dimensions, room fit, material, care, delivery/access and image metadata; condition Offer","P1 quality review"
"https://luckyinteriorsfurniture.com/products/tiro-garden-set","product","Indexable after JS; raw HTML canonical points to homepage; quality approval recommended","200","https://luckyinteriorsfurniture.com/products/tiro-garden-set","TIRO – GARDEN SET | Lucky Interiors Furniture","Tiro is Imported furniture made of metal with brown powder coating. The item is known as Lobby Set or Garden Set useful for Outdoor use. This type of outdo...","TIRO – GARDEN SET","Details and specifications; Highlights; Construction; Related Products; Visit the store","Approximately 50 product-specific words plus shared template copy","TIRO – GARDEN SET","Client-rendered Product + Offer + Breadcrumb + global FurnitureStore","Breadcrumb to Outdoor Furniture; related products; WhatsApp; phone; map","Raw HTML is homepage shell/canonical until JS; thin unique product content (~50 words); availability claim requires update ownership; Product/Offer and global FurnitureStore schema are client-only and may contain unsupported fields","Verify source/rights/facts; apply product quality gate; prerender; add unique dimensions, room fit, material, care, delivery/access and image metadata; condition Offer","P1 quality review"
"https://luckyinteriorsfurniture.com/products/pilo-garden-set","product","Indexable after JS; raw HTML canonical points to homepage; quality approval recommended","200","https://luckyinteriorsfurniture.com/products/pilo-garden-set","PILO – GARDEN SET | Lucky Interiors Furniture","Pilo is Imported furniture made of Synthetic Wicker material.The item is known as Lobby Set or Garden Set or Synthetic Wicker Furniture for Outdoor use. Th...","PILO – GARDEN SET","Details and specifications; Highlights; Construction; Related Products; Visit the store","Approximately 56 product-specific words plus shared template copy","PILO – GARDEN SET","Client-rendered Product + Offer + Breadcrumb + global FurnitureStore","Breadcrumb to Outdoor Furniture; related products; WhatsApp; phone; map","Raw HTML is homepage shell/canonical until JS; thin unique product content (~56 words); material requires verification; availability claim requires update ownership; Product/Offer and global FurnitureStore schema are client-only and may contain unsupported fields","Verify source/rights/facts; apply product quality gate; prerender; add unique dimensions, room fit, material, care, delivery/access and image metadata; condition Offer","P1 quality review"
"https://luckyinteriorsfurniture.com/products/yelin-dining-table-set","product","Indexable after JS; raw HTML canonical points to homepage; quality approval recommended","200","https://luckyinteriorsfurniture.com/products/yelin-dining-table-set","YELIN – DINING TABLE SET | Lucky Interiors Furniture","Perfect blend of style, design and quality behold you here with Yelin Round Six seater Imported marble dining set! This is One of the best Designer Dining...","YELIN – DINING TABLE SET","Details and specifications; Highlights; Construction; Related Products; Visit the store","Approximately 83 product-specific words plus shared template copy","YELIN – DINING TABLE SET","Client-rendered Product + Offer + Breadcrumb + global FurnitureStore","Breadcrumb to Dining Sets; related products; WhatsApp; phone; map","Raw HTML is homepage shell/canonical until JS; thin unique product content (~83 words); material requires verification; availability claim requires update ownership; Product/Offer and global FurnitureStore schema are client-only and may contain unsupported fields","Verify source/rights/facts; apply product quality gate; prerender; add unique dimensions, room fit, material, care, delivery/access and image metadata; condition Offer","P1 quality review"
"https://luckyinteriorsfurniture.com/products/siska-dining-table-set","product","Indexable after JS; raw HTML canonical points to homepage; quality approval recommended","200","https://luckyinteriorsfurniture.com/products/siska-dining-table-set","SISKA – DINING TABLE SET | Lucky Interiors Furniture","The perfect blend of style, design, and quality behold you here with Siska Six seater Imported marble dining set! This is one of the best Designer Dining T...","SISKA – DINING TABLE SET","Details and specifications; Highlights; Construction; Related Products; Visit the store","Approximately 98 product-specific words plus shared template copy","SISKA – DINING TABLE SET","Client-rendered Product + Offer + Breadcrumb + global FurnitureStore","Breadcrumb to Dining Sets; related products; WhatsApp; phone; map","Raw HTML is homepage shell/canonical until JS; thin unique product content (~98 words); material requires verification; availability claim requires update ownership; Product/Offer and global FurnitureStore schema are client-only and may contain unsupported fields","Verify source/rights/facts; apply product quality gate; prerender; add unique dimensions, room fit, material, care, delivery/access and image metadata; condition Offer","P1 quality review"
"https://luckyinteriorsfurniture.com/products/lista-dining-set","product","Indexable after JS; raw HTML canonical points to homepage; quality approval recommended","200","https://luckyinteriorsfurniture.com/products/lista-dining-set","LISTA – DINING TABLE SET | Lucky Interiors Furniture","Perfect blend of style, design and quality behold you here with Lista Six seater Imported marble dining set! This makes your house most beautiful and luxur...","LISTA – DINING TABLE SET","Details and specifications; Highlights; Construction; Related Products; Visit the store","Approximately 92 product-specific words plus shared template copy","LISTA – DINING TABLE SET","Client-rendered Product + Offer + Breadcrumb + global FurnitureStore","Breadcrumb to Dining Sets; related products; WhatsApp; phone; map","Raw HTML is homepage shell/canonical until JS; thin unique product content (~92 words); material requires verification; availability claim requires update ownership; Product/Offer and global FurnitureStore schema are client-only and may contain unsupported fields","Verify source/rights/facts; apply product quality gate; prerender; add unique dimensions, room fit, material, care, delivery/access and image metadata; condition Offer","P1 quality review"
"https://luckyinteriorsfurniture.com/products/winni-book-shelve","product","Indexable after JS; raw HTML canonical points to homepage; quality approval recommended","200","https://luckyinteriorsfurniture.com/products/winni-book-shelve","WINNI – BOOK SHELVE | Lucky Interiors Furniture","Winni is Indian made Metal Book Shelf, can be use as File Cabinet or as Storage Cabinet also for Multiple storage Unit. It is also known as Library Cupboar...","WINNI – BOOK SHELVE","Details and specifications; Highlights; Construction; Related Products; Visit the store","Approximately 63 product-specific words plus shared template copy","WINNI – BOOK SHELVE","Client-rendered Product + Offer + Breadcrumb + global FurnitureStore","Breadcrumb to Bookshelves; related products; WhatsApp; phone; map","Raw HTML is homepage shell/canonical until JS; thin unique product content (~63 words); availability claim requires update ownership; Product/Offer and global FurnitureStore schema are client-only and may contain unsupported fields","Verify source/rights/facts; apply product quality gate; prerender; add unique dimensions, room fit, material, care, delivery/access and image metadata; condition Offer","P1 quality review"
"https://luckyinteriorsfurniture.com/products/juke-book-shelve","product","Indexable after JS; raw HTML canonical points to homepage; quality approval recommended","200","https://luckyinteriorsfurniture.com/products/juke-book-shelve","JUKE – BOOK SHELVE | Lucky Interiors Furniture","Juke is Indian made Book Shelf, can be use as Pantry Unit or as Storage Cabinet also for Multiple storage Unit. Material: Ask for material details. Dimensi...","JUKE – BOOK SHELVE","Details and specifications; Highlights; Construction; Related Products; Visit the store","Approximately 59 product-specific words plus shared template copy","JUKE – BOOK SHELVE","Client-rendered Product + Offer + Breadcrumb + global FurnitureStore","Breadcrumb to Bookshelves; related products; WhatsApp; phone; map","Raw HTML is homepage shell/canonical until JS; thin unique product content (~59 words); material requires verification; availability claim requires update ownership; Product/Offer and global FurnitureStore schema are client-only and may contain unsupported fields","Verify source/rights/facts; apply product quality gate; prerender; add unique dimensions, room fit, material, care, delivery/access and image metadata; condition Offer","P1 quality review"
"https://luckyinteriorsfurniture.com/products/vino-book-shelve","product","Indexable after JS; raw HTML canonical points to homepage; quality approval recommended","200","https://luckyinteriorsfurniture.com/products/vino-book-shelve","VINO – BOOK SHELVE | Lucky Interiors Furniture","Vino is Indian made Book Shelf, can be use as Pantry Unit or as Storage Cabinet also for Multiple storage Unit. Material: Ask for material details. Dimensi...","VINO – BOOK SHELVE","Details and specifications; Highlights; Construction; Related Products; Visit the store","Approximately 59 product-specific words plus shared template copy","VINO – BOOK SHELVE","Client-rendered Product + Offer + Breadcrumb + global FurnitureStore","Breadcrumb to Bookshelves; related products; WhatsApp; phone; map","Raw HTML is homepage shell/canonical until JS; thin unique product content (~59 words); material requires verification; availability claim requires update ownership; Product/Offer and global FurnitureStore schema are client-only and may contain unsupported fields","Verify source/rights/facts; apply product quality gate; prerender; add unique dimensions, room fit, material, care, delivery/access and image metadata; condition Offer","P1 quality review"
"https://luckyinteriorsfurniture.com/products/milo-book-shelve","product","Indexable after JS; raw HTML canonical points to homepage; quality approval recommended","200","https://luckyinteriorsfurniture.com/products/milo-book-shelve","MILO – BOOK SHELVE | Lucky Interiors Furniture","Milo is Indian made Book Shelf, can be use as Pantry Unit or as Storage Cabinet also for Multiple storage Unit. Material: Ask for material details. Dimensi...","MILO – BOOK SHELVE","Details and specifications; Highlights; Construction; Related Products; Visit the store","Approximately 59 product-specific words plus shared template copy","MILO – BOOK SHELVE","Client-rendered Product + Offer + Breadcrumb + global FurnitureStore","Breadcrumb to Bookshelves; related products; WhatsApp; phone; map","Raw HTML is homepage shell/canonical until JS; thin unique product content (~59 words); material requires verification; availability claim requires update ownership; Product/Offer and global FurnitureStore schema are client-only and may contain unsupported fields","Verify source/rights/facts; apply product quality gate; prerender; add unique dimensions, room fit, material, care, delivery/access and image metadata; condition Offer","P1 quality review"
"https://luckyinteriorsfurniture.com/products/eiva-book-shelve","product","Indexable after JS; raw HTML canonical points to homepage; quality approval recommended","200","https://luckyinteriorsfurniture.com/products/eiva-book-shelve","EIVA – BOOK SHELVE | Lucky Interiors Furniture","Eiva is Indian made Bookshelf, Storage Cabinet with glass doors, can be use as Pantry Unit or as Storage Cabinet also for Multiple storage Unit. Material:...","EIVA – BOOK SHELVE","Details and specifications; Highlights; Construction; Related Products; Visit the store","Approximately 63 product-specific words plus shared template copy","EIVA – BOOK SHELVE","Client-rendered Product + Offer + Breadcrumb + global FurnitureStore","Breadcrumb to Bookshelves; related products; WhatsApp; phone; map","Raw HTML is homepage shell/canonical until JS; thin unique product content (~63 words); material requires verification; availability claim requires update ownership; Product/Offer and global FurnitureStore schema are client-only and may contain unsupported fields","Verify source/rights/facts; apply product quality gate; prerender; add unique dimensions, room fit, material, care, delivery/access and image metadata; condition Offer","P1 quality review"
"https://luckyinteriorsfurniture.com/products/davis-revolving-chair","product","Indexable after JS; raw HTML canonical points to homepage; quality approval recommended","200","https://luckyinteriorsfurniture.com/products/davis-revolving-chair","DAVIS – REVOLVING CHAIR | Lucky Interiors Furniture","Davis is Medium back Hydraulic mesh Revolving chair, with soft p.u.leather. this is one of the best low height staffchair/Revolving Office chair. Material:...","DAVIS – REVOLVING CHAIR","Details and specifications; Highlights; Construction; Related Products; Visit the store","Approximately 87 product-specific words plus shared template copy","DAVIS – REVOLVING CHAIR","Client-rendered Product + Offer + Breadcrumb + global FurnitureStore","Breadcrumb to Office Furniture; related products; WhatsApp; phone; map","Raw HTML is homepage shell/canonical until JS; thin unique product content (~87 words); material requires verification; availability claim requires update ownership; Product/Offer and global FurnitureStore schema are client-only and may contain unsupported fields","Verify source/rights/facts; apply product quality gate; prerender; add unique dimensions, room fit, material, care, delivery/access and image metadata; condition Offer","P1 quality review"
"https://luckyinteriorsfurniture.com/products/jessy-revolving-chair","product","Indexable after JS; raw HTML canonical points to homepage; quality approval recommended","200","https://luckyinteriorsfurniture.com/products/jessy-revolving-chair","JESSY – REVOLVING CHAIR | Lucky Interiors Furniture","Jessy is Medium back Hydraulic mesh Revolving chair, with soft p.u.leather. This is one of the best Designer Office chair. This office chair is Revolving a...","JESSY – REVOLVING CHAIR","Details and specifications; Highlights; Construction; Related Products; Visit the store","Approximately 64 product-specific words plus shared template copy","JESSY – REVOLVING CHAIR","Client-rendered Product + Offer + Breadcrumb + global FurnitureStore","Breadcrumb to Office Furniture; related products; WhatsApp; phone; map","Raw HTML is homepage shell/canonical until JS; thin unique product content (~64 words); material requires verification; availability claim requires update ownership; Product/Offer and global FurnitureStore schema are client-only and may contain unsupported fields","Verify source/rights/facts; apply product quality gate; prerender; add unique dimensions, room fit, material, care, delivery/access and image metadata; condition Offer","P1 quality review"
"https://luckyinteriorsfurniture.com/products/hike-revolving-chair","product","Indexable after JS; raw HTML canonical points to homepage; quality approval recommended","200","https://luckyinteriorsfurniture.com/products/hike-revolving-chair","HIKE – REVOLVING CHAIR | Lucky Interiors Furniture","The hike is Medium back Hydraulic mesh Revolving chair, with soft p.u.leather. this is one of the best Designer Office chairs. Material: Ask for material d...","HIKE – REVOLVING CHAIR","Details and specifications; Highlights; Construction; Related Products; Visit the store","Approximately 39 product-specific words plus shared template copy","HIKE – REVOLVING CHAIR","Client-rendered Product + Offer + Breadcrumb + global FurnitureStore","Breadcrumb to Office Furniture; related products; WhatsApp; phone; map","Raw HTML is homepage shell/canonical until JS; thin unique product content (~39 words); material requires verification; availability claim requires update ownership; Product/Offer and global FurnitureStore schema are client-only and may contain unsupported fields","Verify source/rights/facts; apply product quality gate; prerender; add unique dimensions, room fit, material, care, delivery/access and image metadata; condition Offer","P1 quality review"
"https://luckyinteriorsfurniture.com/products/flosy-revolving-chair","product","Indexable after JS; raw HTML canonical points to homepage; quality approval recommended","200","https://luckyinteriorsfurniture.com/products/flosy-revolving-chair","FLOSY – REVOLVING CHAIR | Lucky Interiors Furniture","Flosy is High back Hydraulic mesh Revolving chair, with soft p.u.leather. This office chair is Revolving and hydraulic, very useful as a Visitor chair and...","FLOSY – REVOLVING CHAIR","Details and specifications; Highlights; Construction; Related Products; Visit the store","Approximately 59 product-specific words plus shared template copy","FLOSY – REVOLVING CHAIR","Client-rendered Product + Offer + Breadcrumb + global FurnitureStore","Breadcrumb to Office Furniture; related products; WhatsApp; phone; map","Raw HTML is homepage shell/canonical until JS; thin unique product content (~59 words); material requires verification; availability claim requires update ownership; Product/Offer and global FurnitureStore schema are client-only and may contain unsupported fields","Verify source/rights/facts; apply product quality gate; prerender; add unique dimensions, room fit, material, care, delivery/access and image metadata; condition Offer","P1 quality review"
"https://luckyinteriorsfurniture.com/products/greta-revolving-chair","product","Indexable after JS; raw HTML canonical points to homepage; quality approval recommended","200","https://luckyinteriorsfurniture.com/products/greta-revolving-chair","GRETA – REVOLVING CHAIR | Lucky Interiors Furniture","This office chair is Revolving and hydraulic, very useful as Executive revolving Chair, Visitor chair and Revolving Staff chair in office and in Conferance...","GRETA – REVOLVING CHAIR","Details and specifications; Highlights; Construction; Related Products; Visit the store","Approximately 48 product-specific words plus shared template copy","GRETA – REVOLVING CHAIR","Client-rendered Product + Offer + Breadcrumb + global FurnitureStore","Breadcrumb to Office Furniture; related products; WhatsApp; phone; map","Raw HTML is homepage shell/canonical until JS; thin unique product content (~48 words); material requires verification; availability claim requires update ownership; Product/Offer and global FurnitureStore schema are client-only and may contain unsupported fields","Verify source/rights/facts; apply product quality gate; prerender; add unique dimensions, room fit, material, care, delivery/access and image metadata; condition Offer","P1 quality review"
"https://luckyinteriorsfurniture.com/products/syska-bedroom-set","product","Indexable after JS; raw HTML canonical points to homepage; quality approval recommended","200","https://luckyinteriorsfurniture.com/products/syska-bedroom-set","SYSKA – BEDROOM SET | Lucky Interiors Furniture","- The versatile Syska bed Room Set made of Compressed Board is perfect for those who want to approach the decoration of their bed room with a modernist aes...","SYSKA – BEDROOM SET","Details and specifications; Highlights; Construction; Related Products; Visit the store","Approximately 144 product-specific words plus shared template copy","SYSKA – BEDROOM SET","Client-rendered Product + Offer + Breadcrumb + global FurnitureStore","Breadcrumb to Bedroom Sets; related products; WhatsApp; phone; map","Raw HTML is homepage shell/canonical until JS; material requires verification; availability claim requires update ownership; Product/Offer and global FurnitureStore schema are client-only and may contain unsupported fields","Verify source/rights/facts; apply product quality gate; prerender; add unique dimensions, room fit, material, care, delivery/access and image metadata; condition Offer","P2"
"https://luckyinteriorsfurniture.com/products/breeza-bedroom-set","product","Indexable after JS; raw HTML canonical points to homepage; quality approval recommended","200","https://luckyinteriorsfurniture.com/products/breeza-bedroom-set","Breeza – Bedroom Set | Lucky Interiors Furniture","- The versatile Breeza bed Room Set made of Compressed Board is perfect for those who want to approach the decoration of their bed room with a modernist ae...","Breeza – Bedroom Set","Details and specifications; Highlights; Construction; Related Products; Visit the store","Approximately 133 product-specific words plus shared template copy","Breeza – Bedroom Set","Client-rendered Product + Offer + Breadcrumb + global FurnitureStore","Breadcrumb to Bedroom Sets; related products; WhatsApp; phone; map","Raw HTML is homepage shell/canonical until JS; material requires verification; availability claim requires update ownership; Product/Offer and global FurnitureStore schema are client-only and may contain unsupported fields","Verify source/rights/facts; apply product quality gate; prerender; add unique dimensions, room fit, material, care, delivery/access and image metadata; condition Offer","P2"
"https://luckyinteriorsfurniture.com/products/wolta-bedroom-set","product","Indexable after JS; raw HTML canonical points to homepage; quality approval recommended","200","https://luckyinteriorsfurniture.com/products/wolta-bedroom-set","WOLTA – BEDROOM SET | Lucky Interiors Furniture","- The versatile Wolta bed Room Set made of Compressed Board is perfect for those who want to approach the decoration of their bed room with a modernist aes...","WOLTA – BEDROOM SET","Details and specifications; Highlights; Construction; Related Products; Visit the store","Approximately 135 product-specific words plus shared template copy","WOLTA – BEDROOM SET","Client-rendered Product + Offer + Breadcrumb + global FurnitureStore","Breadcrumb to Bedroom Sets; related products; WhatsApp; phone; map","Raw HTML is homepage shell/canonical until JS; material requires verification; availability claim requires update ownership; Product/Offer and global FurnitureStore schema are client-only and may contain unsupported fields","Verify source/rights/facts; apply product quality gate; prerender; add unique dimensions, room fit, material, care, delivery/access and image metadata; condition Offer","P2"
"https://luckyinteriorsfurniture.com/products/felica-bedroom-set","product","Indexable after JS; raw HTML canonical points to homepage; quality approval recommended","200","https://luckyinteriorsfurniture.com/products/felica-bedroom-set","FELICA – BEDROOM SET | Lucky Interiors Furniture","- The versatile Felica bed Room Set made of Compressed Board is perfect for those who want to approach the decoration of their bed room with a modernist ae...","FELICA – BEDROOM SET","Details and specifications; Highlights; Construction; Related Products; Visit the store","Approximately 137 product-specific words plus shared template copy","FELICA – BEDROOM SET","Client-rendered Product + Offer + Breadcrumb + global FurnitureStore","Breadcrumb to Bedroom Sets; related products; WhatsApp; phone; map","Raw HTML is homepage shell/canonical until JS; material requires verification; availability claim requires update ownership; Product/Offer and global FurnitureStore schema are client-only and may contain unsupported fields","Verify source/rights/facts; apply product quality gate; prerender; add unique dimensions, room fit, material, care, delivery/access and image metadata; condition Offer","P2"
"https://luckyinteriorsfurniture.com/products/angels-bedroom-set","product","Indexable after JS; raw HTML canonical points to homepage; quality approval recommended","200","https://luckyinteriorsfurniture.com/products/angels-bedroom-set","Angels – Bedroom Set | Lucky Interiors Furniture","- The versatile Angels bed Room Set made of Compressed Board is perfect for those who want to approach the decoration of their bed room with a modernist ae...","Angels – Bedroom Set","Details and specifications; Highlights; Construction; Related Products; Visit the store","Approximately 132 product-specific words plus shared template copy","Angels – Bedroom Set","Client-rendered Product + Offer + Breadcrumb + global FurnitureStore","Breadcrumb to Bedroom Sets; related products; WhatsApp; phone; map","Raw HTML is homepage shell/canonical until JS; material requires verification; availability claim requires update ownership; Product/Offer and global FurnitureStore schema are client-only and may contain unsupported fields","Verify source/rights/facts; apply product quality gate; prerender; add unique dimensions, room fit, material, care, delivery/access and image metadata; condition Offer","P2"
"https://luckyinteriorsfurniture.com/products/akira-bedroom-set","product","Indexable after JS; raw HTML canonical points to homepage; quality approval recommended","200","https://luckyinteriorsfurniture.com/products/akira-bedroom-set","Akira – Bedroom Set | Lucky Interiors Furniture","- The versatile Akira bed Room Set made of Compressed Board is perfect for those who want to approach the decoration of their bed room with a modernist aes...","Akira – Bedroom Set","Details and specifications; Highlights; Construction; Related Products; Visit the store","Approximately 132 product-specific words plus shared template copy","Akira – Bedroom Set","Client-rendered Product + Offer + Breadcrumb + global FurnitureStore","Breadcrumb to Bedroom Sets; related products; WhatsApp; phone; map","Raw HTML is homepage shell/canonical until JS; material requires verification; availability claim requires update ownership; Product/Offer and global FurnitureStore schema are client-only and may contain unsupported fields","Verify source/rights/facts; apply product quality gate; prerender; add unique dimensions, room fit, material, care, delivery/access and image metadata; condition Offer","P2"
"https://luckyinteriorsfurniture.com/products/krish-bedroom-set","product","Indexable after JS; raw HTML canonical points to homepage; quality approval recommended","200","https://luckyinteriorsfurniture.com/products/krish-bedroom-set","KRISH – BEDROOM SET | Lucky Interiors Furniture","- The versatile Krish bed Room Set made of Compressed Board is perfect for those who want to approach the decoration of their bed room with a modernist aes...","KRISH – BEDROOM SET","Details and specifications; Highlights; Construction; Related Products; Visit the store","Approximately 112 product-specific words plus shared template copy","KRISH – BEDROOM SET","Client-rendered Product + Offer + Breadcrumb + global FurnitureStore","Breadcrumb to Bedroom Sets; related products; WhatsApp; phone; map","Raw HTML is homepage shell/canonical until JS; material requires verification; availability claim requires update ownership; Product/Offer and global FurnitureStore schema are client-only and may contain unsupported fields","Verify source/rights/facts; apply product quality gate; prerender; add unique dimensions, room fit, material, care, delivery/access and image metadata; condition Offer","P2"
"https://luckyinteriorsfurniture.com/products/flora-bed-room-set","product","Indexable after JS; raw HTML canonical points to homepage; quality approval recommended","200","https://luckyinteriorsfurniture.com/products/flora-bed-room-set","FLORA – BED ROOM SET | Lucky Interiors Furniture","- The versatile Flora bed Room Set made of Compressed Board is perfect for those who want to approach the decoration of their bed room with a modernist aes...","FLORA – BED ROOM SET","Details and specifications; Highlights; Construction; Related Products; Visit the store","Approximately 133 product-specific words plus shared template copy","FLORA – BED ROOM SET","Client-rendered Product + Offer + Breadcrumb + global FurnitureStore","Breadcrumb to Bedroom Sets; related products; WhatsApp; phone; map","Raw HTML is homepage shell/canonical until JS; material requires verification; availability claim requires update ownership; Product/Offer and global FurnitureStore schema are client-only and may contain unsupported fields","Verify source/rights/facts; apply product quality gate; prerender; add unique dimensions, room fit, material, care, delivery/access and image metadata; condition Offer","P2"
"https://luckyinteriorsfurniture.com/products/duke-bedroom-set","product","Indexable after JS; raw HTML canonical points to homepage; quality approval recommended","200","https://luckyinteriorsfurniture.com/products/duke-bedroom-set","DUKE – BEDROOM SET | Lucky Interiors Furniture","- The versatile Duke bed Room Set made of Compressed Board is perfect for those who want to approach the decoration of their bed room with a modernist aest...","DUKE – BEDROOM SET","Details and specifications; Highlights; Construction; Related Products; Visit the store","Approximately 144 product-specific words plus shared template copy","DUKE – BEDROOM SET","Client-rendered Product + Offer + Breadcrumb + global FurnitureStore","Breadcrumb to Bedroom Sets; related products; WhatsApp; phone; map","Raw HTML is homepage shell/canonical until JS; material requires verification; availability claim requires update ownership; Product/Offer and global FurnitureStore schema are client-only and may contain unsupported fields","Verify source/rights/facts; apply product quality gate; prerender; add unique dimensions, room fit, material, care, delivery/access and image metadata; condition Offer","P2"
"https://luckyinteriorsfurniture.com/products/veloma-bedroom-set","product","Indexable after JS; raw HTML canonical points to homepage; quality approval recommended","200","https://luckyinteriorsfurniture.com/products/veloma-bedroom-set","VELOMA – BEDROOM SET | Lucky Interiors Furniture","- The versatile Veloma bed Room Set made of Compressed Board is perfect for those who want to approach the decoration of their bed room with a modernist ae...","VELOMA – BEDROOM SET","Details and specifications; Highlights; Construction; Related Products; Visit the store","Approximately 113 product-specific words plus shared template copy","VELOMA – BEDROOM SET","Client-rendered Product + Offer + Breadcrumb + global FurnitureStore","Breadcrumb to Bedroom Sets; related products; WhatsApp; phone; map","Raw HTML is homepage shell/canonical until JS; material requires verification; availability claim requires update ownership; Product/Offer and global FurnitureStore schema are client-only and may contain unsupported fields","Verify source/rights/facts; apply product quality gate; prerender; add unique dimensions, room fit, material, care, delivery/access and image metadata; condition Offer","P2"
"https://luckyinteriorsfurniture.com/products/cosmo-bedroom-set","product","Indexable after JS; raw HTML canonical points to homepage; quality approval recommended","200","https://luckyinteriorsfurniture.com/products/cosmo-bedroom-set","Cosmo – Bedroom Set | Lucky Interiors Furniture","- The versatile Cosmo bed Room Set made of Compressed Board is perfect for those who want to approach the decoration of their bed room with a modernist aes...","Cosmo – Bedroom Set","Details and specifications; Highlights; Construction; Related Products; Visit the store","Approximately 144 product-specific words plus shared template copy","Cosmo – Bedroom Set","Client-rendered Product + Offer + Breadcrumb + global FurnitureStore","Breadcrumb to Bedroom Sets; related products; WhatsApp; phone; map","Raw HTML is homepage shell/canonical until JS; material requires verification; availability claim requires update ownership; Product/Offer and global FurnitureStore schema are client-only and may contain unsupported fields","Verify source/rights/facts; apply product quality gate; prerender; add unique dimensions, room fit, material, care, delivery/access and image metadata; condition Offer","P2"
"https://luckyinteriorsfurniture.com/products/tino-book-shelves","product","Indexable after JS; raw HTML canonical points to homepage; quality approval recommended","200","https://luckyinteriorsfurniture.com/products/tino-book-shelves","TINO – BOOK SHELVES | Lucky Interiors Furniture","Tino is Indian made Book Shelf, Storage Cabinet with glass doors it can also be use as file cabinet or multiple storage cabinet. Material: Ask for material...","TINO – BOOK SHELVES","Details and specifications; Highlights; Construction; Related Products; Visit the store","Approximately 61 product-specific words plus shared template copy","TINO – BOOK SHELVES","Client-rendered Product + Offer + Breadcrumb + global FurnitureStore","Breadcrumb to Bookshelves; related products; WhatsApp; phone; map","Raw HTML is homepage shell/canonical until JS; thin unique product content (~61 words); material requires verification; availability claim requires update ownership; Product/Offer and global FurnitureStore schema are client-only and may contain unsupported fields","Verify source/rights/facts; apply product quality gate; prerender; add unique dimensions, room fit, material, care, delivery/access and image metadata; condition Offer","P1 quality review"
"https://luckyinteriorsfurniture.com/products/diamond-bedroom-set","product","Indexable after JS; raw HTML canonical points to homepage; quality approval recommended","200","https://luckyinteriorsfurniture.com/products/diamond-bedroom-set","DIAMOND – BEDROOM SET | Lucky Interiors Furniture","- The versatile Diamond bed Room Set made of Compressed Board is perfect for those who want to approach the decoration of their bed room with a modernist a...","DIAMOND – BEDROOM SET","Details and specifications; Highlights; Construction; Related Products; Visit the store","Approximately 144 product-specific words plus shared template copy","DIAMOND – BEDROOM SET","Client-rendered Product + Offer + Breadcrumb + global FurnitureStore","Breadcrumb to Bedroom Sets; related products; WhatsApp; phone; map","Raw HTML is homepage shell/canonical until JS; material requires verification; availability claim requires update ownership; Product/Offer and global FurnitureStore schema are client-only and may contain unsupported fields","Verify source/rights/facts; apply product quality gate; prerender; add unique dimensions, room fit, material, care, delivery/access and image metadata; condition Offer","P2"
"https://luckyinteriorsfurniture.com/products/yet-conferance-chair-office-chair","product","Indexable after JS; raw HTML canonical points to homepage; quality approval recommended","200","https://luckyinteriorsfurniture.com/products/yet-conferance-chair-office-chair","YET CONFERANCE CHAIR – OFFICE CHAIR | Lucky Interiors Furniture","Yeti is Conferance chair with wooden desk , use in conferance room in Office Furniture or in study room. Material: Wood finish. Lucky Interiors Furniture,...","YET CONFERANCE CHAIR – OFFICE CHAIR","Details and specifications; Highlights; Construction; Related Products; Visit the store","Approximately 35 product-specific words plus shared template copy","YET CONFERANCE CHAIR – OFFICE CHAIR","Client-rendered Product + Offer + Breadcrumb + global FurnitureStore","Breadcrumb to Office Furniture; related products; WhatsApp; phone; map","Raw HTML is homepage shell/canonical until JS; long title (63 chars); thin unique product content (~35 words); availability claim requires update ownership; Product/Offer and global FurnitureStore schema are client-only and may contain unsupported fields","Verify source/rights/facts; apply product quality gate; prerender; add unique dimensions, room fit, material, care, delivery/access and image metadata; condition Offer","P1 quality review"
"https://luckyinteriorsfurniture.com/products/kalgi-sankheda-dining-set","product","Indexable after JS; raw HTML canonical points to homepage; quality approval recommended","200","https://luckyinteriorsfurniture.com/products/kalgi-sankheda-dining-set","KALGI – SANKHEDA DINING SET | Lucky Interiors Furniture","kalgi is Four seater Sankheda Dining Table Set with Four chair, made of solid Teak wood Indian Traditional Furniture looks like Antique Furniture. Material...","KALGI – SANKHEDA DINING SET","Details and specifications; Highlights; Construction; Related Products; Visit the store","Approximately 61 product-specific words plus shared template copy","KALGI – SANKHEDA DINING SET","Client-rendered Product + Offer + Breadcrumb + global FurnitureStore","Breadcrumb to Dining Sets; related products; WhatsApp; phone; map","Raw HTML is homepage shell/canonical until JS; thin unique product content (~61 words); availability claim requires update ownership; Product/Offer and global FurnitureStore schema are client-only and may contain unsupported fields","Verify source/rights/facts; apply product quality gate; prerender; add unique dimensions, room fit, material, care, delivery/access and image metadata; condition Offer","P1 quality review"
"https://luckyinteriorsfurniture.com/products/forsa-revolving-chair","product","Indexable after JS; raw HTML canonical points to homepage; quality approval recommended","200","https://luckyinteriorsfurniture.com/products/forsa-revolving-chair","FORSA – REVOLVING CHAIR | Lucky Interiors Furniture","This office chair is Revolving and hydraulic, very useful as Visitor chair and Revolving Staff chair in office and in conferance chair in conference room a...","FORSA – REVOLVING CHAIR","Details and specifications; Highlights; Construction; Related Products; Visit the store","Approximately 44 product-specific words plus shared template copy","FORSA – REVOLVING CHAIR","Client-rendered Product + Offer + Breadcrumb + global FurnitureStore","Breadcrumb to Office Furniture; related products; WhatsApp; phone; map","Raw HTML is homepage shell/canonical until JS; thin unique product content (~44 words); material requires verification; availability claim requires update ownership; Product/Offer and global FurnitureStore schema are client-only and may contain unsupported fields","Verify source/rights/facts; apply product quality gate; prerender; add unique dimensions, room fit, material, care, delivery/access and image metadata; condition Offer","P1 quality review"
"https://luckyinteriorsfurniture.com/products/cally-rocking-chair-new-arrival","product","Indexable after JS; raw HTML canonical points to homepage; quality approval recommended","200","https://luckyinteriorsfurniture.com/products/cally-rocking-chair-new-arrival","Cally Rocking Chair – New Arrival | Lucky Interiors Furniture","The Cally is Indian Wooden Rocking Chair, very comfortable for rest room furniture. Material: Wood finish. Lucky Interiors Furniture, Mumbai.","Cally Rocking Chair – New Arrival","Details and specifications; Highlights; Construction; Related Products; Visit the store","Approximately 28 product-specific words plus shared template copy","Cally Rocking Chair – New Arrival","Client-rendered Product + Offer + Breadcrumb + global FurnitureStore","Breadcrumb to Chairs; related products; WhatsApp; phone; map","Raw HTML is homepage shell/canonical until JS; long title (61 chars); thin unique product content (~28 words); availability claim requires update ownership; Product/Offer and global FurnitureStore schema are client-only and may contain unsupported fields","Verify source/rights/facts; apply product quality gate; prerender; add unique dimensions, room fit, material, care, delivery/access and image metadata; condition Offer","P1 quality review"
"https://luckyinteriorsfurniture.com/products/lisa-dining-set","product","Indexable after JS; raw HTML canonical points to homepage; quality approval recommended","200","https://luckyinteriorsfurniture.com/products/lisa-dining-set","Lisa – Dining Set | Lucky Interiors Furniture","Lisa is the best Rectangle dining set for the modern look in the dining room with Nano white Marble top Indian Dining set. This is Four Seater Indian Woode...","Lisa – Dining Set","Details and specifications; Highlights; Construction; Related Products; Visit the store","Approximately 84 product-specific words plus shared template copy","Lisa – Dining Set","Client-rendered Product + Offer + Breadcrumb + global FurnitureStore","Breadcrumb to Dining Sets; related products; WhatsApp; phone; map","Raw HTML is homepage shell/canonical until JS; thin unique product content (~84 words); availability claim requires update ownership; Product/Offer and global FurnitureStore schema are client-only and may contain unsupported fields","Verify source/rights/facts; apply product quality gate; prerender; add unique dimensions, room fit, material, care, delivery/access and image metadata; condition Offer","P1 quality review"
"https://luckyinteriorsfurniture.com/products/atlas-staff-cubicle","product","Indexable after JS; raw HTML canonical points to homepage; quality approval recommended","200","https://luckyinteriorsfurniture.com/products/atlas-staff-cubicle","Atlas Staff Cubicle – Office Table | Lucky Interiors Furniture","Atlas is very unique style of Staff table mainly can be use in Staff area or as Executive Table. This is two Seater Staff Table. Material: Ask for material...","Atlas Staff Cubicle – Office Table","Details and specifications; Highlights; Construction; Related Products; Visit the store","Approximately 68 product-specific words plus shared template copy","Atlas Staff Cubicle – Office Table","Client-rendered Product + Offer + Breadcrumb + global FurnitureStore","Breadcrumb to Office Furniture; related products; WhatsApp; phone; map","Raw HTML is homepage shell/canonical until JS; long title (62 chars); thin unique product content (~68 words); material requires verification; availability claim requires update ownership; Product/Offer and global FurnitureStore schema are client-only and may contain unsupported fields","Verify source/rights/facts; apply product quality gate; prerender; add unique dimensions, room fit, material, care, delivery/access and image metadata; condition Offer","P1 quality review"
"https://luckyinteriorsfurniture.com/products/fosta-revolving-chair","product","Indexable after JS; raw HTML canonical points to homepage; quality approval recommended","200","https://luckyinteriorsfurniture.com/products/fosta-revolving-chair","FOSTA – REVOLVING CHAIR | Lucky Interiors Furniture","Fosta is Highback Hydraulic Revolving chair, with soft p.u.leather. This office chair is Revolving and hydraulic with synchro system, very useful as Visito...","FOSTA – REVOLVING CHAIR","Details and specifications; Highlights; Construction; Related Products; Visit the store","Approximately 56 product-specific words plus shared template copy","FOSTA – REVOLVING CHAIR","Client-rendered Product + Offer + Breadcrumb + global FurnitureStore","Breadcrumb to Office Furniture; related products; WhatsApp; phone; map","Raw HTML is homepage shell/canonical until JS; thin unique product content (~56 words); material requires verification; availability claim requires update ownership; Product/Offer and global FurnitureStore schema are client-only and may contain unsupported fields","Verify source/rights/facts; apply product quality gate; prerender; add unique dimensions, room fit, material, care, delivery/access and image metadata; condition Offer","P1 quality review"
"https://luckyinteriorsfurniture.com/products/mesh-chair-with-padded-lumbar","product","Indexable after JS; raw HTML canonical points to homepage; quality approval recommended","200","https://luckyinteriorsfurniture.com/products/mesh-chair-with-padded-lumbar","Mesh Chair with Padded Lumbar | Lucky Interiors Furniture","Panda is medium back Hydraulic Revolving chair, with soft p.u.leather. This office chair is Revolving and hydraulic with synchro system, very useful as Vis...","Mesh Chair with Padded Lumbar","Details and specifications; Highlights; Construction; Related Products; Visit the store","Approximately 58 product-specific words plus shared template copy","Mesh Chair with Padded Lumbar","Client-rendered Product + Offer + Breadcrumb + global FurnitureStore","Breadcrumb to Office Furniture; related products; WhatsApp; phone; map","Raw HTML is homepage shell/canonical until JS; thin unique product content (~58 words); material requires verification; availability claim requires update ownership; Product/Offer and global FurnitureStore schema are client-only and may contain unsupported fields","Verify source/rights/facts; apply product quality gate; prerender; add unique dimensions, room fit, material, care, delivery/access and image metadata; condition Offer","P1 quality review"
"https://luckyinteriorsfurniture.com/products/avon-office-table","product","Indexable after JS; raw HTML canonical points to homepage; quality approval recommended","200","https://luckyinteriorsfurniture.com/products/avon-office-table","Avon – Office Table | Lucky Interiors Furniture","Avon is very unique style of Office table mainly can be used as Staff Table or in Executive cabin as Executive table. Material: Ask for material details. D...","Avon – Office Table","Details and specifications; Highlights; Construction; Related Products; Visit the store","Approximately 69 product-specific words plus shared template copy","Avon – Office Table","Client-rendered Product + Offer + Breadcrumb + global FurnitureStore","Breadcrumb to Office Furniture; related products; WhatsApp; phone; map","Raw HTML is homepage shell/canonical until JS; thin unique product content (~69 words); material requires verification; availability claim requires update ownership; Product/Offer and global FurnitureStore schema are client-only and may contain unsupported fields","Verify source/rights/facts; apply product quality gate; prerender; add unique dimensions, room fit, material, care, delivery/access and image metadata; condition Offer","P1 quality review"
"https://luckyinteriorsfurniture.com/products/louis-dining-set","product","Indexable after JS; raw HTML canonical points to homepage; quality approval recommended","200","https://luckyinteriorsfurniture.com/products/louis-dining-set","LOUIS – DINING SET | Lucky Interiors Furniture","this is Imported set with Marble top slight brown colour marble beading is compulsary for add on creativity. Material: Ask for material details. Dimensions...","LOUIS – DINING SET","Details and specifications; Highlights; Construction; Related Products; Visit the store","Approximately 79 product-specific words plus shared template copy","LOUIS – DINING SET","Client-rendered Product + Offer + Breadcrumb + global FurnitureStore","Breadcrumb to Dining Sets; related products; WhatsApp; phone; map","Raw HTML is homepage shell/canonical until JS; thin unique product content (~79 words); material requires verification; availability claim requires update ownership; Product/Offer and global FurnitureStore schema are client-only and may contain unsupported fields","Verify source/rights/facts; apply product quality gate; prerender; add unique dimensions, room fit, material, care, delivery/access and image metadata; condition Offer","P1 quality review"
"https://luckyinteriorsfurniture.com/products/hilton-dining-set","product","Indexable after JS; raw HTML canonical points to homepage; quality approval recommended","200","https://luckyinteriorsfurniture.com/products/hilton-dining-set","HILTON – DINING TABLE | Lucky Interiors Furniture","‘-Hilton is best Rectangle dining set for the modern look in the dining room with Nano white Marble top Indian Diningset. This is Four Seater Indian Wooden...","HILTON – DINING TABLE","Details and specifications; Highlights; Construction; Related Products; Visit the store","Approximately 82 product-specific words plus shared template copy","HILTON – DINING TABLE","Client-rendered Product + Offer + Breadcrumb + global FurnitureStore","Breadcrumb to Dining Sets; related products; WhatsApp; phone; map","Raw HTML is homepage shell/canonical until JS; thin unique product content (~82 words); availability claim requires update ownership; Product/Offer and global FurnitureStore schema are client-only and may contain unsupported fields","Verify source/rights/facts; apply product quality gate; prerender; add unique dimensions, room fit, material, care, delivery/access and image metadata; condition Offer","P1 quality review"
"https://luckyinteriorsfurniture.com/products/cherish-dining-set","product","Indexable after JS; raw HTML canonical points to homepage; quality approval recommended","200","https://luckyinteriorsfurniture.com/products/cherish-dining-set","Cherish – Dining Table Set | Lucky Interiors Furniture","‘-CherisH is best Rectangle dining set for the modern look in the dining room with new stylish look of Designer Glass top Indian Diningset. This is Six Sea...","Cherish – Dining Table Set","Details and specifications; Highlights; Construction; Related Products; Visit the store","Approximately 98 product-specific words plus shared template copy","Cherish – Dining Table Set","Client-rendered Product + Offer + Breadcrumb + global FurnitureStore","Breadcrumb to Dining Sets; related products; WhatsApp; phone; map","Raw HTML is homepage shell/canonical until JS; thin unique product content (~98 words); availability claim requires update ownership; Product/Offer and global FurnitureStore schema are client-only and may contain unsupported fields","Verify source/rights/facts; apply product quality gate; prerender; add unique dimensions, room fit, material, care, delivery/access and image metadata; condition Offer","P1 quality review"
"https://luckyinteriorsfurniture.com/products/freeza-dining-set","product","Indexable after JS; raw HTML canonical points to homepage; quality approval recommended","200","https://luckyinteriorsfurniture.com/products/freeza-dining-set","BREEZA – DINING SET | Lucky Interiors Furniture","this is imported set with Marble top slight brown colour marble beading is compulsary for add on creativity. Material: Ask for material details. Dimensions...","BREEZA – DINING SET","Details and specifications; Highlights; Construction; Related Products; Visit the store","Approximately 67 product-specific words plus shared template copy","BREEZA – DINING SET","Client-rendered Product + Offer + Breadcrumb + global FurnitureStore","Breadcrumb to Dining Sets; related products; WhatsApp; phone; map","Raw HTML is homepage shell/canonical until JS; duplicate rendered meta description across 2 URLs; thin unique product content (~67 words); material requires verification; availability claim requires update ownership; Product/Offer and global FurnitureStore schema are client-only and may contain unsupported fields","Verify source/rights/facts; apply product quality gate; prerender; add unique dimensions, room fit, material, care, delivery/access and image metadata; condition Offer","P1 quality review"
"https://luckyinteriorsfurniture.com/products/yelta-dining-set","product","Indexable after JS; raw HTML canonical points to homepage; quality approval recommended","200","https://luckyinteriorsfurniture.com/products/yelta-dining-set","YELTA – DINING SET | Lucky Interiors Furniture","this is imported set with Round Marble top slight brown colour marble beading is compulsary for add on creativity. Material: Ask for material details. Dime...","YELTA – DINING SET","Details and specifications; Highlights; Construction; Related Products; Visit the store","Approximately 80 product-specific words plus shared template copy","YELTA – DINING SET","Client-rendered Product + Offer + Breadcrumb + global FurnitureStore","Breadcrumb to Dining Sets; related products; WhatsApp; phone; map","Raw HTML is homepage shell/canonical until JS; thin unique product content (~80 words); material requires verification; availability claim requires update ownership; Product/Offer and global FurnitureStore schema are client-only and may contain unsupported fields","Verify source/rights/facts; apply product quality gate; prerender; add unique dimensions, room fit, material, care, delivery/access and image metadata; condition Offer","P1 quality review"
"https://luckyinteriorsfurniture.com/products/chex-dining-set","product","Indexable after JS; raw HTML canonical points to homepage; quality approval recommended","200","https://luckyinteriorsfurniture.com/products/chex-dining-set","Chex – Dining Set | Lucky Interiors Furniture","‘-Chex is best Rectangle dining set for the modern look in the dining room with a new stylish look of Designer wooden top Indian Dining set. This is Six Se...","Chex – Dining Set","Details and specifications; Highlights; Construction; Related Products; Visit the store","Approximately 89 product-specific words plus shared template copy","Chex – Dining Set","Client-rendered Product + Offer + Breadcrumb + global FurnitureStore","Breadcrumb to Dining Sets; related products; WhatsApp; phone; map","Raw HTML is homepage shell/canonical until JS; thin unique product content (~89 words); availability claim requires update ownership; Product/Offer and global FurnitureStore schema are client-only and may contain unsupported fields","Verify source/rights/facts; apply product quality gate; prerender; add unique dimensions, room fit, material, care, delivery/access and image metadata; condition Offer","P1 quality review"
"https://luckyinteriorsfurniture.com/products/santro-dining-set","product","Indexable after JS; raw HTML canonical points to homepage; quality approval recommended","200","https://luckyinteriorsfurniture.com/products/santro-dining-set","SANTRO – DINING SET | Lucky Interiors Furniture","‘-Santro is best Rectangle dining set for the modern look in the dining room with Nano white Marble top Indian Diningset. This is Six Seater Indian Wooden...","SANTRO – DINING SET","Details and specifications; Highlights; Construction; Related Products; Visit the store","Approximately 96 product-specific words plus shared template copy","SANTRO – DINING SET","Client-rendered Product + Offer + Breadcrumb + global FurnitureStore","Breadcrumb to Dining Sets; related products; WhatsApp; phone; map","Raw HTML is homepage shell/canonical until JS; thin unique product content (~96 words); availability claim requires update ownership; Product/Offer and global FurnitureStore schema are client-only and may contain unsupported fields","Verify source/rights/facts; apply product quality gate; prerender; add unique dimensions, room fit, material, care, delivery/access and image metadata; condition Offer","P1 quality review"
"https://luckyinteriorsfurniture.com/products/morina-dining-set","product","Indexable after JS; raw HTML canonical points to homepage; quality approval recommended","200","https://luckyinteriorsfurniture.com/products/morina-dining-set","MORINA – DINING SET | Lucky Interiors Furniture","‘-Morina is best Rectangle dining set for the modern look in the dining room with Artificial Marble top Imported Dining set. This is four Seater Imported M...","MORINA – DINING SET","Details and specifications; Highlights; Construction; Related Products; Visit the store","Approximately 86 product-specific words plus shared template copy","MORINA – DINING SET","Client-rendered Product + Offer + Breadcrumb + global FurnitureStore","Breadcrumb to Dining Sets; related products; WhatsApp; phone; map","Raw HTML is homepage shell/canonical until JS; thin unique product content (~86 words); material requires verification; availability claim requires update ownership; Product/Offer and global FurnitureStore schema are client-only and may contain unsupported fields","Verify source/rights/facts; apply product quality gate; prerender; add unique dimensions, room fit, material, care, delivery/access and image metadata; condition Offer","P1 quality review"
"https://luckyinteriorsfurniture.com/products/miami-office-table","product","Indexable after JS; raw HTML canonical points to homepage; quality approval recommended","200","https://luckyinteriorsfurniture.com/products/miami-office-table","Miami – Office Table | Lucky Interiors Furniture","Miami is very unique style of Executive table mainly can be use in Boss cabin or Executive cabin as Boss table and Executive table. Material: Ask for mater...","Miami – Office Table","Details and specifications; Highlights; Construction; Related Products; Visit the store","Approximately 67 product-specific words plus shared template copy","Miami – Office Table","Client-rendered Product + Offer + Breadcrumb + global FurnitureStore","Breadcrumb to Office Furniture; related products; WhatsApp; phone; map","Raw HTML is homepage shell/canonical until JS; thin unique product content (~67 words); material requires verification; availability claim requires update ownership; Product/Offer and global FurnitureStore schema are client-only and may contain unsupported fields","Verify source/rights/facts; apply product quality gate; prerender; add unique dimensions, room fit, material, care, delivery/access and image metadata; condition Offer","P1 quality review"
"https://luckyinteriorsfurniture.com/products/froza-dining-set","product","Indexable after JS; raw HTML canonical points to homepage; quality approval recommended","200","https://luckyinteriorsfurniture.com/products/froza-dining-set","FROZA – DINING SET | Lucky Interiors Furniture","‘-Froza is best Rectangle dining set for the modern look in the dining room with Nano Marble top Indian Diningset. This is four Seater Indian Wooden Dining...","FROZA – DINING SET","Details and specifications; Highlights; Construction; Related Products; Visit the store","Approximately 81 product-specific words plus shared template copy","FROZA – DINING SET","Client-rendered Product + Offer + Breadcrumb + global FurnitureStore","Breadcrumb to Dining Sets; related products; WhatsApp; phone; map","Raw HTML is homepage shell/canonical until JS; thin unique product content (~81 words); availability claim requires update ownership; Product/Offer and global FurnitureStore schema are client-only and may contain unsupported fields","Verify source/rights/facts; apply product quality gate; prerender; add unique dimensions, room fit, material, care, delivery/access and image metadata; condition Offer","P1 quality review"
"https://luckyinteriorsfurniture.com/products/morim-dining-set","product","Indexable after JS; raw HTML canonical points to homepage; quality approval recommended","200","https://luckyinteriorsfurniture.com/products/morim-dining-set","MORIM – DINING SET | Lucky Interiors Furniture","‘-Morim is best Rectangle dining set for the modern look in the dining room with Nano Marble top Indian Diningset. This is Six Seater Indian Wooden Dining...","MORIM – DINING SET","Details and specifications; Highlights; Construction; Related Products; Visit the store","Approximately 93 product-specific words plus shared template copy","MORIM – DINING SET","Client-rendered Product + Offer + Breadcrumb + global FurnitureStore","Breadcrumb to Dining Sets; related products; WhatsApp; phone; map","Raw HTML is homepage shell/canonical until JS; thin unique product content (~93 words); availability claim requires update ownership; Product/Offer and global FurnitureStore schema are client-only and may contain unsupported fields","Verify source/rights/facts; apply product quality gate; prerender; add unique dimensions, room fit, material, care, delivery/access and image metadata; condition Offer","P1 quality review"
"https://luckyinteriorsfurniture.com/products/minolta-dining-set","product","Indexable after JS; raw HTML canonical points to homepage; quality approval recommended","200","https://luckyinteriorsfurniture.com/products/minolta-dining-set","MINOLTA – DINING SET | Lucky Interiors Furniture","this is imported set with Marble top slight brown colour marble beading is compulsary for add on creativity. Material: Ask for material details. Dimensions...","MINOLTA – DINING SET","Details and specifications; Highlights; Construction; Related Products; Visit the store","Approximately 79 product-specific words plus shared template copy","MINOLTA – DINING SET","Client-rendered Product + Offer + Breadcrumb + global FurnitureStore","Breadcrumb to Dining Sets; related products; WhatsApp; phone; map","Raw HTML is homepage shell/canonical until JS; duplicate rendered meta description across 2 URLs; thin unique product content (~79 words); material requires verification; availability claim requires update ownership; Product/Offer and global FurnitureStore schema are client-only and may contain unsupported fields","Verify source/rights/facts; apply product quality gate; prerender; add unique dimensions, room fit, material, care, delivery/access and image metadata; condition Offer","P1 quality review"
"https://luckyinteriorsfurniture.com/products/verona-dining-set","product","Indexable after JS; raw HTML canonical points to homepage; quality approval recommended","200","https://luckyinteriorsfurniture.com/products/verona-dining-set","VERONA – DINING SET | Lucky Interiors Furniture","Brown cushions go well with finishing of wooden and this is the pattern followed in this dining table set. The marble top adds a sophistication. Material:...","VERONA – DINING SET","Details and specifications; Highlights; Construction; Related Products; Visit the store","Approximately 54 product-specific words plus shared template copy","VERONA – DINING SET","Client-rendered Product + Offer + Breadcrumb + global FurnitureStore","Breadcrumb to Dining Sets; related products; WhatsApp; phone; map","Raw HTML is homepage shell/canonical until JS; thin unique product content (~54 words); availability claim requires update ownership; Product/Offer and global FurnitureStore schema are client-only and may contain unsupported fields","Verify source/rights/facts; apply product quality gate; prerender; add unique dimensions, room fit, material, care, delivery/access and image metadata; condition Offer","P1 quality review"
"https://luckyinteriorsfurniture.com/products/bella-dining-set","product","Indexable after JS; raw HTML canonical points to homepage; quality approval recommended","200","https://luckyinteriorsfurniture.com/products/bella-dining-set","Bella – Dining Set | Lucky Interiors Furniture","‘-Bella is best Rectangle dining set for the modern look in the dining room with Marble top Indian Diningset. This is Six Seater Indian Wooden Dining Set....","Bella – Dining Set","Details and specifications; Highlights; Construction; Related Products; Visit the store","Approximately 80 product-specific words plus shared template copy","Bella – Dining Set","Client-rendered Product + Offer + Breadcrumb + global FurnitureStore","Breadcrumb to Dining Sets; related products; WhatsApp; phone; map","Raw HTML is homepage shell/canonical until JS; thin unique product content (~80 words); availability claim requires update ownership; Product/Offer and global FurnitureStore schema are client-only and may contain unsupported fields","Verify source/rights/facts; apply product quality gate; prerender; add unique dimensions, room fit, material, care, delivery/access and image metadata; condition Offer","P1 quality review"
"https://luckyinteriorsfurniture.com/products/giza-t-v-unit","product","Indexable after JS; raw HTML canonical points to homepage; quality approval recommended","200","https://luckyinteriorsfurniture.com/products/giza-t-v-unit","GIZA – T.V.UNIT | Lucky Interiors Furniture","Giza is Indian made wall Unit made of glossy red finish + white P.U.High Gloss Compressed board. Giza T.V.Unit is main highlight L.C.D. Unit, T.V.Cabinet f...","GIZA – T.V.UNIT","Details and specifications; Highlights; Construction; Related Products; Visit the store","Approximately 75 product-specific words plus shared template copy","GIZA – T.V.UNIT","Client-rendered Product + Offer + Breadcrumb + global FurnitureStore","Breadcrumb to TV Unit & Cabinets; related products; WhatsApp; phone; map","Raw HTML is homepage shell/canonical until JS; thin unique product content (~75 words); material requires verification; availability claim requires update ownership; Product/Offer and global FurnitureStore schema are client-only and may contain unsupported fields","Verify source/rights/facts; apply product quality gate; prerender; add unique dimensions, room fit, material, care, delivery/access and image metadata; condition Offer","P1 quality review"
"https://luckyinteriorsfurniture.com/products/jetta-wall-unit","product","Indexable after JS; raw HTML canonical points to homepage; quality approval recommended","200","https://luckyinteriorsfurniture.com/products/jetta-wall-unit","JETTA – WALL UNIT | Lucky Interiors Furniture","Jetta is Indian made wall Unit made of matt wooden finish Compressed board. Jetta is main highlight L.C.D. Unit, T.V.Cabinet for Living Room Furniture. Mat...","JETTA – WALL UNIT","Details and specifications; Highlights; Construction; Related Products; Visit the store","Approximately 61 product-specific words plus shared template copy","JETTA – WALL UNIT","Client-rendered Product + Offer + Breadcrumb + global FurnitureStore","Breadcrumb to TV Unit & Cabinets; related products; WhatsApp; phone; map","Raw HTML is homepage shell/canonical until JS; thin unique product content (~61 words); availability claim requires update ownership; Product/Offer and global FurnitureStore schema are client-only and may contain unsupported fields","Verify source/rights/facts; apply product quality gate; prerender; add unique dimensions, room fit, material, care, delivery/access and image metadata; condition Offer","P1 quality review"
"https://luckyinteriorsfurniture.com/products/polo-wall-unit","product","Indexable after JS; raw HTML canonical points to homepage; quality approval recommended","200","https://luckyinteriorsfurniture.com/products/polo-wall-unit","POLO – WALL UNIT | Lucky Interiors Furniture","Polo is Indian made wall Unit made of matt wooden finish + white P.U.High Gloss Compressed board. Polo is main highlight L.C.D. Unit, T.V.Cabinet for Livin...","POLO – WALL UNIT","Details and specifications; Highlights; Construction; Related Products; Visit the store","Approximately 65 product-specific words plus shared template copy","POLO – WALL UNIT","Client-rendered Product + Offer + Breadcrumb + global FurnitureStore","Breadcrumb to TV Unit & Cabinets; related products; WhatsApp; phone; map","Raw HTML is homepage shell/canonical until JS; thin unique product content (~65 words); availability claim requires update ownership; Product/Offer and global FurnitureStore schema are client-only and may contain unsupported fields","Verify source/rights/facts; apply product quality gate; prerender; add unique dimensions, room fit, material, care, delivery/access and image metadata; condition Offer","P1 quality review"
"https://luckyinteriorsfurniture.com/products/moca-bedroom-set","product","Indexable after JS; raw HTML canonical points to homepage; quality approval recommended","200","https://luckyinteriorsfurniture.com/products/moca-bedroom-set","MOCA – BEDROOM SET | Lucky Interiors Furniture","- The versatile Moca bed Room Set made of Compressed Board is perfect for those who want to approach the decoration of their bed room with a modernist aest...","MOCA – BEDROOM SET","Details and specifications; Highlights; Construction; Related Products; Visit the store","Approximately 146 product-specific words plus shared template copy","MOCA – BEDROOM SET","Client-rendered Product + Offer + Breadcrumb + global FurnitureStore","Breadcrumb to Bedroom Sets; related products; WhatsApp; phone; map","Raw HTML is homepage shell/canonical until JS; material requires verification; availability claim requires update ownership; Product/Offer and global FurnitureStore schema are client-only and may contain unsupported fields","Verify source/rights/facts; apply product quality gate; prerender; add unique dimensions, room fit, material, care, delivery/access and image metadata; condition Offer","P2"
"https://luckyinteriorsfurniture.com/products/roma-bedroom-set","product","Indexable after JS; raw HTML canonical points to homepage; quality approval recommended","200","https://luckyinteriorsfurniture.com/products/roma-bedroom-set","ROMA – BEDROOM SET | Lucky Interiors Furniture","The versatile Roma Bedroom Set made of Compressed board is perfect for those who want to approach the decoration of their bed room with a modernist aesthet...","ROMA – BEDROOM SET","Details and specifications; Highlights; Construction; Related Products; Visit the store","Approximately 142 product-specific words plus shared template copy","ROMA – BEDROOM SET","Client-rendered Product + Offer + Breadcrumb + global FurnitureStore","Breadcrumb to Bedroom Sets; related products; WhatsApp; phone; map","Raw HTML is homepage shell/canonical until JS; material requires verification; availability claim requires update ownership; Product/Offer and global FurnitureStore schema are client-only and may contain unsupported fields","Verify source/rights/facts; apply product quality gate; prerender; add unique dimensions, room fit, material, care, delivery/access and image metadata; condition Offer","P2"
"https://luckyinteriorsfurniture.com/products/wega-bedroom-set","product","Indexable after JS; raw HTML canonical points to homepage; quality approval recommended","200","https://luckyinteriorsfurniture.com/products/wega-bedroom-set","WEGA – BEDROOM SET | Lucky Interiors Furniture","- The versatile Wega bed Room Furniture made of compressed wood is perfect for those who want to approach the decoration of their bed room with a modernist...","WEGA – BEDROOM SET","Details and specifications; Highlights; Construction; Related Products; Visit the store","Approximately 134 product-specific words plus shared template copy","WEGA – BEDROOM SET","Client-rendered Product + Offer + Breadcrumb + global FurnitureStore","Breadcrumb to Bedroom Sets; related products; WhatsApp; phone; map","Raw HTML is homepage shell/canonical until JS; availability claim requires update ownership; Product/Offer and global FurnitureStore schema are client-only and may contain unsupported fields","Verify source/rights/facts; apply product quality gate; prerender; add unique dimensions, room fit, material, care, delivery/access and image metadata; condition Offer","P2"
"https://luckyinteriorsfurniture.com/products/bravo-office-table","product","Indexable after JS; raw HTML canonical points to homepage; quality approval recommended","200","https://luckyinteriorsfurniture.com/products/bravo-office-table","Bravo – Office Table | Lucky Interiors Furniture","Bravo is very unique style of Executive table mainly can be use in Boss cabin or Executive cabin. The main beauty is postforming top and both sides with 52...","Bravo – Office Table","Details and specifications; Highlights; Construction; Related Products; Visit the store","Approximately 86 product-specific words plus shared template copy","Bravo – Office Table","Client-rendered Product + Offer + Breadcrumb + global FurnitureStore","Breadcrumb to Office Furniture; related products; WhatsApp; phone; map","Raw HTML is homepage shell/canonical until JS; thin unique product content (~86 words); material requires verification; availability claim requires update ownership; Product/Offer and global FurnitureStore schema are client-only and may contain unsupported fields","Verify source/rights/facts; apply product quality gate; prerender; add unique dimensions, room fit, material, care, delivery/access and image metadata; condition Offer","P1 quality review"
"https://luckyinteriorsfurniture.com/products/tesa-office-table","product","Indexable after JS; raw HTML canonical points to homepage; quality approval recommended","200","https://luckyinteriorsfurniture.com/products/tesa-office-table","TESA – OFFICE TABLE | Lucky Interiors Furniture","Tesa is very unique style of Executive table mainly can be used in Boss cabin or Executive cabin as Boss table and Executive table. The main beauty is the...","TESA – OFFICE TABLE","Details and specifications; Highlights; Construction; Related Products; Visit the store","Approximately 111 product-specific words plus shared template copy","TESA – OFFICE TABLE","Client-rendered Product + Offer + Breadcrumb + global FurnitureStore","Breadcrumb to Office Furniture; related products; WhatsApp; phone; map","Raw HTML is homepage shell/canonical until JS; availability claim requires update ownership; Product/Offer and global FurnitureStore schema are client-only and may contain unsupported fields","Verify source/rights/facts; apply product quality gate; prerender; add unique dimensions, room fit, material, care, delivery/access and image metadata; condition Offer","P2"
"https://luckyinteriorsfurniture.com/products/crona-office-table","product","Indexable after JS; raw HTML canonical points to homepage; quality approval recommended","200","https://luckyinteriorsfurniture.com/products/crona-office-table","CRONA – OFFICE TABLE | Lucky Interiors Furniture","Crona is very unique style of Executive table mainly can be used in Boss cabin or Executive cabin as Boss table and Executive table. The main beauty is pos...","CRONA – OFFICE TABLE","Details and specifications; Highlights; Construction; Related Products; Visit the store","Approximately 133 product-specific words plus shared template copy","CRONA – OFFICE TABLE","Client-rendered Product + Offer + Breadcrumb + global FurnitureStore","Breadcrumb to Office Furniture; related products; WhatsApp; phone; map","Raw HTML is homepage shell/canonical until JS; availability claim requires update ownership; Product/Offer and global FurnitureStore schema are client-only and may contain unsupported fields","Verify source/rights/facts; apply product quality gate; prerender; add unique dimensions, room fit, material, care, delivery/access and image metadata; condition Offer","P2"
"https://luckyinteriorsfurniture.com/products/wega-office-table","product","Indexable after JS; raw HTML canonical points to homepage; quality approval recommended","200","https://luckyinteriorsfurniture.com/products/wega-office-table","WEGA – OFFICE TABLE | Lucky Interiors Furniture","Wega is very unique style of Executive table mainly can be used in Boss cabin or Executive cabin as Boss table and Executive table. Size :- main table :- 6...","WEGA – OFFICE TABLE","Details and specifications; Highlights; Construction; Related Products; Visit the store","Approximately 79 product-specific words plus shared template copy","WEGA – OFFICE TABLE","Client-rendered Product + Offer + Breadcrumb + global FurnitureStore","Breadcrumb to Office Furniture; related products; WhatsApp; phone; map","Raw HTML is homepage shell/canonical until JS; thin unique product content (~79 words); material requires verification; availability claim requires update ownership; Product/Offer and global FurnitureStore schema are client-only and may contain unsupported fields","Verify source/rights/facts; apply product quality gate; prerender; add unique dimensions, room fit, material, care, delivery/access and image metadata; condition Offer","P1 quality review"
"https://luckyinteriorsfurniture.com/products/frosa-office-table","product","Indexable after JS; raw HTML canonical points to homepage; quality approval recommended","200","https://luckyinteriorsfurniture.com/products/frosa-office-table","FROSA – OFFICE TABLE | Lucky Interiors Furniture","Kenon is very unique style of Executive table mainly can be use in Boss cabin or Executive cabin. The main beauty is postforming top with given double thic...","FROSA – OFFICE TABLE","Details and specifications; Highlights; Construction; Related Products; Visit the store","Approximately 127 product-specific words plus shared template copy","FROSA – OFFICE TABLE","Client-rendered Product + Offer + Breadcrumb + global FurnitureStore","Breadcrumb to Office Furniture; related products; WhatsApp; phone; map","Raw HTML is homepage shell/canonical until JS; availability claim requires update ownership; Product/Offer and global FurnitureStore schema are client-only and may contain unsupported fields","Verify source/rights/facts; apply product quality gate; prerender; add unique dimensions, room fit, material, care, delivery/access and image metadata; condition Offer","P2"
"https://luckyinteriorsfurniture.com/products/kenton-office-table","product","Indexable after JS; raw HTML canonical points to homepage; quality approval recommended","200","https://luckyinteriorsfurniture.com/products/kenton-office-table","KENTON – OFFICE TABLE | Lucky Interiors Furniture","Kenton is a stylish yet perfect for office use. This table with give you ample of storage and sufficient desk space to work on. It is very comfortable with...","KENTON – OFFICE TABLE","Details and specifications; Highlights; Construction; Related Products; Visit the store","Approximately 105 product-specific words plus shared template copy","KENTON – OFFICE TABLE","Client-rendered Product + Offer + Breadcrumb + global FurnitureStore","Breadcrumb to Office Furniture; related products; WhatsApp; phone; map","Raw HTML is homepage shell/canonical until JS; material requires verification; availability claim requires update ownership; Product/Offer and global FurnitureStore schema are client-only and may contain unsupported fields","Verify source/rights/facts; apply product quality gate; prerender; add unique dimensions, room fit, material, care, delivery/access and image metadata; condition Offer","P2"
"https://luckyinteriorsfurniture.com/products/hexa-office-table","product","Indexable after JS; raw HTML canonical points to homepage; quality approval recommended","200","https://luckyinteriorsfurniture.com/products/hexa-office-table","HEXA – OFFICE TABLE | Lucky Interiors Furniture","Hexa is very unique style of Executive table mainly can be use in Boss cabin or Executive cabin. The main beauty is white top with 25 mm. thickness. The ma...","HEXA – OFFICE TABLE","Details and specifications; Highlights; Construction; Related Products; Visit the store","Approximately 120 product-specific words plus shared template copy","HEXA – OFFICE TABLE","Client-rendered Product + Offer + Breadcrumb + global FurnitureStore","Breadcrumb to Office Furniture; related products; WhatsApp; phone; map","Raw HTML is homepage shell/canonical until JS; material requires verification; availability claim requires update ownership; Product/Offer and global FurnitureStore schema are client-only and may contain unsupported fields","Verify source/rights/facts; apply product quality gate; prerender; add unique dimensions, room fit, material, care, delivery/access and image metadata; condition Offer","P2"
"https://luckyinteriorsfurniture.com/products/zeta-office-table","product","Indexable after JS; raw HTML canonical points to homepage; quality approval recommended","200","https://luckyinteriorsfurniture.com/products/zeta-office-table","ZETA – OFFICE TABLE | Lucky Interiors Furniture","Zeta is very unique style of Executive table mainly can be use in Boss cabin or Executive cabin. The main beauty is postforming top with 52 mm. thickness....","ZETA – OFFICE TABLE","Details and specifications; Highlights; Construction; Related Products; Visit the store","Approximately 127 product-specific words plus shared template copy","ZETA – OFFICE TABLE","Client-rendered Product + Offer + Breadcrumb + global FurnitureStore","Breadcrumb to Office Furniture; related products; WhatsApp; phone; map","Raw HTML is homepage shell/canonical until JS; availability claim requires update ownership; Product/Offer and global FurnitureStore schema are client-only and may contain unsupported fields","Verify source/rights/facts; apply product quality gate; prerender; add unique dimensions, room fit, material, care, delivery/access and image metadata; condition Offer","P2"
"https://luckyinteriorsfurniture.com/products/costa-office-table","product","Indexable after JS; raw HTML canonical points to homepage; quality approval recommended","200","https://luckyinteriorsfurniture.com/products/costa-office-table","COSTA – OFFICE TABLE | Lucky Interiors Furniture","Costa is very unique style of Executive table mainly can be use in Boss cabin or Executive cabin. The main beauty is postforming top with 25 mm. thickness....","COSTA – OFFICE TABLE","Details and specifications; Highlights; Construction; Related Products; Visit the store","Approximately 127 product-specific words plus shared template copy","COSTA – OFFICE TABLE","Client-rendered Product + Offer + Breadcrumb + global FurnitureStore","Breadcrumb to Office Furniture; related products; WhatsApp; phone; map","Raw HTML is homepage shell/canonical until JS; availability claim requires update ownership; Product/Offer and global FurnitureStore schema are client-only and may contain unsupported fields","Verify source/rights/facts; apply product quality gate; prerender; add unique dimensions, room fit, material, care, delivery/access and image metadata; condition Offer","P2"
"https://luckyinteriorsfurniture.com/products/megna-office-table","product","Indexable after JS; raw HTML canonical points to homepage; quality approval recommended","200","https://luckyinteriorsfurniture.com/products/megna-office-table","MEGNA – OFFICE TABLE | Lucky Interiors Furniture","Megna is very unique style of Executive table mainly can be used in Boss cabin or Executive cabin. The main beauty is post-forming top with 52 mm. thicknes...","MEGNA – OFFICE TABLE","Details and specifications; Highlights; Construction; Related Products; Visit the store","Approximately 127 product-specific words plus shared template copy","MEGNA – OFFICE TABLE","Client-rendered Product + Offer + Breadcrumb + global FurnitureStore","Breadcrumb to Office Furniture; related products; WhatsApp; phone; map","Raw HTML is homepage shell/canonical until JS; availability claim requires update ownership; Product/Offer and global FurnitureStore schema are client-only and may contain unsupported fields","Verify source/rights/facts; apply product quality gate; prerender; add unique dimensions, room fit, material, care, delivery/access and image metadata; condition Offer","P2"
"https://luckyinteriorsfurniture.com/products/delta-office-table","product","Indexable after JS; raw HTML canonical points to homepage; quality approval recommended","200","https://luckyinteriorsfurniture.com/products/delta-office-table","DELTA – OFFICE TABLE | Lucky Interiors Furniture","Delta is very unique style of Executive table mainly can be use in Boss cabin or Executive cabin. The main beauty is postforming top and both sides with 25...","DELTA – OFFICE TABLE","Details and specifications; Highlights; Construction; Related Products; Visit the store","Approximately 130 product-specific words plus shared template copy","DELTA – OFFICE TABLE","Client-rendered Product + Offer + Breadcrumb + global FurnitureStore","Breadcrumb to Office Furniture; related products; WhatsApp; phone; map","Raw HTML is homepage shell/canonical until JS; availability claim requires update ownership; Product/Offer and global FurnitureStore schema are client-only and may contain unsupported fields","Verify source/rights/facts; apply product quality gate; prerender; add unique dimensions, room fit, material, care, delivery/access and image metadata; condition Offer","P2"
"https://luckyinteriorsfurniture.com/products/gema-office-table","product","Indexable after JS; raw HTML canonical points to homepage; quality approval recommended","200","https://luckyinteriorsfurniture.com/products/gema-office-table","GEMA – OFFICE TABLE | Lucky Interiors Furniture","Gema is very unique style of Executive table mainly can be use in Boss cabin or Executive cabin. The main beauty is postforming top and both sides with 52m...","GEMA – OFFICE TABLE","Details and specifications; Highlights; Construction; Related Products; Visit the store","Approximately 129 product-specific words plus shared template copy","GEMA – OFFICE TABLE","Client-rendered Product + Offer + Breadcrumb + global FurnitureStore","Breadcrumb to Office Furniture; related products; WhatsApp; phone; map","Raw HTML is homepage shell/canonical until JS; availability claim requires update ownership; Product/Offer and global FurnitureStore schema are client-only and may contain unsupported fields","Verify source/rights/facts; apply product quality gate; prerender; add unique dimensions, room fit, material, care, delivery/access and image metadata; condition Offer","P2"
"https://luckyinteriorsfurniture.com/products/bita-office-table","product","Indexable after JS; raw HTML canonical points to homepage; quality approval recommended","200","https://luckyinteriorsfurniture.com/products/bita-office-table","Bita – Office Table | Lucky Interiors Furniture","Bita is very unique style of Executive table mainly can be used in Boss cabin or Executive cabin. The main beauty is the post-forming top and both sides wi...","Bita – Office Table","Details and specifications; Highlights; Construction; Related Products; Visit the store","Approximately 130 product-specific words plus shared template copy","Bita – Office Table","Client-rendered Product + Offer + Breadcrumb + global FurnitureStore","Breadcrumb to Office Furniture; related products; WhatsApp; phone; map","Raw HTML is homepage shell/canonical until JS; availability claim requires update ownership; Product/Offer and global FurnitureStore schema are client-only and may contain unsupported fields","Verify source/rights/facts; apply product quality gate; prerender; add unique dimensions, room fit, material, care, delivery/access and image metadata; condition Offer","P2"
"https://luckyinteriorsfurniture.com/products/alpha-office-table","product","Indexable after JS; raw HTML canonical points to homepage; quality approval recommended","200","https://luckyinteriorsfurniture.com/products/alpha-office-table","Minion (White/brown) | Lucky Interiors Furniture","Alpha is very unique style of Executive table mainly can be use in Boss cabin or Executive cabin. The main beauty is postforming top with given double thic...","Minion (White/brown)","Details and specifications; Highlights; Construction; Related Products; Visit the store","Approximately 125 product-specific words plus shared template copy","Minion (White/brown)","Client-rendered Product + Offer + Breadcrumb + global FurnitureStore","Breadcrumb to Office Furniture; related products; WhatsApp; phone; map","Raw HTML is homepage shell/canonical until JS; availability claim requires update ownership; Product/Offer and global FurnitureStore schema are client-only and may contain unsupported fields","Verify source/rights/facts; apply product quality gate; prerender; add unique dimensions, room fit, material, care, delivery/access and image metadata; condition Offer","P2"
"https://luckyinteriorsfurniture.com/products/aldo-revolving-chair","product","Indexable after JS; raw HTML canonical points to homepage; quality approval recommended","200","https://luckyinteriorsfurniture.com/products/aldo-revolving-chair","ALDO – REVOLVING CHAIR | Lucky Interiors Furniture","Aldo is medium back , computer chair used in office also as staff chair, or used in ressidence as study chair., everywhere its comfortable. The chair is wi...","ALDO – REVOLVING CHAIR","Details and specifications; Highlights; Construction; Related Products; Visit the store","Approximately 65 product-specific words plus shared template copy","ALDO – REVOLVING CHAIR","Client-rendered Product + Offer + Breadcrumb + global FurnitureStore","Breadcrumb to Office Furniture; related products; WhatsApp; phone; map","Raw HTML is homepage shell/canonical until JS; thin unique product content (~65 words); material requires verification; availability claim requires update ownership; Product/Offer and global FurnitureStore schema are client-only and may contain unsupported fields","Verify source/rights/facts; apply product quality gate; prerender; add unique dimensions, room fit, material, care, delivery/access and image metadata; condition Offer","P1 quality review"
"https://luckyinteriorsfurniture.com/products/castle-dining-table-1-4","product","Indexable after JS; raw HTML canonical points to homepage; quality approval recommended","200","https://luckyinteriorsfurniture.com/products/castle-dining-table-1-4","Castle – Dining Table | Lucky Interiors Furniture","It is Six Seater Dining ,give a gorgeous look to your Dining Room. Material : Marble and Wood Color : Brown Style : Modern Material: Wood finish. Dimension...","Castle – Dining Table","Details and specifications; Highlights; Construction; Related Products; Visit the store","Approximately 69 product-specific words plus shared template copy","Castle – Dining Table","Client-rendered Product + Offer + Breadcrumb + global FurnitureStore","Breadcrumb to Dining Sets; related products; WhatsApp; phone; map","Raw HTML is homepage shell/canonical until JS; thin unique product content (~69 words); availability claim requires update ownership; Product/Offer and global FurnitureStore schema are client-only and may contain unsupported fields","Verify source/rights/facts; apply product quality gate; prerender; add unique dimensions, room fit, material, care, delivery/access and image metadata; condition Offer","P1 quality review"
"https://luckyinteriorsfurniture.com/products/bent-dining-table-set","product","Indexable after JS; raw HTML canonical points to homepage; quality approval recommended","200","https://luckyinteriorsfurniture.com/products/bent-dining-table-set","Bent – Dining Table Set | Lucky Interiors Furniture","Material : Indian Teak wood + Imported artificial marble top Color : Black/brown/wooden polish available Style : Modern Material: Wood finish. Dimensions:...","Bent – Dining Table Set","Details and specifications; Highlights; Construction; Related Products; Visit the store","Approximately 70 product-specific words plus shared template copy","Bent – Dining Table Set","Client-rendered Product + Offer + Breadcrumb + global FurnitureStore","Breadcrumb to Dining Sets; related products; WhatsApp; phone; map","Raw HTML is homepage shell/canonical until JS; thin unique product content (~70 words); availability claim requires update ownership; Product/Offer and global FurnitureStore schema are client-only and may contain unsupported fields","Verify source/rights/facts; apply product quality gate; prerender; add unique dimensions, room fit, material, care, delivery/access and image metadata; condition Offer","P1 quality review"
"https://luckyinteriorsfurniture.com/products/axis-wooden-dining-set-1-4","product","Indexable after JS; raw HTML canonical points to homepage; quality approval recommended","200","https://luckyinteriorsfurniture.com/products/axis-wooden-dining-set-1-4","AXIS – DINING SET | Lucky Interiors Furniture","‘-Axis is compact square dining table with interesting set of four chairs. This is Imported dining with Glass top. Glass colour available white – black / c...","AXIS – DINING SET","Details and specifications; Highlights; Construction; Related Products; Visit the store","Approximately 94 product-specific words plus shared template copy","AXIS – DINING SET","Client-rendered Product + Offer + Breadcrumb + global FurnitureStore","Breadcrumb to Dining Sets; related products; WhatsApp; phone; map","Raw HTML is homepage shell/canonical until JS; thin unique product content (~94 words); material requires verification; availability claim requires update ownership; Product/Offer and global FurnitureStore schema are client-only and may contain unsupported fields","Verify source/rights/facts; apply product quality gate; prerender; add unique dimensions, room fit, material, care, delivery/access and image metadata; condition Offer","P1 quality review"
"https://luckyinteriorsfurniture.com/products/avon-wooden-dining-set-1-6","product","Indexable after JS; raw HTML canonical points to homepage; quality approval recommended","200","https://luckyinteriorsfurniture.com/products/avon-wooden-dining-set-1-6","Avon – Wooden Dining Set | Lucky Interiors Furniture","‘-Avon is best Rectangle dining set for the modern look in the dining room with Artificial Marble top Indian Dining set. This is Six Seater Dining Set. Mat...","Avon – Wooden Dining Set","Details and specifications; Highlights; Construction; Related Products; Visit the store","Approximately 81 product-specific words plus shared template copy","Avon – Wooden Dining Set","Client-rendered Product + Offer + Breadcrumb + global FurnitureStore","Breadcrumb to Dining Sets; related products; WhatsApp; phone; map","Raw HTML is homepage shell/canonical until JS; thin unique product content (~81 words); availability claim requires update ownership; Product/Offer and global FurnitureStore schema are client-only and may contain unsupported fields","Verify source/rights/facts; apply product quality gate; prerender; add unique dimensions, room fit, material, care, delivery/access and image metadata; condition Offer","P1 quality review"
"https://luckyinteriorsfurniture.com/products/diana-wooden-dining-set-1-4","product","Indexable after JS; raw HTML canonical points to homepage; quality approval recommended","200","https://luckyinteriorsfurniture.com/products/diana-wooden-dining-set-1-4","DIANA – DINING SET | Lucky Interiors Furniture","This is Indian made teak wood dining with marble top. Delivery time 20 to 25 days. Material: Wood finish. Dimensions: Table Size : L 48* W 36 * H 30 Inch;...","DIANA – DINING SET","Details and specifications; Highlights; Construction; Related Products; Visit the store","Approximately 69 product-specific words plus shared template copy","DIANA – DINING SET","Client-rendered Product + Offer + Breadcrumb + global FurnitureStore","Breadcrumb to Dining Sets; related products; WhatsApp; phone; map","Raw HTML is homepage shell/canonical until JS; thin unique product content (~69 words); availability claim requires update ownership; Product/Offer and global FurnitureStore schema are client-only and may contain unsupported fields","Verify source/rights/facts; apply product quality gate; prerender; add unique dimensions, room fit, material, care, delivery/access and image metadata; condition Offer","P1 quality review"
"https://luckyinteriorsfurniture.com/products/chica-2-door-bedroom-set","product","Indexable after JS; raw HTML canonical points to homepage; quality approval recommended","200","https://luckyinteriorsfurniture.com/products/chica-2-door-bedroom-set","Chica – 2 Door Bedroom Set | Lucky Interiors Furniture","Material : Compressed Wood Color Available : Dark Wenge, Brown Style : Modern Material: Wood finish. Dimensions: Size: L 61 W 78 H 33 ( Refer to image for...","Chica – 2 Door Bedroom Set","Details and specifications; Highlights; Construction; Related Products; Visit the store","Approximately 122 product-specific words plus shared template copy","Chica – 2 Door Bedroom Set","Client-rendered Product + Offer + Breadcrumb + global FurnitureStore","Breadcrumb to Bedroom Sets; related products; WhatsApp; phone; map","Raw HTML is homepage shell/canonical until JS; availability claim requires update ownership; Product/Offer and global FurnitureStore schema are client-only and may contain unsupported fields","Verify source/rights/facts; apply product quality gate; prerender; add unique dimensions, room fit, material, care, delivery/access and image metadata; condition Offer","P2"
"https://luckyinteriorsfurniture.com/products/quora-double-bed","product","Indexable after JS; raw HTML canonical points to homepage; quality approval recommended","200","https://luckyinteriorsfurniture.com/products/quora-double-bed","QUORA – DOUBLE BED | Lucky Interiors Furniture","Material : Compressed Wood Color Available : Dark Wenge & Brown Style : Modern Material: Wood finish. Dimensions: Size : King L 60 W 78 H 33 ( Refer to ima...","QUORA – DOUBLE BED","Details and specifications; Highlights; Construction; Related Products; Visit the store","Approximately 61 product-specific words plus shared template copy","QUORA – DOUBLE BED","Client-rendered Product + Offer + Breadcrumb + global FurnitureStore","Breadcrumb to Bedroom Sets; related products; WhatsApp; phone; map","Raw HTML is homepage shell/canonical until JS; thin unique product content (~61 words); availability claim requires update ownership; Product/Offer and global FurnitureStore schema are client-only and may contain unsupported fields","Verify source/rights/facts; apply product quality gate; prerender; add unique dimensions, room fit, material, care, delivery/access and image metadata; condition Offer","P1 quality review"
"https://luckyinteriorsfurniture.com/products/wenna-double-bed","product","Indexable after JS; raw HTML canonical points to homepage; quality approval recommended","200","https://luckyinteriorsfurniture.com/products/wenna-double-bed","WENNA – DOUBLE BED | Lucky Interiors Furniture","Material : Compressed Wood Color Available : Dark Wenge & Brown Style : Modern Material: Wood finish. Dimensions: Size : King L 72 W 78 H 33 ( Refer to ima...","WENNA – DOUBLE BED","Details and specifications; Highlights; Construction; Related Products; Visit the store","Approximately 61 product-specific words plus shared template copy","WENNA – DOUBLE BED","Client-rendered Product + Offer + Breadcrumb + global FurnitureStore","Breadcrumb to Bedroom Sets; related products; WhatsApp; phone; map","Raw HTML is homepage shell/canonical until JS; thin unique product content (~61 words); availability claim requires update ownership; Product/Offer and global FurnitureStore schema are client-only and may contain unsupported fields","Verify source/rights/facts; apply product quality gate; prerender; add unique dimensions, room fit, material, care, delivery/access and image metadata; condition Offer","P1 quality review"
"https://luckyinteriorsfurniture.com/products/chica-single-bed","product","Indexable after JS; raw HTML canonical points to homepage; quality approval recommended","200","https://luckyinteriorsfurniture.com/products/chica-single-bed","Linea Single Bed | Lucky Interiors Furniture","Material : Compressed Wood / Particle board. Color Available : Dark Wenge & Brown Style : Modern Material: Wood finish. Dimensions: Size : King L 36 W 78 H...","Linea Single Bed","Details and specifications; Highlights; Construction; Related Products; Visit the store","Approximately 63 product-specific words plus shared template copy","Linea Single Bed","Client-rendered Product + Offer + Breadcrumb + global FurnitureStore","Breadcrumb to Bedroom Sets; related products; WhatsApp; phone; map","Raw HTML is homepage shell/canonical until JS; thin unique product content (~63 words); availability claim requires update ownership; Product/Offer and global FurnitureStore schema are client-only and may contain unsupported fields","Verify source/rights/facts; apply product quality gate; prerender; add unique dimensions, room fit, material, care, delivery/access and image metadata; condition Offer","P1 quality review"
"https://luckyinteriorsfurniture.com/products/casey-single-bed","product","Indexable after JS; raw HTML canonical points to homepage; quality approval recommended","200","https://luckyinteriorsfurniture.com/products/casey-single-bed","Casey – Double Bed | Lucky Interiors Furniture","Material : Compressed Wood / Particle board. Color Available : Dark Wenge & Brown Style : Modern Material: Wood finish. Dimensions: Size : King L 73 W 78 H...","Casey – Double Bed","Details and specifications; Highlights; Construction; Related Products; Visit the store","Approximately 63 product-specific words plus shared template copy","Casey – Double Bed","Client-rendered Product + Offer + Breadcrumb + global FurnitureStore","Breadcrumb to Beds; related products; WhatsApp; phone; map","Raw HTML is homepage shell/canonical until JS; thin unique product content (~63 words); availability claim requires update ownership; Product/Offer and global FurnitureStore schema are client-only and may contain unsupported fields","Verify source/rights/facts; apply product quality gate; prerender; add unique dimensions, room fit, material, care, delivery/access and image metadata; condition Offer","P1 quality review"
"https://luckyinteriorsfurniture.com/products/lexus-bedroom-set","product","Indexable after JS; raw HTML canonical points to homepage; quality approval recommended","200","https://luckyinteriorsfurniture.com/products/lexus-bedroom-set","LEXUS – BEDROOM SET | Lucky Interiors Furniture","LEXUS DOUBLE BED Material: Wood finish. Dimensions: Size : L 60 W 78 H 32 ( Refer to image for dimensions ); Size : L 48 W 19.6 H 75 ( Refer to image for d...","LEXUS – BEDROOM SET","Details and specifications; Highlights; Construction; Related Products; Visit the store","Approximately 112 product-specific words plus shared template copy","LEXUS – BEDROOM SET","Client-rendered Product + Offer + Breadcrumb + global FurnitureStore","Breadcrumb to Bedroom Sets; related products; WhatsApp; phone; map","Raw HTML is homepage shell/canonical until JS; availability claim requires update ownership; Product/Offer and global FurnitureStore schema are client-only and may contain unsupported fields","Verify source/rights/facts; apply product quality gate; prerender; add unique dimensions, room fit, material, care, delivery/access and image metadata; condition Offer","P2"